date,card_id,name,supertype,decks,wins,copies,day_decks
2026-07-08,164,Comfey,Pokémon,411,178,1644,10394
2026-07-08,689,Yveltal,Pokémon,659,345,881,10394
2026-07-08,343,Shaymin,Pokémon,1482,706,1489,10394
2026-07-08,1152,Poké Pad,Trainer,8706,4303,34515,10394
2026-07-08,1086,Buddy-Buddy Poffin,Trainer,8683,4342,33984,10394
2026-07-08,1097,Night Stretcher,Trainer,7662,3757,18722,10394
2026-07-08,1122,Pokégear 3.0,Trainer,2542,1286,8787,10394
2026-07-08,1120,Crushing Hammer,Trainer,1380,697,4432,10394
2026-07-08,1161,Handheld Fan,Trainer,1309,627,2168,10394
2026-07-08,1227,Lillie's Determination,Trainer,6785,3431,26996,10394
2026-07-08,1182,Boss’s Orders,Trainer,8724,4312,22883,10394
2026-07-08,1194,Colress’s Tenacity,Trainer,581,293,1686,10394
2026-07-08,1228,Acerola's Mischief,Trainer,309,140,1188,10394
2026-07-08,1197,Xerosic’s Machinations,Trainer,6271,3194,10908,10394
2026-07-08,1247,Neutralization Zone,Trainer,720,342,720,10394
2026-07-08,5,Basic {P} Energy,Energy,4309,2077,11905,10394
2026-07-08,19,Telepath Psychic Energy,Energy,3703,1765,14803,10394
2026-07-08,16,Prism Energy,Energy,1010,517,3918,10394
2026-07-08,13,Enriching Energy,Energy,3314,1599,3314,10394
2026-07-08,66,Dudunsparce,Pokémon,4351,2147,12432,10394
2026-07-08,305,Dunsparce,Pokémon,3779,1897,12867,10394
2026-07-08,741,Abra,Pokémon,3288,1585,13152,10394
2026-07-08,742,Kadabra,Pokémon,3288,1585,13152,10394
2026-07-08,743,Alakazam,Pokémon,3288,1585,12691,10394
2026-07-08,1079,Rare Candy,Trainer,5292,2553,18439,10394
2026-07-08,1081,Enhanced Hammer,Trainer,3488,1664,12365,10394
2026-07-08,1129,Sacred Ash,Trainer,3337,1608,3703,10394
2026-07-08,1184,Lana’s Aid,Trainer,3280,1582,3408,10394
2026-07-08,1225,Hilda,Trainer,5827,2947,20524,10394
2026-07-08,1231,Dawn,Trainer,4926,2393,17166,10394
2026-07-08,1264,Battle Cage,Trainer,3375,1621,5139,10394
2026-07-08,1,Basic {G} Energy,Energy,1798,946,8423,10394
2026-07-08,3,Basic {W} Energy,Energy,1493,822,8057,10394
2026-07-08,6,Basic {F} Energy,Energy,2334,1223,14047,10394
2026-07-08,7,Basic {D} Energy,Energy,2341,1168,19724,10394
2026-07-08,18,Grow Grass Energy,Energy,1349,704,4732,10394
2026-07-08,112,Munkidori,Pokémon,2560,1261,8557,10394
2026-07-08,117,Cornerstone Mask Ogerpon ex,Pokémon,736,353,1074,10394
2026-07-08,344,Dwebble,Pokémon,1364,709,4721,10394
2026-07-08,345,Crustle,Pokémon,1364,709,4712,10394
2026-07-08,414,Team Rocket's Articuno,Pokémon,710,384,1211,10394
2026-07-08,1147,Jumbo Ice Cream,Trainer,1516,770,5830,10394
2026-07-08,1159,Hero’s Cape,Trainer,3584,1876,3584,10394
2026-07-08,1198,Crispin,Trainer,942,499,3459,10394
2026-07-08,1210,Brock’s Scouting,Trainer,333,185,1330,10394
2026-07-08,1236,Urbain,Trainer,332,185,1328,10394
2026-07-08,11,Mist Energy,Energy,1102,558,4408,10394
2026-07-08,14,Spiky Energy,Energy,1086,552,4275,10394
2026-07-08,756,Mega Kangaskhan ex,Pokémon,1169,616,4602,10394
2026-07-08,1087,Hand Trimmer,Trainer,780,410,803,10394
2026-07-08,1121,Ultra Ball,Trainer,2851,1508,7178,10394
2026-07-08,1123,Switch,Trainer,1405,685,3086,10394
2026-07-08,1186,Eri,Trainer,1105,568,1906,10394
2026-07-08,1204,Lisia’s Appeal,Trainer,549,299,564,10394
2026-07-08,1219,Team Rocket's Petrel,Trainer,1562,737,5886,10394
2026-07-08,1242,Community Center,Trainer,663,362,663,10394
2026-07-08,1257,Team Rocket's Factory,Trainer,784,427,1024,10394
2026-07-08,65,Dunsparce,Pokémon,616,262,2234,10394
2026-07-08,140,Fezandipiti ex,Pokémon,2374,1226,2439,10394
2026-07-08,2,Basic {R} Energy,Energy,270,129,968,10394
2026-07-08,119,Dreepy,Pokémon,270,129,1080,10394
2026-07-08,120,Drakloak,Pokémon,270,129,1080,10394
2026-07-08,121,Dragapult ex,Pokémon,270,129,810,10394
2026-07-08,184,Latias ex,Pokémon,457,245,800,10394
2026-07-08,235,Budew,Pokémon,715,379,873,10394
2026-07-08,1071,Meowth ex,Pokémon,617,317,1301,10394
2026-07-08,1080,Unfair Stamp,Trainer,1772,856,1772,10394
2026-07-08,1213,Judge,Trainer,1106,599,2502,10394
2026-07-08,1246,Jamming Tower,Trainer,126,64,242,10394
2026-07-08,666,Cinderace,Pokémon,489,255,1956,10394
2026-07-08,1030,Staryu,Pokémon,712,407,2485,10394
2026-07-08,1031,Mega Starmie ex,Pokémon,712,407,2137,10394
2026-07-08,1145,Mega Signal,Trainer,410,228,1490,10394
2026-07-08,1189,Salvatore,Trainer,362,206,1425,10394
2026-07-08,1223,Harlequin,Trainer,335,193,670,10394
2026-07-08,1229,Wally's Compassion,Trainer,1268,665,4212,10394
2026-07-08,17,Ignition Energy,Energy,688,397,2748,10394
2026-07-08,116,Okidogi,Pokémon,448,229,1344,10394
2026-07-08,135,Bloodmoon Ursaluna,Pokémon,237,142,237,10394
2026-07-08,675,Lunatone,Pokémon,891,432,1967,10394
2026-07-08,676,Solrock,Pokémon,891,432,2886,10394
2026-07-08,1051,Binacle,Pokémon,448,229,896,10394
2026-07-08,1052,Barbaracle,Pokémon,448,229,896,10394
2026-07-08,1142,Fighting Gong,Trainer,1632,842,6486,10394
2026-07-08,1174,Air Balloon,Trainer,553,275,1215,10394
2026-07-08,1238,Tarragon,Trainer,448,229,1133,10394
2026-07-08,1212,Cook,Trainer,309,150,849,10394
2026-07-08,646,Marnie's Impidimp,Pokémon,1733,850,6932,10394
2026-07-08,647,Marnie's Morgrem,Pokémon,1733,850,4578,10394
2026-07-08,648,Marnie's Grimmsnarl ex,Pokémon,1733,850,5760,10394
2026-07-08,1137,Tool Scrapper,Trainer,1126,567,1126,10394
2026-07-08,1259,Spikemuth Gym,Trainer,1733,850,6193,10394
2026-07-08,1260,Risky Ruins,Trainer,548,305,752,10394
2026-07-08,649,Marnie's Morpeko,Pokémon,548,289,735,10394
2026-07-08,1119,Energy Search,Trainer,615,290,921,10394
2026-07-08,1139,Energy Recycler,Trainer,538,286,538,10394
2026-07-08,1187,Morty’s Conviction,Trainer,218,91,851,10394
2026-07-08,1118,Energy Retrieval,Trainer,213,88,213,10394
2026-07-08,12,Legacy Energy,Energy,267,114,267,10394
2026-07-08,190,Archaludon ex,Pokémon,360,174,1440,10394
2026-07-08,169,Duraludon,Pokémon,360,174,1440,10394
2026-07-08,57,Relicanth,Pokémon,294,148,490,10394
2026-07-08,8,Basic {M} Energy,Energy,360,174,4698,10394
2026-07-08,1192,Carmine,Trainer,870,460,2820,10394
2026-07-08,1244,Full Metal Lab,Trainer,360,174,1404,10394
2026-07-08,431,Team Rocket's Mewtwo ex,Pokémon,120,64,240,10394
2026-07-08,400,Team Rocket's Tarountula,Pokémon,120,64,480,10394
2026-07-08,401,Team Rocket's Spidops,Pokémon,120,64,480,10394
2026-07-08,434,Team Rocket's Mimikyu,Pokémon,120,64,240,10394
2026-07-08,1217,Team Rocket's Archer,Trainer,120,64,120,10394
2026-07-08,1218,Team Rocket's Giovanni,Trainer,120,64,360,10394
2026-07-08,1094,Bug Catching Set,Trainer,120,64,360,10394
2026-07-08,1134,Team Rocket's Transceiver,Trainer,186,87,546,10394
2026-07-08,1216,Team Rocket's Ariana,Trainer,120,64,480,10394
2026-07-08,1220,Team Rocket's Proton,Trainer,120,64,480,10394
2026-07-08,1175,Brave Bangle,Trainer,120,64,138,10394
2026-07-08,15,Team Rocket's Energy,Energy,120,64,480,10394
2026-07-08,131,Duskull,Pokémon,350,201,700,10394
2026-07-08,132,Dusclops,Pokémon,350,201,700,10394
2026-07-08,133,Dusknoir,Pokémon,350,201,699,10394
2026-07-08,1167,Deluxe Bomb,Trainer,349,201,349,10394
2026-07-08,104,Froslass,Pokémon,814,336,1628,10394
2026-07-08,860,Snorunt,Pokémon,870,367,1863,10394
2026-07-08,678,Mega Lucario ex,Pokémon,443,203,1753,10394
2026-07-08,677,Riolu,Pokémon,443,203,1763,10394
2026-07-08,1102,Dusk Ball,Trainer,499,226,1858,10394
2026-07-08,1141,Premium Power Pro,Trainer,493,228,1840,10394
2026-07-08,20,Rock Fighting Energy,Energy,1046,556,3886,10394
2026-07-08,96,Teal Mask Ogerpon ex,Pokémon,517,266,1371,10394
2026-07-08,1235,Waitress,Trainer,180,82,540,10394
2026-07-08,97,Litwick,Pokémon,150,60,450,10394
2026-07-08,494,Lampent,Pokémon,150,60,300,10394
2026-07-08,98,Chandelure,Pokémon,150,60,450,10394
2026-07-08,1166,Gravity Gemstone,Trainer,203,81,407,10394
2026-07-08,341,Cynthia's Roselia,Pokémon,726,405,2904,10394
2026-07-08,342,Cynthia's Roserade,Pokémon,726,405,2225,10394
2026-07-08,381,Cynthia's Garchomp ex,Pokémon,726,405,2178,10394
2026-07-08,379,Cynthia's Gible,Pokémon,726,405,2904,10394
2026-07-08,380,Cynthia's Gabite,Pokémon,726,405,2904,10394
2026-07-08,387,Cynthia's Spiritomb,Pokémon,678,382,1354,10394
2026-07-08,1173,Cynthia's Power Weight,Trainer,726,405,2268,10394
2026-07-08,1203,Surfer,Trainer,676,380,715,10394
2026-07-08,1261,Forest of Vitality,Trainer,684,385,1328,10394
2026-07-08,63,Raging Bolt ex,Pokémon,337,184,674,10394
2026-07-08,108,Wellspring Mask Ogerpon ex,Pokémon,340,185,343,10394
2026-07-08,272,Lillie’s Clefairy ex,Pokémon,340,185,411,10394
2026-07-08,1205,Cyrano,Trainer,340,185,677,10394
2026-07-08,1116,Energy Switch,Trainer,439,238,1450,10394
2026-07-08,1098,Glass Trumpet,Trainer,337,184,674,10394
2026-07-08,1088,Prime Catcher,Trainer,340,185,340,10394
2026-07-08,1250,Area Zero Underdepths,Trainer,340,185,1360,10394
2026-07-08,4,Basic {L} Energy,Energy,337,184,674,10394
2026-07-08,1266,Nighttime Mine,Trainer,434,218,1318,10394
2026-07-08,673,Makuhita,Pokémon,146,62,181,10394
2026-07-08,674,Hariyama,Pokémon,146,62,181,10394
2026-07-08,1252,Gravity Mountain,Trainer,148,64,176,10394
2026-07-08,1146,Wondrous Patch,Trainer,339,160,345,10394
2026-07-08,506,Cubchoo,Pokémon,62,23,248,10394
2026-07-08,174,Fan Rotom,Pokémon,172,78,220,10394
2026-07-08,1091,Accompanying Flute,Trainer,52,21,52,10394
2026-07-08,959,Togepi,Pokémon,110,46,110,10394
2026-07-08,214,Togekiss,Pokémon,110,46,110,10394
2026-07-08,306,Dudunsparce ex,Pokémon,152,69,152,10394
2026-07-08,1240,Rosa's Encouragement,Trainer,152,69,152,10394
2026-07-08,861,Mega Froslass ex,Pokémon,73,34,244,10394
2026-07-08,1185,Explorer’s Guidance,Trainer,167,66,668,10394
2026-07-08,848,Buneary,Pokémon,69,33,276,10394
2026-07-08,849,Mega Lopunny ex,Pokémon,69,33,207,10394
2026-07-08,1202,Drayton,Trainer,140,58,280,10394
2026-07-08,1206,Larry’s Skill,Trainer,159,83,161,10394
2026-07-08,1256,Team Rocket's Watchtower,Trainer,42,21,162,10394
2026-07-08,840,Archaludon,Pokémon,3,1,6,10394
2026-07-08,1156,Lucky Helmet,Trainer,42,16,77,10394
2026-07-08,1224,Cheren,Trainer,2,2,2,10394
2026-07-08,142,Genesect,Pokémon,7,3,7,10394
2026-07-08,858,Psyduck,Pokémon,13,4,13,10394
2026-07-08,56,Flutter Mane,Pokémon,12,4,12,10394
2026-07-08,58,Great Tusk,Pokémon,22,7,67,10394
2026-07-08,607,Terrakion,Pokémon,15,5,15,10394
2026-07-08,103,Snorunt,Pokémon,17,3,34,10394
2026-07-08,1208,Iris’s Fighting Spirit,Trainer,47,20,94,10394
2026-07-08,1095,Dangerous Laser,Trainer,39,21,39,10394
2026-07-08,304,Hop’s Snorlax,Pokémon,1,1,4,10394
2026-07-08,878,Hop's Phantump,Pokémon,1,1,4,10394
2026-07-08,879,Hop's Trevenant,Pokémon,1,1,4,10394
2026-07-08,1115,Hop’s Bag,Trainer,1,1,4,10394
2026-07-08,1171,Hop’s Choice Band,Trainer,1,1,4,10394
2026-07-08,1193,Hassel,Trainer,1,1,3,10394
2026-07-08,1255,Postwick,Trainer,1,1,4,10394
2026-07-08,1077,Roto-Stick,Trainer,23,10,69,10394
2026-07-08,245,Alakazam,Pokémon,104,60,104,10394
2026-07-08,791,Moltres,Pokémon,1,0,1,10394
2026-07-08,979,Koraidon ex,Pokémon,3,1,3,10394
2026-07-08,1188,Ciphermaniac’s Codebreaking,Trainer,3,1,6,10394
2026-07-08,1172,Lillie’s Pearl,Trainer,3,1,6,10394
2026-07-08,1158,Maximum Belt,Trainer,7,3,7,10394
2026-07-08,1177,Sacred Charm,Trainer,8,6,8,10394
2026-08-05,1,Basic {G} Energy,Energy,2254,1118,19456,9474
2026-08-05,18,Grow Grass Energy,Energy,1526,743,4874,9474
2026-08-05,96,Teal Mask Ogerpon ex,Pokémon,1091,544,4156,9474
2026-08-05,1094,Bug Catching Set,Trainer,1217,592,4734,9474
2026-08-05,1118,Energy Retrieval,Trainer,662,315,1004,9474
2026-08-05,1119,Energy Search,Trainer,621,295,1798,9474
2026-08-05,1122,Pokégear 3.0,Trainer,5591,2739,11951,9474
2026-08-05,1127,Tera Orb,Trainer,672,330,1923,9474
2026-08-05,1137,Tool Scrapper,Trainer,3396,1583,3396,9474
2026-08-05,1147,Jumbo Ice Cream,Trainer,1530,745,5015,9474
2026-08-05,1159,Hero’s Cape,Trainer,1884,963,1884,9474
2026-08-05,1182,Boss’s Orders,Trainer,8994,4484,21939,9474
2026-08-05,1201,Briar,Trainer,723,361,723,9474
2026-08-05,1213,Judge,Trainer,1765,927,4712,9474
2026-08-05,1221,N's Plan,Trainer,551,272,551,9474
2026-08-05,1223,Harlequin,Trainer,593,287,900,9474
2026-08-05,1227,Lillie's Determination,Trainer,7372,3674,29395,9474
2026-08-05,1251,Lively Stadium,Trainer,593,287,1319,9474
2026-08-05,5,Basic {P} Energy,Energy,2775,1432,7144,9474
2026-08-05,13,Enriching Energy,Energy,2975,1547,2975,9474
2026-08-05,19,Telepath Psychic Energy,Energy,2041,1037,8083,9474
2026-08-05,66,Dudunsparce,Pokémon,3164,1653,8072,9474
2026-08-05,140,Fezandipiti ex,Pokémon,3010,1561,3010,9474
2026-08-05,305,Dunsparce,Pokémon,2944,1532,9901,9474
2026-08-05,343,Shaymin,Pokémon,1874,946,1874,9474
2026-08-05,741,Abra,Pokémon,1825,912,7300,9474
2026-08-05,742,Kadabra,Pokémon,1825,912,7300,9474
2026-08-05,743,Alakazam,Pokémon,1825,912,7247,9474
2026-08-05,1079,Rare Candy,Trainer,4726,2236,14363,9474
2026-08-05,1081,Enhanced Hammer,Trainer,1825,912,7178,9474
2026-08-05,1086,Buddy-Buddy Poffin,Trainer,7777,3838,30066,9474
2026-08-05,1097,Night Stretcher,Trainer,6320,3078,14072,9474
2026-08-05,1129,Sacred Ash,Trainer,2025,1024,2029,9474
2026-08-05,1152,Poké Pad,Trainer,7859,3934,30635,9474
2026-08-05,1184,Lana’s Aid,Trainer,1992,985,2005,9474
2026-08-05,1197,Xerosic’s Machinations,Trainer,3581,1815,8447,9474
2026-08-05,1225,Hilda,Trainer,4250,2180,14877,9474
2026-08-05,1231,Dawn,Trainer,5409,2591,11256,9474
2026-08-05,1266,Nighttime Mine,Trainer,1519,764,3001,9474
2026-08-05,11,Mist Energy,Energy,1971,1043,7884,9474
2026-08-05,14,Spiky Energy,Energy,1258,642,4359,9474
2026-08-05,174,Fan Rotom,Pokémon,1154,649,1154,9474
2026-08-05,848,Buneary,Pokémon,1235,692,3422,9474
2026-08-05,849,Mega Lopunny ex,Pokémon,1235,692,2935,9474
2026-08-05,1121,Ultra Ball,Trainer,3062,1685,11108,9474
2026-08-05,1174,Air Balloon,Trainer,1282,706,4123,9474
2026-08-05,1229,Wally's Compassion,Trainer,1608,909,5785,9474
2026-08-05,344,Dwebble,Pokémon,857,415,3287,9474
2026-08-05,345,Crustle,Pokémon,857,415,2936,9474
2026-08-05,756,Mega Kangaskhan ex,Pokémon,1224,623,3730,9474
2026-08-05,1087,Hand Trimmer,Trainer,1022,548,2308,9474
2026-08-05,1123,Switch,Trainer,1300,686,2857,9474
2026-08-05,1264,Battle Cage,Trainer,1874,968,4516,9474
2026-08-05,678,Mega Lucario ex,Pokémon,365,224,1460,9474
2026-08-05,677,Riolu,Pokémon,365,224,1143,9474
2026-08-05,676,Solrock,Pokémon,446,270,1306,9474
2026-08-05,675,Lunatone,Pokémon,446,270,900,9474
2026-08-05,1102,Dusk Ball,Trainer,59,29,235,9474
2026-08-05,1141,Premium Power Pro,Trainer,374,227,1476,9474
2026-08-05,1142,Fighting Gong,Trainer,636,356,2535,9474
2026-08-05,6,Basic {F} Energy,Energy,867,490,6751,9474
2026-08-05,20,Rock Fighting Energy,Energy,617,289,1820,9474
2026-08-05,7,Basic {D} Energy,Energy,3534,1660,29974,9474
2026-08-05,104,Froslass,Pokémon,2853,1299,5707,9474
2026-08-05,112,Munkidori,Pokémon,3501,1644,12683,9474
2026-08-05,646,Marnie's Impidimp,Pokémon,2839,1290,11349,9474
2026-08-05,647,Marnie's Morgrem,Pokémon,2839,1290,8434,9474
2026-08-05,648,Marnie's Grimmsnarl ex,Pokémon,2839,1290,8517,9474
2026-08-05,860,Snorunt,Pokémon,3463,1642,6961,9474
2026-08-05,1080,Unfair Stamp,Trainer,3968,1868,3968,9474
2026-08-05,1219,Team Rocket's Petrel,Trainer,3238,1471,12828,9474
2026-08-05,1259,Spikemuth Gym,Trainer,2839,1290,11356,9474
2026-08-05,1161,Handheld Fan,Trainer,270,117,491,9474
2026-08-05,3,Basic {W} Energy,Energy,914,517,2357,9474
2026-08-05,861,Mega Froslass ex,Pokémon,624,352,1248,9474
2026-08-05,431,Team Rocket's Mewtwo ex,Pokémon,122,57,244,9474
2026-08-05,400,Team Rocket's Tarountula,Pokémon,122,57,488,9474
2026-08-05,401,Team Rocket's Spidops,Pokémon,122,57,488,9474
2026-08-05,434,Team Rocket's Mimikyu,Pokémon,97,51,273,9474
2026-08-05,414,Team Rocket's Articuno,Pokémon,267,134,495,9474
2026-08-05,1218,Team Rocket's Giovanni,Trainer,122,57,286,9474
2026-08-05,1134,Team Rocket's Transceiver,Trainer,123,58,490,9474
2026-08-05,1216,Team Rocket's Ariana,Trainer,122,57,487,9474
2026-08-05,1220,Team Rocket's Proton,Trainer,122,57,417,9474
2026-08-05,1187,Morty’s Conviction,Trainer,231,121,520,9474
2026-08-05,15,Team Rocket's Energy,Energy,122,57,488,9474
2026-08-05,1120,Crushing Hammer,Trainer,987,512,3831,9474
2026-08-05,2,Basic {R} Energy,Energy,592,319,2199,9474
2026-08-05,352,Ethan's Cyndaquil,Pokémon,14,9,56,9474
2026-08-05,353,Ethan's Quilava,Pokémon,14,9,56,9474
2026-08-05,354,Ethan's Typhlosion,Pokémon,14,9,56,9474
2026-08-05,1215,Ethan's Adventure,Trainer,14,9,56,9474
2026-08-05,89,Grookey,Pokémon,210,113,840,9474
2026-08-05,90,Thwackey,Pokémon,210,113,819,9474
2026-08-05,92,Applin,Pokémon,198,110,677,9474
2026-08-05,93,Dipplin,Pokémon,270,149,960,9474
2026-08-05,1175,Brave Bangle,Trainer,276,137,676,9474
2026-08-05,1245,Festival Grounds,Trainer,210,113,840,9474
2026-08-05,1030,Staryu,Pokémon,16,9,50,9474
2026-08-05,1031,Mega Starmie ex,Pokémon,16,9,48,9474
2026-08-05,1145,Mega Signal,Trainer,90,39,194,9474
2026-08-05,1189,Salvatore,Trainer,21,11,28,9474
2026-08-05,1224,Cheren,Trainer,15,9,30,9474
2026-08-05,1262,Surfing Beach,Trainer,14,9,56,9474
2026-08-05,673,Makuhita,Pokémon,321,204,642,9474
2026-08-05,674,Hariyama,Pokémon,321,204,642,9474
2026-08-05,380,Cynthia's Gabite,Pokémon,187,84,748,9474
2026-08-05,379,Cynthia's Gible,Pokémon,187,84,748,9474
2026-08-05,341,Cynthia's Roselia,Pokémon,187,84,739,9474
2026-08-05,381,Cynthia's Garchomp ex,Pokémon,187,84,561,9474
2026-08-05,342,Cynthia's Roserade,Pokémon,187,84,561,9474
2026-08-05,387,Cynthia's Spiritomb,Pokémon,187,84,370,9474
2026-08-05,1173,Cynthia's Power Weight,Trainer,187,84,561,9474
2026-08-05,1261,Forest of Vitality,Trainer,390,173,1204,9474
2026-08-05,1203,Surfer,Trainer,172,80,172,9474
2026-08-05,1071,Meowth ex,Pokémon,1061,575,1660,9474
2026-08-05,184,Latias ex,Pokémon,424,248,765,9474
2026-08-05,63,Raging Bolt ex,Pokémon,207,123,413,9474
2026-08-05,108,Wellspring Mask Ogerpon ex,Pokémon,207,123,208,9474
2026-08-05,272,Lillie’s Clefairy ex,Pokémon,321,190,407,9474
2026-08-05,978,Passimian,Pokémon,206,122,206,9474
2026-08-05,1198,Crispin,Trainer,814,446,2641,9474
2026-08-05,1205,Cyrano,Trainer,209,123,419,9474
2026-08-05,1116,Energy Switch,Trainer,268,146,890,9474
2026-08-05,1098,Glass Trumpet,Trainer,206,122,412,9474
2026-08-05,1088,Prime Catcher,Trainer,338,200,338,9474
2026-08-05,1250,Area Zero Underdepths,Trainer,240,144,863,9474
2026-08-05,4,Basic {L} Energy,Energy,207,123,416,9474
2026-08-05,119,Dreepy,Pokémon,577,309,2308,9474
2026-08-05,120,Drakloak,Pokémon,577,309,2308,9474
2026-08-05,121,Dragapult ex,Pokémon,577,309,1700,9474
2026-08-05,235,Budew,Pokémon,672,341,1062,9474
2026-08-05,1246,Jamming Tower,Trainer,496,269,898,9474
2026-08-05,31,Chi-Yu,Pokémon,32,21,34,9474
2026-08-05,324,Torchic,Pokémon,31,20,62,9474
2026-08-05,325,Combusken,Pokémon,31,20,31,9474
2026-08-05,326,Blaziken ex,Pokémon,31,20,62,9474
2026-08-05,1256,Team Rocket's Watchtower,Trainer,128,75,276,9474
2026-08-05,163,Slowking,Pokémon,132,78,528,9474
2026-08-05,162,Slowpoke,Pokémon,132,78,528,9474
2026-08-05,144,Kyurem,Pokémon,132,78,264,9474
2026-08-05,183,Smoochum,Pokémon,132,78,264,9474
2026-08-05,224,Annihilape,Pokémon,132,78,132,9474
2026-08-05,115,Conkeldurr,Pokémon,132,78,132,9474
2026-08-05,1248,Academy at Night,Trainer,132,78,528,9474
2026-08-05,1188,Ciphermaniac’s Codebreaking,Trainer,192,114,588,9474
2026-08-05,1194,Colress’s Tenacity,Trainer,519,263,907,9474
2026-08-05,1146,Wondrous Patch,Trainer,267,153,531,9474
2026-08-05,708,Chikorita,Pokémon,152,56,373,9474
2026-08-05,709,Bayleef,Pokémon,212,92,365,9474
2026-08-05,710,Meganium,Pokémon,212,92,424,9474
2026-08-05,402,Smoliv,Pokémon,83,28,166,9474
2026-08-05,403,Dolliv,Pokémon,83,28,166,9474
2026-08-05,404,Arboliva ex,Pokémon,83,28,166,9474
2026-08-05,117,Cornerstone Mask Ogerpon ex,Pokémon,599,299,732,9474
2026-08-05,24,Team Rocket's Kangaskhan ex,Pokémon,46,24,46,9474
2026-08-05,16,Prism Energy,Energy,188,101,561,9474
2026-08-05,1192,Carmine,Trainer,30,12,89,9474
2026-08-05,1252,Gravity Mountain,Trainer,55,28,88,9474
2026-08-05,1212,Cook,Trainer,29,11,30,9474
2026-08-05,1257,Team Rocket's Factory,Trainer,452,211,569,9474
2026-08-05,1260,Risky Ruins,Trainer,185,92,270,9474
2026-08-05,306,Dudunsparce ex,Pokémon,113,59,113,9474
2026-08-05,1240,Rosa's Encouragement,Trainer,7,1,7,9474
2026-08-05,149,Applin,Pokémon,72,39,102,9474
2026-08-05,1211,Black Belt’s Training,Trainer,13,3,13,9474
2026-08-05,1191,Kieran,Trainer,13,3,13,9474
2026-08-05,650,Bulbasaur,Pokémon,69,28,138,9474
2026-08-05,651,Ivysaur,Pokémon,69,28,138,9474
2026-08-05,652,Mega Venusaur ex,Pokémon,69,28,138,9474
2026-08-05,1217,Team Rocket's Archer,Trainer,42,16,43,9474
2026-08-05,959,Togepi,Pokémon,7,2,7,9474
2026-08-05,214,Togekiss,Pokémon,7,2,7,9474
2026-08-05,463,Team Rocket's Murkrow,Pokémon,25,6,50,9474
2026-08-05,432,Team Rocket's Wobbuffet,Pokémon,25,6,25,9474
2026-08-05,12,Legacy Energy,Energy,116,65,116,9474
2026-08-05,42,Applin,Pokémon,47,22,122,9474
2026-08-05,88,Volbeat,Pokémon,38,21,114,9474
2026-08-05,1126,Precious Trolley,Trainer,42,23,42,9474
2026-08-05,1172,Lillie’s Pearl,Trainer,2,1,6,9474
2026-08-05,804,Piplup,Pokémon,3,1,9,9474
2026-08-05,835,Empoleon ex,Pokémon,3,1,9,9474
2026-08-05,85,Beldum,Pokémon,3,1,6,9474
2026-08-05,86,Metang,Pokémon,3,1,6,9474
2026-08-05,547,Genesect ex,Pokémon,3,1,6,9474
2026-08-05,696,Dialga,Pokémon,3,1,4,9474
2026-08-05,1210,Brock’s Scouting,Trainer,29,13,107,9474
2026-08-05,1244,Full Metal Lab,Trainer,3,1,9,9474
2026-08-05,8,Basic {M} Energy,Energy,3,1,36,9474
2026-08-05,920,Tapu Bulu,Pokémon,108,53,109,9474
2026-08-05,65,Dunsparce,Pokémon,220,121,458,9474
2026-08-05,1186,Eri,Trainer,65,30,112,9474
2026-08-05,1204,Lisia’s Appeal,Trainer,47,19,49,9474
2026-08-05,1242,Community Center,Trainer,47,18,47,9474
2026-08-05,131,Duskull,Pokémon,3,0,6,9474
2026-08-05,132,Dusclops,Pokémon,3,0,5,9474
2026-08-05,133,Dusknoir,Pokémon,3,0,5,9474
2026-08-05,1167,Deluxe Bomb,Trainer,2,0,2,9474
2026-08-05,17,Ignition Energy,Energy,2,0,8,9474
2026-08-05,1247,Neutralization Zone,Trainer,80,45,80,9474
2026-08-05,1096,Poké Vital A,Trainer,52,23,52,9474
2026-08-05,317,Eevee,Pokémon,1,1,4,9474
2026-08-05,330,Sylveon,Pokémon,1,1,3,9474
2026-08-05,1136,Antique Cover Fossil,Trainer,1,1,3,9474
2026-08-05,1236,Urbain,Trainer,26,12,104,9474
2026-08-05,827,Carvanha,Pokémon,7,2,28,9474
2026-08-05,828,Mega Sharpedo ex,Pokémon,7,2,28,9474
2026-08-05,833,Toxel,Pokémon,7,2,14,9474
2026-08-05,834,Toxtricity,Pokémon,7,2,14,9474
2026-08-05,829,Seviper,Pokémon,7,2,7,9474
2026-08-05,1158,Maximum Belt,Trainer,7,2,7,9474
2026-08-05,292,N’s Zorua,Pokémon,1,0,4,9474
2026-08-05,293,N’s Zoroark ex,Pokémon,1,0,4,9474
2026-08-05,906,N's Zekrom,Pokémon,1,0,1,9474
2026-08-05,303,N’s Reshiram,Pokémon,1,0,2,9474
2026-08-05,1113,N’s PP Up,Trainer,1,0,4,9474
2026-08-05,1176,Punk Helmet,Trainer,1,0,2,9474
2026-08-05,1253,N’s Castle,Trainer,1,0,3,9474
2026-08-05,1195,Janine’s Secret Art,Trainer,1,0,1,9474
2026-08-05,917,Chikorita,Pokémon,60,36,120,9474
2026-08-05,150,Hydrapple ex,Pokémon,60,36,120,9474
2026-08-05,689,Yveltal,Pokémon,7,2,7,9474
2026-08-05,918,Bayleef,Pokémon,59,36,59,9474
2026-08-05,346,Applin,Pokémon,59,36,59,9474
2026-08-05,655,Celebi,Pokémon,59,36,59,9474
2026-08-05,73,Rellor,Pokémon,9,1,9,9474
2026-08-05,74,Rabsca,Pokémon,9,1,9,9474
2026-08-05,91,Rillaboom,Pokémon,9,1,9,9474
2026-08-05,100,Goldeen,Pokémon,9,1,18,9474
2026-08-05,240,Seaking,Pokémon,9,1,9,9474
2026-08-05,1092,Secret Box,Trainer,9,1,9,9474
2026-08-05,745,Ralts,Pokémon,1,0,4,9474
2026-08-05,746,Kirlia,Pokémon,1,0,3,9474
2026-08-05,747,Mega Gardevoir ex,Pokémon,1,0,2,9474
2026-08-05,1249,Grand Tree,Trainer,1,0,1,9474
2026-08-05,1267,Lumiose City,Trainer,1,0,1,9474
2026-08-05,236,Leafeon ex,Pokémon,1,0,2,9474
2026-08-05,145,Eevee,Pokémon,1,0,2,9474
2026-08-05,75,Iron Leaves ex,Pokémon,1,1,1,9474
2026-08-05,126,Galvantula,Pokémon,1,1,2,9474
2026-08-05,160,Joltik,Pokémon,1,1,2,9474
2026-08-05,781,Mega Heracross ex,Pokémon,1,1,1,9474
2026-08-05,164,Comfey,Pokémon,4,2,16,9474
2026-08-05,97,Litwick,Pokémon,2,1,8,9474
2026-08-05,494,Lampent,Pokémon,2,1,4,9474
2026-08-05,98,Chandelure,Pokémon,2,1,8,9474
2026-08-05,1124,Pokémon Catcher,Trainer,2,1,6,9474
2026-08-05,311,Hop’s Cramorant,Pokémon,2,1,2,9474
2026-08-05,58,Great Tusk,Pokémon,2,1,8,9474
2026-08-05,1185,Explorer’s Guidance,Trainer,2,1,8,9474
2026-08-05,607,Terrakion,Pokémon,2,1,2,9474
2026-08-05,116,Okidogi,Pokémon,81,46,324,9474
2026-08-05,1051,Binacle,Pokémon,81,46,162,9474
2026-08-05,1052,Barbaracle,Pokémon,81,46,162,9474
2026-08-05,791,Moltres,Pokémon,34,16,34,9474
2026-08-05,1238,Tarragon,Trainer,81,46,162,9474
2026-08-05,1156,Lucky Helmet,Trainer,68,38,68,9474
2026-08-05,817,Bramblin,Pokémon,2,1,8,9474
2026-08-05,818,Brambleghast,Pokémon,2,1,6,9474
2026-08-05,1144,Strange Timepiece,Trainer,2,1,2,9474
2026-08-04,7,Basic {D} Energy,Energy,3632,1730,31281,9614
2026-08-04,104,Froslass,Pokémon,3021,1402,6037,9614
2026-08-04,112,Munkidori,Pokémon,3632,1730,13278,9614
2026-08-04,646,Marnie's Impidimp,Pokémon,2975,1377,11894,9614
2026-08-04,647,Marnie's Morgrem,Pokémon,2975,1377,8831,9614
2026-08-04,648,Marnie's Grimmsnarl ex,Pokémon,2975,1377,8926,9614
2026-08-04,860,Snorunt,Pokémon,3592,1728,7279,9614
2026-08-04,1079,Rare Candy,Trainer,4604,2206,13700,9614
2026-08-04,1080,Unfair Stamp,Trainer,4476,2145,4476,9614
2026-08-04,1086,Buddy-Buddy Poffin,Trainer,7965,3927,31134,9614
2026-08-04,1097,Night Stretcher,Trainer,6432,3137,14727,9614
2026-08-04,1122,Pokégear 3.0,Trainer,5815,2827,12754,9614
2026-08-04,1137,Tool Scrapper,Trainer,3372,1569,3372,9614
2026-08-04,1152,Poké Pad,Trainer,8268,4170,31986,9614
2026-08-04,1182,Boss’s Orders,Trainer,9048,4522,21966,9614
2026-08-04,1219,Team Rocket's Petrel,Trainer,3258,1498,12943,9614
2026-08-04,1227,Lillie's Determination,Trainer,7946,3952,31620,9614
2026-08-04,1231,Dawn,Trainer,5505,2693,10513,9614
2026-08-04,1259,Spikemuth Gym,Trainer,2975,1377,11899,9614
2026-08-04,3,Basic {W} Energy,Energy,846,468,2513,9614
2026-08-04,11,Mist Energy,Energy,1976,1015,7904,9614
2026-08-04,13,Enriching Energy,Energy,2943,1546,2943,9614
2026-08-04,66,Dudunsparce,Pokémon,2961,1545,8130,9614
2026-08-04,174,Fan Rotom,Pokémon,1429,775,1429,9614
2026-08-04,305,Dunsparce,Pokémon,2859,1494,10002,9614
2026-08-04,848,Buneary,Pokémon,1499,808,4564,9614
2026-08-04,849,Mega Lopunny ex,Pokémon,1499,808,3784,9614
2026-08-04,861,Mega Froslass ex,Pokémon,618,351,1236,9614
2026-08-04,1087,Hand Trimmer,Trainer,913,479,2167,9614
2026-08-04,1121,Ultra Ball,Trainer,3225,1754,11895,9614
2026-08-04,1174,Air Balloon,Trainer,1561,849,5239,9614
2026-08-04,1225,Hilda,Trainer,4166,2120,14456,9614
2026-08-04,1229,Wally's Compassion,Trainer,1838,1031,6824,9614
2026-08-04,1264,Battle Cage,Trainer,1285,655,3172,9614
2026-08-04,5,Basic {P} Energy,Energy,2396,1242,6114,9614
2026-08-04,19,Telepath Psychic Energy,Energy,1697,857,6692,9614
2026-08-04,140,Fezandipiti ex,Pokémon,2769,1434,2769,9614
2026-08-04,741,Abra,Pokémon,1442,728,5768,9614
2026-08-04,742,Kadabra,Pokémon,1442,728,5768,9614
2026-08-04,743,Alakazam,Pokémon,1442,728,5747,9614
2026-08-04,1081,Enhanced Hammer,Trainer,1442,728,5681,9614
2026-08-04,1129,Sacred Ash,Trainer,1704,850,1704,9614
2026-08-04,1184,Lana’s Aid,Trainer,1716,874,1740,9614
2026-08-04,1197,Xerosic’s Machinations,Trainer,3696,1843,7710,9614
2026-08-04,163,Slowking,Pokémon,159,86,636,9614
2026-08-04,162,Slowpoke,Pokémon,159,86,636,9614
2026-08-04,144,Kyurem,Pokémon,159,86,318,9614
2026-08-04,184,Latias ex,Pokémon,401,209,706,9614
2026-08-04,183,Smoochum,Pokémon,159,86,318,9614
2026-08-04,224,Annihilape,Pokémon,159,86,159,9614
2026-08-04,115,Conkeldurr,Pokémon,159,86,159,9614
2026-08-04,1248,Academy at Night,Trainer,159,86,636,9614
2026-08-04,1188,Ciphermaniac’s Codebreaking,Trainer,174,93,651,9614
2026-08-04,1194,Colress’s Tenacity,Trainer,423,215,687,9614
2026-08-04,1123,Switch,Trainer,1156,606,2305,9614
2026-08-04,1146,Wondrous Patch,Trainer,212,108,530,9614
2026-08-04,756,Mega Kangaskhan ex,Pokémon,935,455,2776,9614
2026-08-04,1071,Meowth ex,Pokémon,1097,597,1724,9614
2026-08-04,1088,Prime Catcher,Trainer,305,166,305,9614
2026-08-04,344,Dwebble,Pokémon,594,264,2263,9614
2026-08-04,345,Crustle,Pokémon,594,264,2012,9614
2026-08-04,1147,Jumbo Ice Cream,Trainer,1334,622,4174,9614
2026-08-04,1120,Crushing Hammer,Trainer,928,473,3633,9614
2026-08-04,1159,Hero’s Cape,Trainer,1746,877,1746,9614
2026-08-04,18,Grow Grass Energy,Energy,1321,615,3945,9614
2026-08-04,14,Spiky Energy,Energy,1305,642,4418,9614
2026-08-04,1,Basic {G} Energy,Energy,2118,1041,20782,9614
2026-08-04,6,Basic {F} Energy,Energy,914,496,6193,9614
2026-08-04,673,Makuhita,Pokémon,270,179,540,9614
2026-08-04,674,Hariyama,Pokémon,270,179,540,9614
2026-08-04,675,Lunatone,Pokémon,291,190,582,9614
2026-08-04,676,Solrock,Pokémon,291,190,879,9614
2026-08-04,677,Riolu,Pokémon,291,190,908,9614
2026-08-04,678,Mega Lucario ex,Pokémon,291,190,1164,9614
2026-08-04,1141,Premium Power Pro,Trainer,293,191,1168,9614
2026-08-04,1142,Fighting Gong,Trainer,734,401,2936,9614
2026-08-04,1213,Judge,Trainer,1739,926,4603,9614
2026-08-04,20,Rock Fighting Energy,Energy,715,331,2374,9614
2026-08-04,117,Cornerstone Mask Ogerpon ex,Pokémon,370,165,424,9614
2026-08-04,1212,Cook,Trainer,76,31,76,9614
2026-08-04,1257,Team Rocket's Factory,Trainer,366,166,549,9614
2026-08-04,96,Teal Mask Ogerpon ex,Pokémon,1142,580,4422,9614
2026-08-04,63,Raging Bolt ex,Pokémon,146,80,292,9614
2026-08-04,108,Wellspring Mask Ogerpon ex,Pokémon,146,80,146,9614
2026-08-04,272,Lillie’s Clefairy ex,Pokémon,407,213,503,9614
2026-08-04,978,Passimian,Pokémon,146,80,146,9614
2026-08-04,1198,Crispin,Trainer,789,427,2384,9614
2026-08-04,1205,Cyrano,Trainer,162,87,340,9614
2026-08-04,1116,Energy Switch,Trainer,272,146,710,9614
2026-08-04,1098,Glass Trumpet,Trainer,146,80,292,9614
2026-08-04,1250,Area Zero Underdepths,Trainer,311,170,749,9614
2026-08-04,4,Basic {L} Energy,Energy,150,84,304,9614
2026-08-04,15,Team Rocket's Energy,Energy,132,68,528,9614
2026-08-04,400,Team Rocket's Tarountula,Pokémon,132,68,528,9614
2026-08-04,401,Team Rocket's Spidops,Pokémon,132,68,528,9614
2026-08-04,414,Team Rocket's Articuno,Pokémon,248,125,484,9614
2026-08-04,431,Team Rocket's Mewtwo ex,Pokémon,132,68,264,9614
2026-08-04,434,Team Rocket's Mimikyu,Pokémon,92,52,260,9614
2026-08-04,1094,Bug Catching Set,Trainer,1454,728,5684,9614
2026-08-04,1134,Team Rocket's Transceiver,Trainer,132,68,528,9614
2026-08-04,1175,Brave Bangle,Trainer,410,205,954,9614
2026-08-04,1216,Team Rocket's Ariana,Trainer,132,68,528,9614
2026-08-04,1217,Team Rocket's Archer,Trainer,108,55,115,9614
2026-08-04,1218,Team Rocket's Giovanni,Trainer,132,68,373,9614
2026-08-04,1220,Team Rocket's Proton,Trainer,132,68,471,9614
2026-08-04,1127,Tera Orb,Trainer,729,352,2108,9614
2026-08-04,1118,Energy Retrieval,Trainer,741,366,1109,9614
2026-08-04,1119,Energy Search,Trainer,697,333,2106,9614
2026-08-04,1201,Briar,Trainer,720,345,720,9614
2026-08-04,1221,N's Plan,Trainer,602,288,602,9614
2026-08-04,1223,Harlequin,Trainer,657,317,976,9614
2026-08-04,1251,Lively Stadium,Trainer,657,317,1336,9614
2026-08-04,343,Shaymin,Pokémon,1760,902,1760,9614
2026-08-04,1266,Nighttime Mine,Trainer,1308,669,2629,9614
2026-08-04,341,Cynthia's Roselia,Pokémon,441,210,1762,9614
2026-08-04,379,Cynthia's Gible,Pokémon,441,210,1764,9614
2026-08-04,380,Cynthia's Gabite,Pokémon,441,210,1764,9614
2026-08-04,342,Cynthia's Roserade,Pokémon,441,210,1323,9614
2026-08-04,381,Cynthia's Garchomp ex,Pokémon,441,210,1323,9614
2026-08-04,1173,Cynthia's Power Weight,Trainer,441,210,1323,9614
2026-08-04,387,Cynthia's Spiritomb,Pokémon,441,210,882,9614
2026-08-04,1261,Forest of Vitality,Trainer,708,358,1952,9614
2026-08-04,1203,Surfer,Trainer,358,169,358,9614
2026-08-04,650,Bulbasaur,Pokémon,82,48,164,9614
2026-08-04,651,Ivysaur,Pokémon,82,48,164,9614
2026-08-04,652,Mega Venusaur ex,Pokémon,82,48,164,9614
2026-08-04,708,Chikorita,Pokémon,269,149,620,9614
2026-08-04,709,Bayleef,Pokémon,269,149,536,9614
2026-08-04,710,Meganium,Pokémon,269,149,538,9614
2026-08-04,1145,Mega Signal,Trainer,129,73,305,9614
2026-08-04,2,Basic {R} Energy,Energy,621,340,2265,9614
2026-08-04,119,Dreepy,Pokémon,607,331,2428,9614
2026-08-04,120,Drakloak,Pokémon,607,331,2428,9614
2026-08-04,121,Dragapult ex,Pokémon,607,331,1656,9614
2026-08-04,235,Budew,Pokémon,813,440,1176,9614
2026-08-04,1246,Jamming Tower,Trainer,446,245,852,9614
2026-08-04,1161,Handheld Fan,Trainer,334,150,654,9614
2026-08-04,73,Rellor,Pokémon,65,38,65,9614
2026-08-04,74,Rabsca,Pokémon,65,38,65,9614
2026-08-04,89,Grookey,Pokémon,326,160,1304,9614
2026-08-04,90,Thwackey,Pokémon,326,160,1304,9614
2026-08-04,92,Applin,Pokémon,302,151,1176,9614
2026-08-04,93,Dipplin,Pokémon,328,161,1308,9614
2026-08-04,1092,Secret Box,Trainer,65,38,65,9614
2026-08-04,1191,Kieran,Trainer,89,47,154,9614
2026-08-04,1211,Black Belt’s Training,Trainer,89,47,89,9614
2026-08-04,1245,Festival Grounds,Trainer,326,160,1304,9614
2026-08-04,31,Chi-Yu,Pokémon,167,91,171,9614
2026-08-04,324,Torchic,Pokémon,165,90,330,9614
2026-08-04,325,Combusken,Pokémon,165,90,165,9614
2026-08-04,326,Blaziken ex,Pokémon,165,90,330,9614
2026-08-04,1256,Team Rocket's Watchtower,Trainer,193,104,221,9614
2026-08-04,402,Smoliv,Pokémon,185,100,370,9614
2026-08-04,403,Dolliv,Pokémon,185,100,370,9614
2026-08-04,404,Arboliva ex,Pokémon,185,100,370,9614
2026-08-04,920,Tapu Bulu,Pokémon,76,37,76,9614
2026-08-04,65,Dunsparce,Pokémon,105,52,186,9614
2026-08-04,1260,Risky Ruins,Trainer,87,42,135,9614
2026-08-04,17,Ignition Energy,Energy,1,0,4,9614
2026-08-04,131,Duskull,Pokémon,3,1,8,9614
2026-08-04,132,Dusclops,Pokémon,3,1,8,9614
2026-08-04,133,Dusknoir,Pokémon,3,1,5,9614
2026-08-04,1030,Staryu,Pokémon,48,25,145,9614
2026-08-04,1031,Mega Starmie ex,Pokémon,48,25,144,9614
2026-08-04,1192,Carmine,Trainer,33,17,105,9614
2026-08-04,1249,Grand Tree,Trainer,1,0,1,9614
2026-08-04,1102,Dusk Ball,Trainer,50,24,172,9614
2026-08-04,1267,Lumiose City,Trainer,1,1,2,9614
2026-08-04,306,Dudunsparce ex,Pokémon,50,26,50,9614
2026-08-04,432,Team Rocket's Wobbuffet,Pokémon,40,16,40,9614
2026-08-04,463,Team Rocket's Murkrow,Pokémon,40,16,80,9614
2026-08-04,16,Prism Energy,Energy,104,49,229,9614
2026-08-04,1210,Brock’s Scouting,Trainer,35,15,138,9614
2026-08-04,1236,Urbain,Trainer,34,15,119,9614
2026-08-04,689,Yveltal,Pokémon,6,2,6,9614
2026-08-04,1189,Salvatore,Trainer,47,25,47,9614
2026-08-04,1224,Cheren,Trainer,47,25,94,9614
2026-08-04,1262,Surfing Beach,Trainer,47,25,188,9614
2026-08-04,1240,Rosa's Encouragement,Trainer,2,0,2,9614
2026-08-04,12,Legacy Energy,Energy,50,23,50,9614
2026-08-04,42,Applin,Pokémon,16,7,32,9614
2026-08-04,655,Celebi,Pokémon,3,1,7,9614
2026-08-04,1126,Precious Trolley,Trainer,16,7,16,9614
2026-08-04,1187,Morty’s Conviction,Trainer,30,15,60,9614
2026-08-04,1247,Neutralization Zone,Trainer,5,1,5,9614
2026-08-04,169,Duraludon,Pokémon,11,6,44,9614
2026-08-04,190,Archaludon ex,Pokémon,11,6,44,9614
2026-08-04,666,Cinderace,Pokémon,11,6,44,9614
2026-08-04,57,Relicanth,Pokémon,8,6,8,9614
2026-08-04,1185,Explorer’s Guidance,Trainer,11,6,44,9614
2026-08-04,1244,Full Metal Lab,Trainer,11,6,44,9614
2026-08-04,8,Basic {M} Energy,Energy,11,6,126,9614
2026-08-04,1186,Eri,Trainer,16,5,30,9614
2026-08-04,1252,Gravity Mountain,Trainer,37,16,76,9614
2026-08-04,247,Swirlix,Pokémon,2,0,8,9614
2026-08-04,1158,Maximum Belt,Trainer,1,0,1,9614
2026-08-04,293,N’s Zoroark ex,Pokémon,16,7,64,9614
2026-08-04,292,N’s Zorua,Pokémon,16,7,64,9614
2026-08-04,303,N’s Reshiram,Pokémon,16,7,32,9614
2026-08-04,906,N's Zekrom,Pokémon,16,7,16,9614
2026-08-04,141,Pecharunt ex,Pokémon,1,0,1,9614
2026-08-04,1113,N’s PP Up,Trainer,16,7,64,9614
2026-08-04,257,N’s Darumaka,Pokémon,1,0,1,9614
2026-08-04,1253,N’s Castle,Trainer,16,7,47,9614
2026-08-04,258,N’s Darmanitan,Pokémon,1,0,1,9614
2026-08-04,88,Volbeat,Pokémon,15,7,45,9614
2026-08-04,869,Stunfisk,Pokémon,4,4,4,9614
2026-08-04,149,Applin,Pokémon,26,10,100,9614
2026-08-04,1176,Punk Helmet,Trainer,15,7,30,9614
2026-08-04,1195,Janine’s Secret Art,Trainer,15,7,15,9614
2026-08-04,317,Eevee,Pokémon,2,1,8,9614
2026-08-04,330,Sylveon,Pokémon,2,1,6,9614
2026-08-04,1136,Antique Cover Fossil,Trainer,2,1,6,9614
2026-08-04,1204,Lisia’s Appeal,Trainer,14,4,14,9614
2026-08-04,1242,Community Center,Trainer,14,4,14,9614
2026-08-04,24,Team Rocket's Kangaskhan ex,Pokémon,23,12,23,9614
2026-08-04,150,Hydrapple ex,Pokémon,2,1,4,9614
2026-08-04,1156,Lucky Helmet,Trainer,1,0,1,9614
2026-08-04,1096,Poké Vital A,Trainer,2,1,2,9614
2026-08-04,352,Ethan's Cyndaquil,Pokémon,12,8,48,9614
2026-08-04,353,Ethan's Quilava,Pokémon,12,8,48,9614
2026-08-04,354,Ethan's Typhlosion,Pokémon,12,8,48,9614
2026-08-04,1215,Ethan's Adventure,Trainer,12,8,48,9614
2026-08-03,7,Basic {D} Energy,Energy,4176,1973,37317,9434
2026-08-03,104,Froslass,Pokémon,3577,1645,7128,9434
2026-08-03,112,Munkidori,Pokémon,4176,1973,15556,9434
2026-08-03,646,Marnie's Impidimp,Pokémon,3575,1641,14263,9434
2026-08-03,647,Marnie's Morgrem,Pokémon,3575,1641,10591,9434
2026-08-03,648,Marnie's Grimmsnarl ex,Pokémon,3575,1641,10730,9434
2026-08-03,860,Snorunt,Pokémon,3864,1797,7800,9434
2026-08-03,1079,Rare Candy,Trainer,4623,2151,13907,9434
2026-08-03,1080,Unfair Stamp,Trainer,5053,2436,5053,9434
2026-08-03,1086,Buddy-Buddy Poffin,Trainer,7953,3890,30549,9434
2026-08-03,1097,Night Stretcher,Trainer,6664,3238,16485,9434
2026-08-03,1122,Pokégear 3.0,Trainer,5995,2924,12718,9434
2026-08-03,1137,Tool Scrapper,Trainer,4024,1906,4024,9434
2026-08-03,1152,Poké Pad,Trainer,7904,3954,30757,9434
2026-08-03,1182,Boss’s Orders,Trainer,8750,4369,21034,9434
2026-08-03,1219,Team Rocket's Petrel,Trainer,4117,1907,16238,9434
2026-08-03,1227,Lillie's Determination,Trainer,8318,4165,33146,9434
2026-08-03,1231,Dawn,Trainer,5315,2524,8749,9434
2026-08-03,1259,Spikemuth Gym,Trainer,3575,1641,14282,9434
2026-08-03,1,Basic {G} Energy,Energy,2087,1041,18335,9434
2026-08-03,15,Team Rocket's Energy,Energy,140,62,560,9434
2026-08-03,400,Team Rocket's Tarountula,Pokémon,140,62,560,9434
2026-08-03,401,Team Rocket's Spidops,Pokémon,140,62,560,9434
2026-08-03,414,Team Rocket's Articuno,Pokémon,209,94,377,9434
2026-08-03,431,Team Rocket's Mewtwo ex,Pokémon,140,62,281,9434
2026-08-03,434,Team Rocket's Mimikyu,Pokémon,108,51,280,9434
2026-08-03,1094,Bug Catching Set,Trainer,1297,671,5049,9434
2026-08-03,1121,Ultra Ball,Trainer,2916,1641,10277,9434
2026-08-03,1134,Team Rocket's Transceiver,Trainer,140,62,560,9434
2026-08-03,1159,Hero’s Cape,Trainer,1990,1014,1990,9434
2026-08-03,1175,Brave Bangle,Trainer,469,228,1141,9434
2026-08-03,1216,Team Rocket's Ariana,Trainer,140,62,559,9434
2026-08-03,1217,Team Rocket's Archer,Trainer,78,37,78,9434
2026-08-03,1218,Team Rocket's Giovanni,Trainer,140,62,351,9434
2026-08-03,1220,Team Rocket's Proton,Trainer,140,62,420,9434
2026-08-03,1257,Team Rocket's Factory,Trainer,567,285,745,9434
2026-08-03,11,Mist Energy,Energy,1795,939,7180,9434
2026-08-03,14,Spiky Energy,Energy,1365,703,4840,9434
2026-08-03,18,Grow Grass Energy,Energy,1425,702,4456,9434
2026-08-03,20,Rock Fighting Energy,Energy,1028,521,3178,9434
2026-08-03,117,Cornerstone Mask Ogerpon ex,Pokémon,574,285,644,9434
2026-08-03,344,Dwebble,Pokémon,831,386,3209,9434
2026-08-03,345,Crustle,Pokémon,831,386,2746,9434
2026-08-03,756,Mega Kangaskhan ex,Pokémon,1148,570,3244,9434
2026-08-03,1120,Crushing Hammer,Trainer,935,499,3587,9434
2026-08-03,1123,Switch,Trainer,1440,758,2755,9434
2026-08-03,1147,Jumbo Ice Cream,Trainer,1439,706,4736,9434
2026-08-03,1197,Xerosic’s Machinations,Trainer,3391,1708,6608,9434
2026-08-03,1212,Cook,Trainer,171,85,171,9434
2026-08-03,1225,Hilda,Trainer,3559,1824,11843,9434
2026-08-03,1087,Hand Trimmer,Trainer,662,329,1347,9434
2026-08-03,1186,Eri,Trainer,3,0,3,9434
2026-08-03,1264,Battle Cage,Trainer,1208,587,2846,9434
2026-08-03,341,Cynthia's Roselia,Pokémon,509,260,2035,9434
2026-08-03,342,Cynthia's Roserade,Pokémon,509,260,1536,9434
2026-08-03,381,Cynthia's Garchomp ex,Pokémon,509,260,1527,9434
2026-08-03,379,Cynthia's Gible,Pokémon,509,260,2036,9434
2026-08-03,380,Cynthia's Gabite,Pokémon,509,260,2036,9434
2026-08-03,6,Basic {F} Energy,Energy,1033,570,7269,9434
2026-08-03,387,Cynthia's Spiritomb,Pokémon,509,260,1009,9434
2026-08-03,1142,Fighting Gong,Trainer,859,478,3427,9434
2026-08-03,1173,Cynthia's Power Weight,Trainer,509,260,1527,9434
2026-08-03,1261,Forest of Vitality,Trainer,766,404,1877,9434
2026-08-03,673,Makuhita,Pokémon,310,198,620,9434
2026-08-03,674,Hariyama,Pokémon,310,198,620,9434
2026-08-03,675,Lunatone,Pokémon,350,218,700,9434
2026-08-03,676,Solrock,Pokémon,350,218,1050,9434
2026-08-03,677,Riolu,Pokémon,350,218,1129,9434
2026-08-03,678,Mega Lucario ex,Pokémon,350,218,1400,9434
2026-08-03,1141,Premium Power Pro,Trainer,360,221,1411,9434
2026-08-03,1213,Judge,Trainer,1585,888,4247,9434
2026-08-03,1229,Wally's Compassion,Trainer,1420,825,5130,9434
2026-08-03,5,Basic {P} Energy,Energy,1842,957,5041,9434
2026-08-03,13,Enriching Energy,Energy,1994,1054,1994,9434
2026-08-03,19,Telepath Psychic Energy,Energy,1259,631,4911,9434
2026-08-03,66,Dudunsparce,Pokémon,2216,1185,5881,9434
2026-08-03,140,Fezandipiti ex,Pokémon,2215,1165,2215,9434
2026-08-03,305,Dunsparce,Pokémon,2047,1102,6929,9434
2026-08-03,343,Shaymin,Pokémon,1175,580,1175,9434
2026-08-03,741,Abra,Pokémon,953,461,3812,9434
2026-08-03,742,Kadabra,Pokémon,953,461,3812,9434
2026-08-03,743,Alakazam,Pokémon,953,461,3756,9434
2026-08-03,1081,Enhanced Hammer,Trainer,954,461,3681,9434
2026-08-03,1129,Sacred Ash,Trainer,1247,609,1248,9434
2026-08-03,1184,Lana’s Aid,Trainer,1163,576,1169,9434
2026-08-03,1266,Nighttime Mine,Trainer,773,377,1557,9434
2026-08-03,3,Basic {W} Energy,Energy,435,231,1369,9434
2026-08-03,174,Fan Rotom,Pokémon,993,566,993,9434
2026-08-03,848,Buneary,Pokémon,993,566,3296,9434
2026-08-03,849,Mega Lopunny ex,Pokémon,993,566,2733,9434
2026-08-03,861,Mega Froslass ex,Pokémon,297,157,635,9434
2026-08-03,1174,Air Balloon,Trainer,1103,621,3717,9434
2026-08-03,1194,Colress’s Tenacity,Trainer,581,306,956,9434
2026-08-03,1071,Meowth ex,Pokémon,1000,566,1425,9434
2026-08-03,96,Teal Mask Ogerpon ex,Pokémon,904,489,3510,9434
2026-08-03,184,Latias ex,Pokémon,413,231,699,9434
2026-08-03,63,Raging Bolt ex,Pokémon,106,61,212,9434
2026-08-03,108,Wellspring Mask Ogerpon ex,Pokémon,106,61,106,9434
2026-08-03,272,Lillie’s Clefairy ex,Pokémon,296,163,421,9434
2026-08-03,978,Passimian,Pokémon,106,61,106,9434
2026-08-03,1198,Crispin,Trainer,705,392,2181,9434
2026-08-03,1205,Cyrano,Trainer,106,61,212,9434
2026-08-03,1116,Energy Switch,Trainer,181,105,499,9434
2026-08-03,1098,Glass Trumpet,Trainer,106,61,212,9434
2026-08-03,1088,Prime Catcher,Trainer,286,166,286,9434
2026-08-03,1250,Area Zero Underdepths,Trainer,171,98,489,9434
2026-08-03,4,Basic {L} Energy,Energy,166,99,411,9434
2026-08-03,1127,Tera Orb,Trainer,594,316,1564,9434
2026-08-03,1118,Energy Retrieval,Trainer,695,366,1105,9434
2026-08-03,1119,Energy Search,Trainer,626,327,1996,9434
2026-08-03,1201,Briar,Trainer,590,314,590,9434
2026-08-03,1221,N's Plan,Trainer,587,311,587,9434
2026-08-03,1223,Harlequin,Trainer,594,316,997,9434
2026-08-03,1251,Lively Stadium,Trainer,594,316,1260,9434
2026-08-03,2,Basic {R} Energy,Energy,571,320,1985,9434
2026-08-03,65,Dunsparce,Pokémon,173,84,268,9434
2026-08-03,119,Dreepy,Pokémon,570,319,2280,9434
2026-08-03,120,Drakloak,Pokémon,570,319,2280,9434
2026-08-03,121,Dragapult ex,Pokémon,570,319,1645,9434
2026-08-03,235,Budew,Pokémon,682,381,923,9434
2026-08-03,306,Dudunsparce ex,Pokémon,61,27,61,9434
2026-08-03,1260,Risky Ruins,Trainer,249,149,498,9434
2026-08-03,163,Slowking,Pokémon,180,105,720,9434
2026-08-03,162,Slowpoke,Pokémon,180,105,720,9434
2026-08-03,144,Kyurem,Pokémon,180,105,360,9434
2026-08-03,183,Smoochum,Pokémon,180,105,360,9434
2026-08-03,224,Annihilape,Pokémon,180,105,180,9434
2026-08-03,115,Conkeldurr,Pokémon,180,105,180,9434
2026-08-03,1248,Academy at Night,Trainer,180,105,720,9434
2026-08-03,1188,Ciphermaniac’s Codebreaking,Trainer,180,105,720,9434
2026-08-03,1146,Wondrous Patch,Trainer,232,129,592,9434
2026-08-03,1161,Handheld Fan,Trainer,357,167,714,9434
2026-08-03,89,Grookey,Pokémon,359,181,1436,9434
2026-08-03,90,Thwackey,Pokémon,359,181,1436,9434
2026-08-03,92,Applin,Pokémon,427,217,1538,9434
2026-08-03,93,Dipplin,Pokémon,428,218,1574,9434
2026-08-03,1245,Festival Grounds,Trainer,359,181,1436,9434
2026-08-03,1203,Surfer,Trainer,467,241,467,9434
2026-08-03,31,Chi-Yu,Pokémon,65,37,65,9434
2026-08-03,45,Shaymin,Pokémon,37,20,37,9434
2026-08-03,324,Torchic,Pokémon,65,37,130,9434
2026-08-03,325,Combusken,Pokémon,65,37,65,9434
2026-08-03,326,Blaziken ex,Pokémon,65,37,130,9434
2026-08-03,1256,Team Rocket's Watchtower,Trainer,77,40,79,9434
2026-08-03,1246,Jamming Tower,Trainer,258,133,512,9434
2026-08-03,1187,Morty’s Conviction,Trainer,39,10,60,9434
2026-08-03,1242,Community Center,Trainer,21,7,21,9434
2026-08-03,16,Prism Energy,Energy,28,12,112,9434
2026-08-03,1210,Brock’s Scouting,Trainer,45,18,145,9434
2026-08-03,1236,Urbain,Trainer,28,12,112,9434
2026-08-03,1267,Lumiose City,Trainer,24,11,24,9434
2026-08-03,650,Bulbasaur,Pokémon,60,31,120,9434
2026-08-03,651,Ivysaur,Pokémon,60,31,120,9434
2026-08-03,652,Mega Venusaur ex,Pokémon,60,31,120,9434
2026-08-03,708,Chikorita,Pokémon,135,75,330,9434
2026-08-03,709,Bayleef,Pokémon,204,112,408,9434
2026-08-03,710,Meganium,Pokémon,204,112,408,9434
2026-08-03,1145,Mega Signal,Trainer,113,56,277,9434
2026-08-03,42,Applin,Pokémon,16,6,32,9434
2026-08-03,655,Celebi,Pokémon,16,6,48,9434
2026-08-03,1126,Precious Trolley,Trainer,17,6,17,9434
2026-08-03,73,Rellor,Pokémon,65,33,65,9434
2026-08-03,74,Rabsca,Pokémon,65,33,65,9434
2026-08-03,1092,Secret Box,Trainer,65,33,65,9434
2026-08-03,1191,Kieran,Trainer,66,34,131,9434
2026-08-03,1211,Black Belt’s Training,Trainer,66,34,66,9434
2026-08-03,689,Yveltal,Pokémon,37,18,37,9434
2026-08-03,463,Team Rocket's Murkrow,Pokémon,32,11,64,9434
2026-08-03,432,Team Rocket's Wobbuffet,Pokémon,32,11,32,9434
2026-08-03,1112,Super Potion,Trainer,63,35,63,9434
2026-08-03,666,Cinderace,Pokémon,54,23,134,9434
2026-08-03,1030,Staryu,Pokémon,52,24,157,9434
2026-08-03,1031,Mega Starmie ex,Pokémon,52,24,156,9434
2026-08-03,1189,Salvatore,Trainer,53,25,56,9434
2026-08-03,1224,Cheren,Trainer,51,24,62,9434
2026-08-03,1262,Surfing Beach,Trainer,51,24,204,9434
2026-08-03,869,Stunfisk,Pokémon,59,38,59,9434
2026-08-03,1177,Sacred Charm,Trainer,7,2,7,9434
2026-08-03,917,Chikorita,Pokémon,69,37,138,9434
2026-08-03,150,Hydrapple ex,Pokémon,69,37,138,9434
2026-08-03,920,Tapu Bulu,Pokémon,122,68,191,9434
2026-08-03,1252,Gravity Mountain,Trainer,66,29,68,9434
2026-08-03,247,Swirlix,Pokémon,8,2,32,9434
2026-08-03,164,Comfey,Pokémon,1,0,4,9434
2026-08-03,817,Bramblin,Pokémon,1,0,2,9434
2026-08-03,818,Brambleghast,Pokémon,1,0,2,9434
2026-08-03,1247,Neutralization Zone,Trainer,7,1,7,9434
2026-08-03,1228,Acerola's Mischief,Trainer,1,0,3,9434
2026-08-03,1102,Dusk Ball,Trainer,53,22,210,9434
2026-08-03,1192,Carmine,Trainer,54,22,198,9434
2026-08-03,131,Duskull,Pokémon,3,0,6,9434
2026-08-03,132,Dusclops,Pokémon,3,0,4,9434
2026-08-03,133,Dusknoir,Pokémon,3,0,4,9434
2026-08-03,1240,Rosa's Encouragement,Trainer,6,2,6,9434
2026-08-03,8,Basic {M} Energy,Energy,14,4,171,9434
2026-08-03,57,Relicanth,Pokémon,5,2,5,9434
2026-08-03,169,Duraludon,Pokémon,13,4,52,9434
2026-08-03,190,Archaludon ex,Pokémon,13,4,52,9434
2026-08-03,1185,Explorer’s Guidance,Trainer,13,4,52,9434
2026-08-03,1244,Full Metal Lab,Trainer,14,4,55,9434
2026-08-03,402,Smoliv,Pokémon,75,44,150,9434
2026-08-03,403,Dolliv,Pokémon,75,44,150,9434
2026-08-03,404,Arboliva ex,Pokémon,75,44,150,9434
2026-08-03,804,Piplup,Pokémon,1,0,3,9434
2026-08-03,835,Empoleon ex,Pokémon,1,0,3,9434
2026-08-03,85,Beldum,Pokémon,1,0,2,9434
2026-08-03,86,Metang,Pokémon,1,0,2,9434
2026-08-03,547,Genesect ex,Pokémon,1,0,2,9434
2026-08-03,696,Dialga,Pokémon,1,0,1,9434
2026-08-03,12,Legacy Energy,Energy,2,0,2,9434
2026-08-03,1249,Grand Tree,Trainer,9,3,9,9434
2026-08-03,265,Iono’s Voltorb,Pokémon,1,0,3,9434
2026-08-03,268,Iono’s Tadbulb,Pokémon,1,0,3,9434
2026-08-03,269,Iono’s Bellibolt ex,Pokémon,1,0,3,9434
2026-08-03,270,Iono’s Wattrel,Pokémon,1,0,3,9434
2026-08-03,271,Iono’s Kilowattrel,Pokémon,1,0,3,9434
2026-08-03,1110,Max Rod,Trainer,1,0,1,9434
2026-08-03,1233,Canari,Trainer,1,0,4,9434
2026-08-03,1254,Levincia,Trainer,1,0,3,9434
2026-08-03,1167,Deluxe Bomb,Trainer,1,0,1,9434
2026-08-03,17,Ignition Energy,Energy,1,0,4,9434
2026-08-03,1176,Punk Helmet,Trainer,1,0,2,9434
2026-08-03,149,Applin,Pokémon,1,1,4,9434
2026-08-03,100,Goldeen,Pokémon,1,1,2,9434
2026-08-03,240,Seaking,Pokémon,1,1,1,9434
2026-08-03,1206,Larry’s Skill,Trainer,14,5,14,9434
2026-08-03,827,Carvanha,Pokémon,2,1,8,9434
2026-08-03,828,Mega Sharpedo ex,Pokémon,2,1,8,9434
2026-08-03,833,Toxel,Pokémon,2,1,4,9434
2026-08-03,834,Toxtricity,Pokémon,2,1,4,9434
2026-08-03,829,Seviper,Pokémon,2,1,2,9434
2026-08-03,1158,Maximum Belt,Trainer,2,1,2,9434
2026-08-03,1154,Team Rocket’s Hypnotizer,Trainer,1,0,1,9434
2026-08-03,352,Ethan's Cyndaquil,Pokémon,1,1,4,9434
2026-08-03,353,Ethan's Quilava,Pokémon,1,1,4,9434
2026-08-03,354,Ethan's Typhlosion,Pokémon,1,1,4,9434
2026-08-03,1215,Ethan's Adventure,Trainer,1,1,4,9434
2026-08-03,142,Genesect,Pokémon,5,3,5,9434
2026-08-02,7,Basic {D} Energy,Energy,4519,2123,41899,9160
2026-08-02,104,Froslass,Pokémon,4056,1873,8084,9160
2026-08-02,112,Munkidori,Pokémon,4523,2124,17220,9160
2026-08-02,646,Marnie's Impidimp,Pokémon,4072,1880,16238,9160
2026-08-02,647,Marnie's Morgrem,Pokémon,4072,1880,11975,9160
2026-08-02,648,Marnie's Grimmsnarl ex,Pokémon,4072,1880,12237,9160
2026-08-02,860,Snorunt,Pokémon,4452,2127,8926,9160
2026-08-02,1079,Rare Candy,Trainer,4740,2209,14252,9160
2026-08-02,1080,Unfair Stamp,Trainer,5190,2449,5190,9160
2026-08-02,1086,Buddy-Buddy Poffin,Trainer,7740,3817,29871,9160
2026-08-02,1097,Night Stretcher,Trainer,6372,3083,16676,9160
2026-08-02,1122,Pokégear 3.0,Trainer,6674,3302,13477,9160
2026-08-02,1137,Tool Scrapper,Trainer,4741,2258,4741,9160
2026-08-02,1152,Poké Pad,Trainer,7589,3764,29557,9160
2026-08-02,1182,Boss’s Orders,Trainer,8505,4258,19771,9160
2026-08-02,1219,Team Rocket's Petrel,Trainer,4421,2067,17500,9160
2026-08-02,1227,Lillie's Determination,Trainer,8357,4189,33318,9160
2026-08-02,1231,Dawn,Trainer,5487,2582,7821,9160
2026-08-02,1259,Spikemuth Gym,Trainer,4072,1880,16288,9160
2026-08-02,1,Basic {G} Energy,Energy,2419,1206,23859,9160
2026-08-02,11,Mist Energy,Energy,1721,961,6884,9160
2026-08-02,14,Spiky Energy,Energy,1090,579,3859,9160
2026-08-02,18,Grow Grass Energy,Energy,1513,771,4279,9160
2026-08-02,344,Dwebble,Pokémon,642,326,2472,9160
2026-08-02,345,Crustle,Pokémon,642,326,2177,9160
2026-08-02,756,Mega Kangaskhan ex,Pokémon,956,503,2764,9160
2026-08-02,1087,Hand Trimmer,Trainer,861,492,1686,9160
2026-08-02,1123,Switch,Trainer,1029,567,2135,9160
2026-08-02,1147,Jumbo Ice Cream,Trainer,1516,774,4508,9160
2026-08-02,1159,Hero’s Cape,Trainer,1830,960,1830,9160
2026-08-02,1197,Xerosic’s Machinations,Trainer,2644,1335,5072,9160
2026-08-02,1225,Hilda,Trainer,2858,1528,9494,9160
2026-08-02,1264,Battle Cage,Trainer,1377,749,3442,9160
2026-08-02,848,Buneary,Pokémon,1104,644,3385,9160
2026-08-02,849,Mega Lopunny ex,Pokémon,1104,644,2916,9160
2026-08-02,174,Fan Rotom,Pokémon,1100,643,1100,9160
2026-08-02,305,Dunsparce,Pokémon,1663,915,6104,9160
2026-08-02,66,Dudunsparce,Pokémon,1838,1012,5224,9160
2026-08-02,1229,Wally's Compassion,Trainer,1385,807,5261,9160
2026-08-02,1121,Ultra Ball,Trainer,2370,1352,8260,9160
2026-08-02,1174,Air Balloon,Trainer,1238,714,3994,9160
2026-08-02,13,Enriching Energy,Energy,1809,976,1809,9160
2026-08-02,96,Teal Mask Ogerpon ex,Pokémon,1156,583,4536,9160
2026-08-02,1127,Tera Orb,Trainer,872,446,2153,9160
2026-08-02,1094,Bug Catching Set,Trainer,1719,842,6641,9160
2026-08-02,1118,Energy Retrieval,Trainer,1013,506,1678,9160
2026-08-02,1119,Energy Search,Trainer,887,454,3102,9160
2026-08-02,1213,Judge,Trainer,1598,859,4683,9160
2026-08-02,1201,Briar,Trainer,870,445,870,9160
2026-08-02,1221,N's Plan,Trainer,871,445,873,9160
2026-08-02,1223,Harlequin,Trainer,870,445,1535,9160
2026-08-02,1251,Lively Stadium,Trainer,870,445,1740,9160
2026-08-02,3,Basic {W} Energy,Energy,499,314,1379,9160
2026-08-02,861,Mega Froslass ex,Pokémon,396,254,792,9160
2026-08-02,1161,Handheld Fan,Trainer,390,184,779,9160
2026-08-02,5,Basic {P} Energy,Energy,1216,647,3299,9160
2026-08-02,19,Telepath Psychic Energy,Energy,914,472,3421,9160
2026-08-02,140,Fezandipiti ex,Pokémon,1582,827,1582,9160
2026-08-02,343,Shaymin,Pokémon,810,394,810,9160
2026-08-02,741,Abra,Pokémon,573,276,2292,9160
2026-08-02,742,Kadabra,Pokémon,573,276,2292,9160
2026-08-02,743,Alakazam,Pokémon,573,276,2231,9160
2026-08-02,1081,Enhanced Hammer,Trainer,574,276,2243,9160
2026-08-02,1129,Sacred Ash,Trainer,954,468,954,9160
2026-08-02,1184,Lana’s Aid,Trainer,714,346,717,9160
2026-08-02,1266,Nighttime Mine,Trainer,498,236,1003,9160
2026-08-02,1120,Crushing Hammer,Trainer,637,331,2496,9160
2026-08-02,20,Rock Fighting Energy,Energy,582,304,1755,9160
2026-08-02,117,Cornerstone Mask Ogerpon ex,Pokémon,319,164,354,9160
2026-08-02,1187,Morty’s Conviction,Trainer,21,9,43,9160
2026-08-02,1212,Cook,Trainer,48,23,48,9160
2026-08-02,6,Basic {F} Energy,Energy,528,310,3427,9160
2026-08-02,341,Cynthia's Roselia,Pokémon,282,146,1128,9160
2026-08-02,342,Cynthia's Roserade,Pokémon,282,146,848,9160
2026-08-02,379,Cynthia's Gible,Pokémon,282,146,1128,9160
2026-08-02,380,Cynthia's Gabite,Pokémon,282,146,1128,9160
2026-08-02,381,Cynthia's Garchomp ex,Pokémon,282,146,846,9160
2026-08-02,387,Cynthia's Spiritomb,Pokémon,282,146,562,9160
2026-08-02,1142,Fighting Gong,Trainer,425,250,1698,9160
2026-08-02,1173,Cynthia's Power Weight,Trainer,282,146,846,9160
2026-08-02,1203,Surfer,Trainer,271,143,271,9160
2026-08-02,1261,Forest of Vitality,Trainer,477,228,1347,9160
2026-08-02,1194,Colress’s Tenacity,Trainer,540,283,947,9160
2026-08-02,1257,Team Rocket's Factory,Trainer,372,193,532,9160
2026-08-02,650,Bulbasaur,Pokémon,143,61,286,9160
2026-08-02,651,Ivysaur,Pokémon,143,61,286,9160
2026-08-02,652,Mega Venusaur ex,Pokémon,143,61,286,9160
2026-08-02,708,Chikorita,Pokémon,143,61,429,9160
2026-08-02,709,Bayleef,Pokémon,197,83,394,9160
2026-08-02,710,Meganium,Pokémon,197,83,394,9160
2026-08-02,1145,Mega Signal,Trainer,143,61,286,9160
2026-08-02,89,Grookey,Pokémon,471,241,1884,9160
2026-08-02,90,Thwackey,Pokémon,471,241,1829,9160
2026-08-02,92,Applin,Pokémon,453,225,1628,9160
2026-08-02,93,Dipplin,Pokémon,525,263,1992,9160
2026-08-02,1175,Brave Bangle,Trainer,579,286,1413,9160
2026-08-02,1245,Festival Grounds,Trainer,471,241,1884,9160
2026-08-02,184,Latias ex,Pokémon,431,253,623,9160
2026-08-02,272,Lillie’s Clefairy ex,Pokémon,413,235,649,9160
2026-08-02,15,Team Rocket's Energy,Energy,180,73,720,9160
2026-08-02,400,Team Rocket's Tarountula,Pokémon,180,73,720,9160
2026-08-02,401,Team Rocket's Spidops,Pokémon,180,73,720,9160
2026-08-02,414,Team Rocket's Articuno,Pokémon,208,84,407,9160
2026-08-02,431,Team Rocket's Mewtwo ex,Pokémon,180,73,365,9160
2026-08-02,434,Team Rocket's Mimikyu,Pokémon,166,66,452,9160
2026-08-02,1134,Team Rocket's Transceiver,Trainer,182,75,724,9160
2026-08-02,1216,Team Rocket's Ariana,Trainer,180,73,720,9160
2026-08-02,1218,Team Rocket's Giovanni,Trainer,180,73,498,9160
2026-08-02,1220,Team Rocket's Proton,Trainer,180,73,600,9160
2026-08-02,2,Basic {R} Energy,Energy,439,242,1587,9160
2026-08-02,119,Dreepy,Pokémon,432,238,1728,9160
2026-08-02,120,Drakloak,Pokémon,432,238,1728,9160
2026-08-02,121,Dragapult ex,Pokémon,432,238,1209,9160
2026-08-02,235,Budew,Pokémon,482,261,658,9160
2026-08-02,1071,Meowth ex,Pokémon,676,382,960,9160
2026-08-02,1198,Crispin,Trainer,538,301,1631,9160
2026-08-02,1246,Jamming Tower,Trainer,178,94,356,9160
2026-08-02,917,Chikorita,Pokémon,54,22,108,9160
2026-08-02,150,Hydrapple ex,Pokémon,54,22,108,9160
2026-08-02,920,Tapu Bulu,Pokémon,56,24,110,9160
2026-08-02,1217,Team Rocket's Archer,Trainer,62,24,62,9160
2026-08-02,16,Prism Energy,Energy,22,8,82,9160
2026-08-02,1210,Brock’s Scouting,Trainer,55,24,132,9160
2026-08-02,1236,Urbain,Trainer,15,5,56,9160
2026-08-02,65,Dunsparce,Pokémon,178,100,270,9160
2026-08-02,1146,Wondrous Patch,Trainer,108,70,310,9160
2026-08-02,8,Basic {M} Energy,Energy,3,2,16,9160
2026-08-02,57,Relicanth,Pokémon,1,0,1,9160
2026-08-02,169,Duraludon,Pokémon,1,0,4,9160
2026-08-02,190,Archaludon ex,Pokémon,1,0,4,9160
2026-08-02,666,Cinderace,Pokémon,1,0,4,9160
2026-08-02,1185,Explorer’s Guidance,Trainer,1,0,4,9160
2026-08-02,1244,Full Metal Lab,Trainer,1,0,4,9160
2026-08-02,689,Yveltal,Pokémon,50,23,50,9160
2026-08-02,42,Applin,Pokémon,110,55,196,9160
2026-08-02,73,Rellor,Pokémon,87,48,87,9160
2026-08-02,74,Rabsca,Pokémon,87,48,87,9160
2026-08-02,100,Goldeen,Pokémon,56,29,112,9160
2026-08-02,149,Applin,Pokémon,56,29,168,9160
2026-08-02,240,Seaking,Pokémon,56,29,56,9160
2026-08-02,1092,Secret Box,Trainer,87,48,87,9160
2026-08-02,1191,Kieran,Trainer,87,48,118,9160
2026-08-02,1202,Drayton,Trainer,1,0,1,9160
2026-08-02,1211,Black Belt’s Training,Trainer,87,48,87,9160
2026-08-02,63,Raging Bolt ex,Pokémon,88,55,176,9160
2026-08-02,108,Wellspring Mask Ogerpon ex,Pokémon,88,55,88,9160
2026-08-02,978,Passimian,Pokémon,88,55,88,9160
2026-08-02,1205,Cyrano,Trainer,88,55,176,9160
2026-08-02,1116,Energy Switch,Trainer,89,55,356,9160
2026-08-02,1098,Glass Trumpet,Trainer,88,55,176,9160
2026-08-02,1088,Prime Catcher,Trainer,189,122,189,9160
2026-08-02,1250,Area Zero Underdepths,Trainer,176,105,442,9160
2026-08-02,4,Basic {L} Energy,Energy,90,57,184,9160
2026-08-02,463,Team Rocket's Murkrow,Pokémon,14,7,28,9160
2026-08-02,432,Team Rocket's Wobbuffet,Pokémon,14,7,14,9160
2026-08-02,675,Lunatone,Pokémon,142,103,286,9160
2026-08-02,676,Solrock,Pokémon,142,103,423,9160
2026-08-02,677,Riolu,Pokémon,142,103,432,9160
2026-08-02,678,Mega Lucario ex,Pokémon,142,103,568,9160
2026-08-02,1102,Dusk Ball,Trainer,14,4,32,9160
2026-08-02,1141,Premium Power Pro,Trainer,145,104,572,9160
2026-08-02,1192,Carmine,Trainer,6,1,17,9160
2026-08-02,1252,Gravity Mountain,Trainer,3,1,3,9160
2026-08-02,306,Dudunsparce ex,Pokémon,66,40,66,9160
2026-08-02,1260,Risky Ruins,Trainer,165,93,330,9160
2026-08-02,31,Chi-Yu,Pokémon,88,51,90,9160
2026-08-02,45,Shaymin,Pokémon,87,50,87,9160
2026-08-02,324,Torchic,Pokémon,87,50,174,9160
2026-08-02,325,Combusken,Pokémon,87,50,87,9160
2026-08-02,326,Blaziken ex,Pokémon,87,50,174,9160
2026-08-02,1256,Team Rocket's Watchtower,Trainer,94,54,99,9160
2026-08-02,247,Swirlix,Pokémon,9,4,36,9160
2026-08-02,91,Rillaboom,Pokémon,55,29,55,9160
2026-08-02,131,Duskull,Pokémon,4,3,8,9160
2026-08-02,132,Dusclops,Pokémon,4,3,8,9160
2026-08-02,133,Dusknoir,Pokémon,4,3,4,9160
2026-08-02,791,Moltres,Pokémon,4,3,4,9160
2026-08-02,1247,Neutralization Zone,Trainer,6,3,6,9160
2026-08-02,1267,Lumiose City,Trainer,32,10,32,9160
2026-08-02,745,Ralts,Pokémon,4,1,16,9160
2026-08-02,746,Kirlia,Pokémon,4,1,12,9160
2026-08-02,747,Mega Gardevoir ex,Pokémon,4,1,12,9160
2026-08-02,24,Team Rocket's Kangaskhan ex,Pokémon,6,3,6,9160
2026-08-02,1249,Grand Tree,Trainer,6,2,6,9160
2026-08-02,1186,Eri,Trainer,21,11,22,9160
2026-08-02,163,Slowking,Pokémon,101,67,404,9160
2026-08-02,162,Slowpoke,Pokémon,101,67,404,9160
2026-08-02,144,Kyurem,Pokémon,101,67,202,9160
2026-08-02,183,Smoochum,Pokémon,101,67,202,9160
2026-08-02,224,Annihilape,Pokémon,101,67,101,9160
2026-08-02,115,Conkeldurr,Pokémon,101,67,101,9160
2026-08-02,1248,Academy at Night,Trainer,101,67,404,9160
2026-08-02,1188,Ciphermaniac’s Codebreaking,Trainer,103,69,408,9160
2026-08-02,655,Celebi,Pokémon,38,17,114,9160
2026-08-02,1126,Precious Trolley,Trainer,40,19,40,9160
2026-08-02,1112,Super Potion,Trainer,1,0,1,9160
2026-08-02,164,Comfey,Pokémon,1,0,4,9160
2026-08-02,98,Chandelure,Pokémon,1,0,3,9160
2026-08-02,97,Litwick,Pokémon,1,0,3,9160
2026-08-02,494,Lampent,Pokémon,1,0,2,9160
2026-08-02,1166,Gravity Gemstone,Trainer,1,0,2,9160
2026-08-02,352,Ethan's Cyndaquil,Pokémon,6,3,24,9160
2026-08-02,353,Ethan's Quilava,Pokémon,6,3,24,9160
2026-08-02,354,Ethan's Typhlosion,Pokémon,6,3,24,9160
2026-08-02,1215,Ethan's Adventure,Trainer,6,3,24,9160
2026-08-02,1242,Community Center,Trainer,10,7,10,9160
2026-08-02,673,Makuhita,Pokémon,136,102,272,9160
2026-08-02,674,Hariyama,Pokémon,136,102,272,9160
2026-08-02,1177,Sacred Charm,Trainer,5,5,5,9160
2026-08-02,12,Legacy Energy,Energy,1,0,1,9160
2026-08-02,230,Pecharunt,Pokémon,1,0,4,9160
2026-08-02,318,Ho-Oh,Pokémon,1,0,1,9160
2026-08-02,317,Eevee,Pokémon,1,1,4,9160
2026-08-02,330,Sylveon,Pokémon,1,1,3,9160
2026-08-02,1136,Antique Cover Fossil,Trainer,1,1,3,9160
2026-08-02,175,Bouffalant,Pokémon,2,2,4,9160
2026-08-02,233,Bouffalant,Pokémon,2,2,2,9160
2026-08-02,160,Joltik,Pokémon,2,2,4,9160
2026-08-02,126,Galvantula,Pokémon,2,2,2,9160
2026-08-02,210,Pikachu ex,Pokémon,2,2,2,9160
2026-08-02,44,Bloodmoon Ursaluna ex,Pokémon,2,2,2,9160
2026-08-01,1,Basic {G} Energy,Energy,2552,1338,24573,9032
2026-08-01,89,Grookey,Pokémon,380,191,1520,9032
2026-08-01,90,Thwackey,Pokémon,380,191,1520,9032
2026-08-01,92,Applin,Pokémon,340,175,1298,9032
2026-08-01,93,Dipplin,Pokémon,400,204,1560,9032
2026-08-01,140,Fezandipiti ex,Pokémon,1155,609,1155,9032
2026-08-01,1080,Unfair Stamp,Trainer,5400,2528,5400,9032
2026-08-01,1086,Buddy-Buddy Poffin,Trainer,7827,3820,29433,9032
2026-08-01,1094,Bug Catching Set,Trainer,1694,903,6440,9032
2026-08-01,1097,Night Stretcher,Trainer,6502,3104,17178,9032
2026-08-01,1122,Pokégear 3.0,Trainer,6698,3393,13746,9032
2026-08-01,1129,Sacred Ash,Trainer,686,356,686,9032
2026-08-01,1137,Tool Scrapper,Trainer,5068,2471,5068,9032
2026-08-01,1152,Poké Pad,Trainer,7305,3570,28612,9032
2026-08-01,1175,Brave Bangle,Trainer,651,310,1532,9032
2026-08-01,1197,Xerosic’s Machinations,Trainer,2613,1389,4465,9032
2026-08-01,1227,Lillie's Determination,Trainer,8421,4178,33548,9032
2026-08-01,1231,Dawn,Trainer,5407,2584,6975,9032
2026-08-01,1245,Festival Grounds,Trainer,380,191,1520,9032
2026-08-01,305,Dunsparce,Pokémon,1365,790,5126,9032
2026-08-01,66,Dudunsparce,Pokémon,1432,821,4549,9032
2026-08-01,848,Buneary,Pokémon,998,596,3542,9032
2026-08-01,849,Mega Lopunny ex,Pokémon,998,596,2889,9032
2026-08-01,184,Latias ex,Pokémon,429,239,618,9032
2026-08-01,272,Lillie’s Clefairy ex,Pokémon,557,304,797,9032
2026-08-01,174,Fan Rotom,Pokémon,998,596,998,9032
2026-08-01,1229,Wally's Compassion,Trainer,1085,647,4337,9032
2026-08-01,1182,Boss’s Orders,Trainer,8304,4183,19730,9032
2026-08-01,1225,Hilda,Trainer,2428,1312,8070,9032
2026-08-01,1121,Ultra Ball,Trainer,2250,1221,7062,9032
2026-08-01,1087,Hand Trimmer,Trainer,521,281,736,9032
2026-08-01,1174,Air Balloon,Trainer,1165,673,3874,9032
2026-08-01,1264,Battle Cage,Trainer,1161,587,2444,9032
2026-08-01,11,Mist Energy,Energy,1657,923,6628,9032
2026-08-01,19,Telepath Psychic Energy,Energy,622,334,2248,9032
2026-08-01,13,Enriching Energy,Energy,1403,816,1403,9032
2026-08-01,18,Grow Grass Energy,Energy,1589,860,4482,9032
2026-08-01,96,Teal Mask Ogerpon ex,Pokémon,1151,671,4431,9032
2026-08-01,1118,Energy Retrieval,Trainer,950,556,1628,9032
2026-08-01,1119,Energy Search,Trainer,886,513,3128,9032
2026-08-01,1127,Tera Orb,Trainer,878,511,2156,9032
2026-08-01,1147,Jumbo Ice Cream,Trainer,1575,853,4744,9032
2026-08-01,1159,Hero’s Cape,Trainer,1919,1003,1919,9032
2026-08-01,1201,Briar,Trainer,884,513,884,9032
2026-08-01,1213,Judge,Trainer,1164,653,3879,9032
2026-08-01,1221,N's Plan,Trainer,878,511,878,9032
2026-08-01,1223,Harlequin,Trainer,878,511,1556,9032
2026-08-01,1251,Lively Stadium,Trainer,878,511,1756,9032
2026-08-01,7,Basic {D} Energy,Energy,4807,2246,45799,9032
2026-08-01,104,Froslass,Pokémon,4471,2082,8942,9032
2026-08-01,112,Munkidori,Pokémon,4807,2246,18695,9032
2026-08-01,646,Marnie's Impidimp,Pokémon,4502,2097,17901,9032
2026-08-01,647,Marnie's Morgrem,Pokémon,4502,2097,13477,9032
2026-08-01,648,Marnie's Grimmsnarl ex,Pokémon,4502,2097,13506,9032
2026-08-01,860,Snorunt,Pokémon,4576,2148,9259,9032
2026-08-01,1079,Rare Candy,Trainer,4995,2356,14924,9032
2026-08-01,1219,Team Rocket's Petrel,Trainer,5148,2415,19938,9032
2026-08-01,1259,Spikemuth Gym,Trainer,4502,2097,18008,9032
2026-08-01,14,Spiky Energy,Energy,1312,726,4551,9032
2026-08-01,6,Basic {F} Energy,Energy,530,256,2044,9032
2026-08-01,20,Rock Fighting Energy,Energy,769,374,2219,9032
2026-08-01,341,Cynthia's Roselia,Pokémon,306,137,1224,9032
2026-08-01,342,Cynthia's Roserade,Pokémon,306,137,918,9032
2026-08-01,379,Cynthia's Gible,Pokémon,306,137,1224,9032
2026-08-01,380,Cynthia's Gabite,Pokémon,306,137,1224,9032
2026-08-01,381,Cynthia's Garchomp ex,Pokémon,306,137,918,9032
2026-08-01,387,Cynthia's Spiritomb,Pokémon,306,137,612,9032
2026-08-01,1142,Fighting Gong,Trainer,319,142,1276,9032
2026-08-01,1173,Cynthia's Power Weight,Trainer,306,137,918,9032
2026-08-01,1203,Surfer,Trainer,306,137,306,9032
2026-08-01,1261,Forest of Vitality,Trainer,406,198,1012,9032
2026-08-01,2,Basic {R} Energy,Energy,267,134,938,9032
2026-08-01,5,Basic {P} Energy,Energy,830,438,1899,9032
2026-08-01,31,Chi-Yu,Pokémon,127,65,127,9032
2026-08-01,45,Shaymin,Pokémon,127,65,127,9032
2026-08-01,119,Dreepy,Pokémon,267,134,1068,9032
2026-08-01,120,Drakloak,Pokémon,267,134,1068,9032
2026-08-01,121,Dragapult ex,Pokémon,267,134,674,9032
2026-08-01,235,Budew,Pokémon,380,184,451,9032
2026-08-01,324,Torchic,Pokémon,127,65,254,9032
2026-08-01,325,Combusken,Pokémon,127,65,127,9032
2026-08-01,326,Blaziken ex,Pokémon,127,65,254,9032
2026-08-01,1071,Meowth ex,Pokémon,484,258,858,9032
2026-08-01,1198,Crispin,Trainer,478,248,1518,9032
2026-08-01,1250,Area Zero Underdepths,Trainer,300,164,819,9032
2026-08-01,1256,Team Rocket's Watchtower,Trainer,128,65,129,9032
2026-08-01,42,Applin,Pokémon,71,33,220,9032
2026-08-01,343,Shaymin,Pokémon,592,303,592,9032
2026-08-01,655,Celebi,Pokémon,13,5,35,9032
2026-08-01,1102,Dusk Ball,Trainer,12,4,15,9032
2026-08-01,1126,Precious Trolley,Trainer,11,4,11,9032
2026-08-01,1194,Colress’s Tenacity,Trainer,515,276,1003,9032
2026-08-01,1211,Black Belt’s Training,Trainer,71,33,71,9032
2026-08-01,689,Yveltal,Pokémon,107,48,107,9032
2026-08-01,1161,Handheld Fan,Trainer,613,293,1226,9032
2026-08-01,117,Cornerstone Mask Ogerpon ex,Pokémon,500,252,572,9032
2026-08-01,344,Dwebble,Pokémon,697,342,2755,9032
2026-08-01,345,Crustle,Pokémon,697,342,2308,9032
2026-08-01,756,Mega Kangaskhan ex,Pokémon,920,480,2469,9032
2026-08-01,1120,Crushing Hammer,Trainer,361,189,1352,9032
2026-08-01,1123,Switch,Trainer,784,400,1425,9032
2026-08-01,1212,Cook,Trainer,31,12,31,9032
2026-08-01,1257,Team Rocket's Factory,Trainer,655,327,1101,9032
2026-08-01,1156,Lucky Helmet,Trainer,29,15,29,9032
2026-08-01,741,Abra,Pokémon,366,194,1464,9032
2026-08-01,742,Kadabra,Pokémon,366,194,1464,9032
2026-08-01,743,Alakazam,Pokémon,366,194,1464,9032
2026-08-01,1081,Enhanced Hammer,Trainer,366,194,1464,9032
2026-08-01,1184,Lana’s Aid,Trainer,454,239,454,9032
2026-08-01,1266,Nighttime Mine,Trainer,304,160,608,9032
2026-08-01,3,Basic {W} Energy,Energy,316,180,699,9032
2026-08-01,16,Prism Energy,Energy,38,15,152,9032
2026-08-01,414,Team Rocket's Articuno,Pokémon,374,155,748,9032
2026-08-01,1210,Brock’s Scouting,Trainer,38,15,152,9032
2026-08-01,1236,Urbain,Trainer,38,15,138,9032
2026-08-01,63,Raging Bolt ex,Pokémon,173,99,346,9032
2026-08-01,108,Wellspring Mask Ogerpon ex,Pokémon,173,99,173,9032
2026-08-01,978,Passimian,Pokémon,173,99,173,9032
2026-08-01,1205,Cyrano,Trainer,173,99,346,9032
2026-08-01,1116,Energy Switch,Trainer,196,110,715,9032
2026-08-01,1098,Glass Trumpet,Trainer,173,99,346,9032
2026-08-01,1088,Prime Catcher,Trainer,189,108,189,9032
2026-08-01,4,Basic {L} Energy,Energy,173,99,346,9032
2026-08-01,15,Team Rocket's Energy,Energy,336,140,1344,9032
2026-08-01,400,Team Rocket's Tarountula,Pokémon,336,140,1344,9032
2026-08-01,401,Team Rocket's Spidops,Pokémon,336,140,1344,9032
2026-08-01,431,Team Rocket's Mewtwo ex,Pokémon,336,140,672,9032
2026-08-01,434,Team Rocket's Mimikyu,Pokémon,328,138,768,9032
2026-08-01,1134,Team Rocket's Transceiver,Trainer,336,140,1344,9032
2026-08-01,1216,Team Rocket's Ariana,Trainer,336,140,1327,9032
2026-08-01,1218,Team Rocket's Giovanni,Trainer,336,140,809,9032
2026-08-01,1220,Team Rocket's Proton,Trainer,336,140,925,9032
2026-08-01,1217,Team Rocket's Archer,Trainer,78,36,112,9032
2026-08-01,163,Slowking,Pokémon,16,9,64,9032
2026-08-01,162,Slowpoke,Pokémon,16,9,64,9032
2026-08-01,144,Kyurem,Pokémon,16,9,32,9032
2026-08-01,183,Smoochum,Pokémon,16,9,16,9032
2026-08-01,880,Spectrier,Pokémon,16,9,16,9032
2026-08-01,224,Annihilape,Pokémon,16,9,16,9032
2026-08-01,115,Conkeldurr,Pokémon,16,9,16,9032
2026-08-01,1248,Academy at Night,Trainer,16,9,64,9032
2026-08-01,1188,Ciphermaniac’s Codebreaking,Trainer,16,9,64,9032
2026-08-01,1146,Wondrous Patch,Trainer,16,9,48,9032
2026-08-01,432,Team Rocket's Wobbuffet,Pokémon,8,2,8,9032
2026-08-01,463,Team Rocket's Murkrow,Pokémon,8,2,16,9032
2026-08-01,247,Swirlix,Pokémon,4,1,16,9032
2026-08-01,917,Chikorita,Pokémon,22,14,46,9032
2026-08-01,709,Bayleef,Pokémon,100,61,202,9032
2026-08-01,710,Meganium,Pokémon,100,61,200,9032
2026-08-01,150,Hydrapple ex,Pokémon,20,13,40,9032
2026-08-01,920,Tapu Bulu,Pokémon,26,15,46,9032
2026-08-01,1187,Morty’s Conviction,Trainer,22,8,66,9032
2026-08-01,1260,Risky Ruins,Trainer,70,32,140,9032
2026-08-01,73,Rellor,Pokémon,60,29,60,9032
2026-08-01,74,Rabsca,Pokémon,60,29,60,9032
2026-08-01,100,Goldeen,Pokémon,14,7,28,9032
2026-08-01,149,Applin,Pokémon,14,7,42,9032
2026-08-01,240,Seaking,Pokémon,14,7,14,9032
2026-08-01,1092,Secret Box,Trainer,60,29,60,9032
2026-08-01,1191,Kieran,Trainer,60,29,106,9032
2026-08-01,1202,Drayton,Trainer,14,7,14,9032
2026-08-01,65,Dunsparce,Pokémon,67,31,134,9032
2026-08-01,306,Dudunsparce ex,Pokémon,67,31,67,9032
2026-08-01,1246,Jamming Tower,Trainer,69,37,138,9032
2026-08-01,402,Smoliv,Pokémon,6,2,12,9032
2026-08-01,403,Dolliv,Pokémon,6,2,12,9032
2026-08-01,404,Arboliva ex,Pokémon,6,2,12,9032
2026-08-01,708,Chikorita,Pokémon,78,47,228,9032
2026-08-01,675,Lunatone,Pokémon,13,5,26,9032
2026-08-01,676,Solrock,Pokémon,13,5,39,9032
2026-08-01,677,Riolu,Pokémon,13,5,52,9032
2026-08-01,678,Mega Lucario ex,Pokémon,13,5,52,9032
2026-08-01,1141,Premium Power Pro,Trainer,13,5,52,9032
2026-08-01,1252,Gravity Mountain,Trainer,13,5,13,9032
2026-08-01,919,Mega Meganium ex,Pokémon,2,1,2,9032
2026-08-01,650,Bulbasaur,Pokémon,74,46,148,9032
2026-08-01,651,Ivysaur,Pokémon,74,46,148,9032
2026-08-01,652,Mega Venusaur ex,Pokémon,74,46,148,9032
2026-08-01,1247,Neutralization Zone,Trainer,14,6,14,9032
2026-08-01,1145,Mega Signal,Trainer,72,45,144,9032
2026-08-01,1158,Maximum Belt,Trainer,17,9,17,9032
2026-08-01,861,Mega Froslass ex,Pokémon,105,66,210,9032
2026-08-01,1192,Carmine,Trainer,1,0,3,9032
2026-08-01,131,Duskull,Pokémon,1,0,2,9032
2026-08-01,132,Dusclops,Pokémon,1,0,2,9032
2026-08-01,133,Dusknoir,Pokémon,1,0,1,9032
2026-08-01,791,Moltres,Pokémon,1,0,1,9032
2026-07-31,6,Basic {F} Energy,Energy,456,251,1835,8678
2026-07-31,20,Rock Fighting Energy,Energy,750,383,2294,8678
2026-07-31,341,Cynthia's Roselia,Pokémon,311,169,1244,8678
2026-07-31,342,Cynthia's Roserade,Pokémon,311,169,933,8678
2026-07-31,379,Cynthia's Gible,Pokémon,311,169,1244,8678
2026-07-31,380,Cynthia's Gabite,Pokémon,311,169,1244,8678
2026-07-31,381,Cynthia's Garchomp ex,Pokémon,311,169,933,8678
2026-07-31,387,Cynthia's Spiritomb,Pokémon,311,169,622,8678
2026-07-31,1080,Unfair Stamp,Trainer,6450,3189,6450,8678
2026-07-31,1086,Buddy-Buddy Poffin,Trainer,8196,4057,31131,8678
2026-07-31,1097,Night Stretcher,Trainer,7265,3580,19601,8678
2026-07-31,1142,Fighting Gong,Trainer,311,169,1244,8678
2026-07-31,1152,Poké Pad,Trainer,7639,3799,30285,8678
2026-07-31,1173,Cynthia's Power Weight,Trainer,311,169,933,8678
2026-07-31,1182,Boss’s Orders,Trainer,7991,4006,18215,8678
2026-07-31,1197,Xerosic’s Machinations,Trainer,2130,1067,3930,8678
2026-07-31,1203,Surfer,Trainer,311,169,311,8678
2026-07-31,1225,Hilda,Trainer,1804,918,6199,8678
2026-07-31,1227,Lillie's Determination,Trainer,8145,4082,32357,8678
2026-07-31,1261,Forest of Vitality,Trainer,324,172,662,8678
2026-07-31,11,Mist Energy,Energy,1038,551,4152,8678
2026-07-31,14,Spiky Energy,Energy,914,486,3190,8678
2026-07-31,18,Grow Grass Energy,Energy,914,458,3068,8678
2026-07-31,117,Cornerstone Mask Ogerpon ex,Pokémon,449,214,545,8678
2026-07-31,344,Dwebble,Pokémon,630,283,2493,8678
2026-07-31,345,Crustle,Pokémon,630,283,2140,8678
2026-07-31,756,Mega Kangaskhan ex,Pokémon,756,365,2096,8678
2026-07-31,1120,Crushing Hammer,Trainer,428,224,1682,8678
2026-07-31,1121,Ultra Ball,Trainer,1553,866,4502,8678
2026-07-31,1122,Pokégear 3.0,Trainer,6306,3145,10914,8678
2026-07-31,1123,Switch,Trainer,535,248,1078,8678
2026-07-31,1147,Jumbo Ice Cream,Trainer,914,458,3088,8678
2026-07-31,1159,Hero’s Cape,Trainer,1220,603,1220,8678
2026-07-31,1212,Cook,Trainer,184,85,184,8678
2026-07-31,1219,Team Rocket's Petrel,Trainer,5834,2840,23018,8678
2026-07-31,1257,Team Rocket's Factory,Trainer,648,319,1207,8678
2026-07-31,2,Basic {R} Energy,Energy,329,189,1065,8678
2026-07-31,5,Basic {P} Energy,Energy,894,458,2202,8678
2026-07-31,7,Basic {D} Energy,Energy,5708,2800,54585,8678
2026-07-31,112,Munkidori,Pokémon,5708,2800,22155,8678
2026-07-31,119,Dreepy,Pokémon,329,189,1316,8678
2026-07-31,120,Drakloak,Pokémon,329,189,1316,8678
2026-07-31,121,Dragapult ex,Pokémon,329,189,841,8678
2026-07-31,140,Fezandipiti ex,Pokémon,1193,615,1193,8678
2026-07-31,235,Budew,Pokémon,443,255,516,8678
2026-07-31,1071,Meowth ex,Pokémon,472,273,751,8678
2026-07-31,1198,Crispin,Trainer,474,271,1461,8678
2026-07-31,1213,Judge,Trainer,651,384,1559,8678
2026-07-31,1231,Dawn,Trainer,6216,3021,7771,8678
2026-07-31,1246,Jamming Tower,Trainer,64,40,128,8678
2026-07-31,13,Enriching Energy,Energy,815,442,815,8678
2026-07-31,19,Telepath Psychic Energy,Energy,523,240,1968,8678
2026-07-31,66,Dudunsparce,Pokémon,926,508,2479,8678
2026-07-31,305,Dunsparce,Pokémon,918,506,2985,8678
2026-07-31,343,Shaymin,Pokémon,519,220,519,8678
2026-07-31,741,Abra,Pokémon,398,175,1592,8678
2026-07-31,742,Kadabra,Pokémon,398,175,1592,8678
2026-07-31,743,Alakazam,Pokémon,398,175,1592,8678
2026-07-31,1079,Rare Candy,Trainer,5891,2849,17771,8678
2026-07-31,1081,Enhanced Hammer,Trainer,398,175,1590,8678
2026-07-31,1129,Sacred Ash,Trainer,801,376,801,8678
2026-07-31,1184,Lana’s Aid,Trainer,452,201,452,8678
2026-07-31,1266,Nighttime Mine,Trainer,383,165,768,8678
2026-07-31,104,Froslass,Pokémon,5352,2603,10704,8678
2026-07-31,646,Marnie's Impidimp,Pokémon,5375,2613,21387,8678
2026-07-31,647,Marnie's Morgrem,Pokémon,5375,2613,15975,8678
2026-07-31,648,Marnie's Grimmsnarl ex,Pokémon,5375,2613,16125,8678
2026-07-31,860,Snorunt,Pokémon,5353,2604,10820,8678
2026-07-31,1259,Spikemuth Gym,Trainer,5375,2613,21500,8678
2026-07-31,1137,Tool Scrapper,Trainer,5215,2585,5215,8678
2026-07-31,1,Basic {G} Energy,Energy,1661,839,12646,8678
2026-07-31,1194,Colress’s Tenacity,Trainer,208,110,377,8678
2026-07-31,1264,Battle Cage,Trainer,614,289,1433,8678
2026-07-31,1156,Lucky Helmet,Trainer,156,80,156,8678
2026-07-31,96,Teal Mask Ogerpon ex,Pokémon,428,260,1577,8678
2026-07-31,184,Latias ex,Pokémon,266,149,402,8678
2026-07-31,63,Raging Bolt ex,Pokémon,135,82,270,8678
2026-07-31,108,Wellspring Mask Ogerpon ex,Pokémon,135,82,135,8678
2026-07-31,272,Lillie’s Clefairy ex,Pokémon,371,206,495,8678
2026-07-31,978,Passimian,Pokémon,135,82,135,8678
2026-07-31,1205,Cyrano,Trainer,135,82,270,8678
2026-07-31,1116,Energy Switch,Trainer,158,92,563,8678
2026-07-31,1098,Glass Trumpet,Trainer,135,82,270,8678
2026-07-31,1088,Prime Catcher,Trainer,136,82,136,8678
2026-07-31,1250,Area Zero Underdepths,Trainer,247,141,652,8678
2026-07-31,4,Basic {L} Energy,Energy,135,82,270,8678
2026-07-31,3,Basic {W} Energy,Energy,146,83,289,8678
2026-07-31,31,Chi-Yu,Pokémon,112,59,112,8678
2026-07-31,45,Shaymin,Pokémon,112,59,112,8678
2026-07-31,324,Torchic,Pokémon,112,59,224,8678
2026-07-31,325,Combusken,Pokémon,112,59,112,8678
2026-07-31,326,Blaziken ex,Pokémon,112,59,224,8678
2026-07-31,1256,Team Rocket's Watchtower,Trainer,152,82,192,8678
2026-07-31,1127,Tera Orb,Trainer,284,175,568,8678
2026-07-31,1094,Bug Catching Set,Trainer,1080,559,3981,8678
2026-07-31,1118,Energy Retrieval,Trainer,284,175,568,8678
2026-07-31,1119,Energy Search,Trainer,315,187,1198,8678
2026-07-31,1201,Briar,Trainer,285,175,285,8678
2026-07-31,1221,N's Plan,Trainer,284,175,284,8678
2026-07-31,1223,Harlequin,Trainer,284,175,568,8678
2026-07-31,1251,Lively Stadium,Trainer,284,175,568,8678
2026-07-31,131,Duskull,Pokémon,34,21,68,8678
2026-07-31,132,Dusclops,Pokémon,34,21,68,8678
2026-07-31,133,Dusknoir,Pokémon,34,21,34,8678
2026-07-31,1161,Handheld Fan,Trainer,663,330,1264,8678
2026-07-31,15,Team Rocket's Energy,Energy,339,157,1356,8678
2026-07-31,400,Team Rocket's Tarountula,Pokémon,339,157,1356,8678
2026-07-31,401,Team Rocket's Spidops,Pokémon,339,157,1356,8678
2026-07-31,414,Team Rocket's Articuno,Pokémon,349,157,698,8678
2026-07-31,431,Team Rocket's Mewtwo ex,Pokémon,339,157,678,8678
2026-07-31,434,Team Rocket's Mimikyu,Pokémon,308,145,799,8678
2026-07-31,1134,Team Rocket's Transceiver,Trainer,339,157,1356,8678
2026-07-31,1175,Brave Bangle,Trainer,698,347,1508,8678
2026-07-31,1216,Team Rocket's Ariana,Trainer,339,157,1356,8678
2026-07-31,1217,Team Rocket's Archer,Trainer,192,93,193,8678
2026-07-31,1218,Team Rocket's Giovanni,Trainer,339,157,913,8678
2026-07-31,1220,Team Rocket's Proton,Trainer,339,157,1144,8678
2026-07-31,42,Applin,Pokémon,55,22,110,8678
2026-07-31,89,Grookey,Pokémon,448,224,1792,8678
2026-07-31,90,Thwackey,Pokémon,448,224,1792,8678
2026-07-31,92,Applin,Pokémon,456,227,1698,8678
2026-07-31,93,Dipplin,Pokémon,456,227,1808,8678
2026-07-31,655,Celebi,Pokémon,55,22,182,8678
2026-07-31,1102,Dusk Ball,Trainer,55,22,55,8678
2026-07-31,1155,Survival Brace,Trainer,17,6,17,8678
2026-07-31,1245,Festival Grounds,Trainer,448,224,1792,8678
2026-07-31,689,Yveltal,Pokémon,115,67,115,8678
2026-07-31,1174,Air Balloon,Trainer,576,357,1751,8678
2026-07-31,1087,Hand Trimmer,Trainer,279,123,335,8678
2026-07-31,1260,Risky Ruins,Trainer,113,67,226,8678
2026-07-31,848,Buneary,Pokémon,418,268,1548,8678
2026-07-31,849,Mega Lopunny ex,Pokémon,418,268,1254,8678
2026-07-31,174,Fan Rotom,Pokémon,418,268,418,8678
2026-07-31,1229,Wally's Compassion,Trainer,419,269,1675,8678
2026-07-31,1187,Morty’s Conviction,Trainer,131,58,348,8678
2026-07-31,247,Swirlix,Pokémon,11,3,44,8678
2026-07-31,1126,Precious Trolley,Trainer,38,16,38,8678
2026-07-31,1211,Black Belt’s Training,Trainer,83,39,83,8678
2026-07-31,16,Prism Energy,Energy,10,0,40,8678
2026-07-31,1210,Brock’s Scouting,Trainer,18,3,56,8678
2026-07-31,1236,Urbain,Trainer,10,0,40,8678
2026-07-31,91,Rillaboom,Pokémon,45,23,45,8678
2026-07-31,73,Rellor,Pokémon,45,23,45,8678
2026-07-31,74,Rabsca,Pokémon,45,23,45,8678
2026-07-31,142,Genesect,Pokémon,45,23,45,8678
2026-07-31,1191,Kieran,Trainer,45,23,45,8678
2026-07-31,666,Cinderace,Pokémon,1,1,2,8678
2026-07-31,861,Mega Froslass ex,Pokémon,1,1,3,8678
2026-07-31,1030,Staryu,Pokémon,1,1,3,8678
2026-07-31,1031,Mega Starmie ex,Pokémon,1,1,3,8678
2026-07-31,1145,Mega Signal,Trainer,1,1,3,8678
2026-07-31,1189,Salvatore,Trainer,1,1,2,8678
2026-07-31,1224,Cheren,Trainer,1,1,2,8678
2026-07-31,1262,Surfing Beach,Trainer,1,1,4,8678
2026-07-31,432,Team Rocket's Wobbuffet,Pokémon,31,12,31,8678
2026-07-31,463,Team Rocket's Murkrow,Pokémon,31,12,62,8678
2026-07-31,17,Ignition Energy,Energy,1,0,1,8678
2026-07-31,1095,Dangerous Laser,Trainer,1,0,1,8678
2026-07-31,65,Dunsparce,Pokémon,8,2,16,8678
2026-07-31,306,Dudunsparce ex,Pokémon,10,3,10,8678
2026-07-31,1112,Super Potion,Trainer,4,0,4,8678
2026-07-31,917,Chikorita,Pokémon,8,3,16,8678
2026-07-31,709,Bayleef,Pokémon,9,3,18,8678
2026-07-31,710,Meganium,Pokémon,9,3,18,8678
2026-07-31,150,Hydrapple ex,Pokémon,8,3,16,8678
2026-07-31,920,Tapu Bulu,Pokémon,9,3,17,8678
2026-07-31,402,Smoliv,Pokémon,1,0,2,8678
2026-07-31,403,Dolliv,Pokémon,1,0,2,8678
2026-07-31,404,Arboliva ex,Pokémon,1,0,2,8678
2026-07-31,708,Chikorita,Pokémon,1,0,2,8678
2026-07-31,1247,Neutralization Zone,Trainer,1,1,1,8678
2026-07-31,163,Slowking,Pokémon,1,0,4,8678
2026-07-31,162,Slowpoke,Pokémon,1,0,4,8678
2026-07-31,144,Kyurem,Pokémon,1,0,2,8678
2026-07-31,183,Smoochum,Pokémon,1,0,1,8678
2026-07-31,880,Spectrier,Pokémon,1,0,1,8678
2026-07-31,224,Annihilape,Pokémon,1,0,1,8678
2026-07-31,115,Conkeldurr,Pokémon,1,0,1,8678
2026-07-31,1248,Academy at Night,Trainer,1,0,4,8678
2026-07-31,1188,Ciphermaniac’s Codebreaking,Trainer,1,0,4,8678
2026-07-31,1146,Wondrous Patch,Trainer,1,0,3,8678
2026-07-30,1227,Lillie's Determination,Trainer,7766,3898,30581,8756
2026-07-30,7,Basic {D} Energy,Energy,5795,2916,55759,8756
2026-07-30,1152,Poké Pad,Trainer,7667,3822,30551,8756
2026-07-30,104,Froslass,Pokémon,5517,2771,11034,8756
2026-07-30,1086,Buddy-Buddy Poffin,Trainer,8205,4071,31112,8756
2026-07-30,1219,Team Rocket's Petrel,Trainer,5987,3003,23687,8756
2026-07-30,646,Marnie's Impidimp,Pokémon,5517,2771,21989,8756
2026-07-30,1259,Spikemuth Gym,Trainer,5517,2771,22068,8756
2026-07-30,647,Marnie's Morgrem,Pokémon,5517,2771,16445,8756
2026-07-30,1231,Dawn,Trainer,6537,3267,8829,8756
2026-07-30,860,Snorunt,Pokémon,5518,2772,11116,8756
2026-07-30,648,Marnie's Grimmsnarl ex,Pokémon,5517,2771,16551,8756
2026-07-30,112,Munkidori,Pokémon,5799,2918,22587,8756
2026-07-30,1097,Night Stretcher,Trainer,7461,3724,19812,8756
2026-07-30,1182,Boss’s Orders,Trainer,8115,4045,18027,8756
2026-07-30,1079,Rare Candy,Trainer,6311,3138,19064,8756
2026-07-30,1122,Pokégear 3.0,Trainer,5777,2883,8852,8756
2026-07-30,1080,Unfair Stamp,Trainer,6225,3129,6225,8756
2026-07-30,1137,Tool Scrapper,Trainer,4878,2457,4878,8756
2026-07-30,1,Basic {G} Energy,Energy,1700,857,10902,8756
2026-07-30,11,Mist Energy,Energy,809,387,3236,8756
2026-07-30,14,Spiky Energy,Energy,787,379,3047,8756
2026-07-30,18,Grow Grass Energy,Energy,848,416,3158,8756
2026-07-30,20,Rock Fighting Energy,Energy,660,323,1875,8756
2026-07-30,117,Cornerstone Mask Ogerpon ex,Pokémon,447,217,511,8756
2026-07-30,344,Dwebble,Pokémon,756,357,2955,8756
2026-07-30,345,Crustle,Pokémon,756,357,2573,8756
2026-07-30,756,Mega Kangaskhan ex,Pokémon,997,496,2923,8756
2026-07-30,1121,Ultra Ball,Trainer,1457,768,3807,8756
2026-07-30,1123,Switch,Trainer,700,337,1644,8756
2026-07-30,1147,Jumbo Ice Cream,Trainer,850,417,3216,8756
2026-07-30,1159,Hero’s Cape,Trainer,1330,662,1330,8756
2026-07-30,1194,Colress’s Tenacity,Trainer,196,93,359,8756
2026-07-30,1197,Xerosic’s Machinations,Trainer,2278,1097,4986,8756
2026-07-30,1225,Hilda,Trainer,1891,895,6648,8756
2026-07-30,1257,Team Rocket's Factory,Trainer,814,415,1641,8756
2026-07-30,1264,Battle Cage,Trainer,732,343,1631,8756
2026-07-30,15,Team Rocket's Energy,Energy,498,256,1992,8756
2026-07-30,400,Team Rocket's Tarountula,Pokémon,498,256,1992,8756
2026-07-30,401,Team Rocket's Spidops,Pokémon,498,256,1992,8756
2026-07-30,414,Team Rocket's Articuno,Pokémon,527,270,1054,8756
2026-07-30,431,Team Rocket's Mewtwo ex,Pokémon,498,256,996,8756
2026-07-30,434,Team Rocket's Mimikyu,Pokémon,463,240,1170,8756
2026-07-30,1094,Bug Catching Set,Trainer,909,470,3136,8756
2026-07-30,1134,Team Rocket's Transceiver,Trainer,498,256,1992,8756
2026-07-30,1175,Brave Bangle,Trainer,676,335,1213,8756
2026-07-30,1216,Team Rocket's Ariana,Trainer,498,256,1990,8756
2026-07-30,1217,Team Rocket's Archer,Trainer,410,215,419,8756
2026-07-30,1218,Team Rocket's Giovanni,Trainer,498,256,1409,8756
2026-07-30,1220,Team Rocket's Proton,Trainer,498,256,1820,8756
2026-07-30,1071,Meowth ex,Pokémon,529,290,1071,8756
2026-07-30,96,Teal Mask Ogerpon ex,Pokémon,368,216,1206,8756
2026-07-30,184,Latias ex,Pokémon,270,153,536,8756
2026-07-30,63,Raging Bolt ex,Pokémon,266,151,532,8756
2026-07-30,108,Wellspring Mask Ogerpon ex,Pokémon,266,151,266,8756
2026-07-30,140,Fezandipiti ex,Pokémon,1325,660,1325,8756
2026-07-30,272,Lillie’s Clefairy ex,Pokémon,336,189,336,8756
2026-07-30,978,Passimian,Pokémon,266,151,266,8756
2026-07-30,1198,Crispin,Trainer,544,296,1853,8756
2026-07-30,1205,Cyrano,Trainer,266,151,532,8756
2026-07-30,1116,Energy Switch,Trainer,407,223,1207,8756
2026-07-30,1098,Glass Trumpet,Trainer,266,151,532,8756
2026-07-30,1088,Prime Catcher,Trainer,266,151,266,8756
2026-07-30,1250,Area Zero Underdepths,Trainer,336,189,1134,8756
2026-07-30,4,Basic {L} Energy,Energy,288,159,598,8756
2026-07-30,6,Basic {F} Energy,Energy,534,283,1774,8756
2026-07-30,3,Basic {W} Energy,Energy,295,165,594,8756
2026-07-30,5,Basic {P} Energy,Energy,1282,631,2736,8756
2026-07-30,1120,Crushing Hammer,Trainer,500,256,1925,8756
2026-07-30,1212,Cook,Trainer,231,121,231,8756
2026-07-30,1156,Lucky Helmet,Trainer,106,58,106,8756
2026-07-30,1161,Handheld Fan,Trainer,855,446,1564,8756
2026-07-30,235,Budew,Pokémon,335,168,411,8756
2026-07-30,689,Yveltal,Pokémon,79,35,79,8756
2026-07-30,1174,Air Balloon,Trainer,163,78,381,8756
2026-07-30,13,Enriching Energy,Energy,788,367,788,8756
2026-07-30,19,Telepath Psychic Energy,Energy,728,331,2912,8756
2026-07-30,66,Dudunsparce,Pokémon,810,374,1901,8756
2026-07-30,305,Dunsparce,Pokémon,801,371,2536,8756
2026-07-30,343,Shaymin,Pokémon,843,385,843,8756
2026-07-30,741,Abra,Pokémon,724,329,2896,8756
2026-07-30,742,Kadabra,Pokémon,724,329,2896,8756
2026-07-30,743,Alakazam,Pokémon,724,329,2896,8756
2026-07-30,1081,Enhanced Hammer,Trainer,724,329,2692,8756
2026-07-30,1129,Sacred Ash,Trainer,1027,477,1027,8756
2026-07-30,1184,Lana’s Aid,Trainer,740,336,740,8756
2026-07-30,1266,Nighttime Mine,Trainer,573,251,1172,8756
2026-07-30,432,Team Rocket's Wobbuffet,Pokémon,35,16,35,8756
2026-07-30,463,Team Rocket's Murkrow,Pokémon,35,16,70,8756
2026-07-30,1119,Energy Search,Trainer,127,75,438,8756
2026-07-30,89,Grookey,Pokémon,309,149,1236,8756
2026-07-30,90,Thwackey,Pokémon,309,149,1236,8756
2026-07-30,92,Applin,Pokémon,316,155,1014,8756
2026-07-30,93,Dipplin,Pokémon,319,155,1256,8756
2026-07-30,247,Swirlix,Pokémon,75,27,300,8756
2026-07-30,1245,Festival Grounds,Trainer,309,149,1236,8756
2026-07-30,1087,Hand Trimmer,Trainer,271,121,439,8756
2026-07-30,1146,Wondrous Patch,Trainer,90,50,90,8756
2026-07-30,1187,Morty’s Conviction,Trainer,35,9,105,8756
2026-07-30,2,Basic {R} Energy,Energy,253,133,843,8756
2026-07-30,65,Dunsparce,Pokémon,9,3,19,8756
2026-07-30,119,Dreepy,Pokémon,253,133,1012,8756
2026-07-30,120,Drakloak,Pokémon,253,133,1012,8756
2026-07-30,121,Dragapult ex,Pokémon,253,133,590,8756
2026-07-30,306,Dudunsparce ex,Pokémon,8,3,8,8756
2026-07-30,1213,Judge,Trainer,338,187,628,8756
2026-07-30,1260,Risky Ruins,Trainer,8,3,16,8756
2026-07-30,31,Chi-Yu,Pokémon,70,38,70,8756
2026-07-30,45,Shaymin,Pokémon,70,38,70,8756
2026-07-30,324,Torchic,Pokémon,70,38,140,8756
2026-07-30,325,Combusken,Pokémon,70,38,70,8756
2026-07-30,326,Blaziken ex,Pokémon,70,38,140,8756
2026-07-30,1256,Team Rocket's Watchtower,Trainer,172,93,271,8756
2026-07-30,341,Cynthia's Roselia,Pokémon,242,120,968,8756
2026-07-30,379,Cynthia's Gible,Pokémon,242,120,968,8756
2026-07-30,380,Cynthia's Gabite,Pokémon,242,120,968,8756
2026-07-30,1142,Fighting Gong,Trainer,243,120,969,8756
2026-07-30,342,Cynthia's Roserade,Pokémon,242,120,729,8756
2026-07-30,381,Cynthia's Garchomp ex,Pokémon,242,120,726,8756
2026-07-30,1173,Cynthia's Power Weight,Trainer,242,120,726,8756
2026-07-30,387,Cynthia's Spiritomb,Pokémon,242,120,481,8756
2026-07-30,1261,Forest of Vitality,Trainer,251,126,520,8756
2026-07-30,1203,Surfer,Trainer,239,119,239,8756
2026-07-30,745,Ralts,Pokémon,4,2,16,8756
2026-07-30,746,Kirlia,Pokémon,4,2,12,8756
2026-07-30,747,Mega Gardevoir ex,Pokémon,4,2,12,8756
2026-07-30,24,Team Rocket's Kangaskhan ex,Pokémon,4,2,4,8756
2026-07-30,1145,Mega Signal,Trainer,5,3,7,8756
2026-07-30,1249,Grand Tree,Trainer,7,3,7,8756
2026-07-30,16,Prism Energy,Energy,29,14,116,8756
2026-07-30,848,Buneary,Pokémon,82,44,294,8756
2026-07-30,849,Mega Lopunny ex,Pokémon,82,44,238,8756
2026-07-30,1267,Lumiose City,Trainer,4,2,4,8756
2026-07-30,1141,Premium Power Pro,Trainer,4,1,7,8756
2026-07-30,73,Rellor,Pokémon,6,1,6,8756
2026-07-30,74,Rabsca,Pokémon,6,1,6,8756
2026-07-30,1191,Kieran,Trainer,3,1,6,8756
2026-07-30,1211,Black Belt’s Training,Trainer,44,18,47,8756
2026-07-30,1092,Secret Box,Trainer,6,1,6,8756
2026-07-30,1030,Staryu,Pokémon,4,2,15,8756
2026-07-30,1031,Mega Starmie ex,Pokémon,4,2,12,8756
2026-07-30,131,Duskull,Pokémon,102,55,204,8756
2026-07-30,132,Dusclops,Pokémon,102,55,204,8756
2026-07-30,133,Dusknoir,Pokémon,102,55,105,8756
2026-07-30,1167,Deluxe Bomb,Trainer,3,1,3,8756
2026-07-30,1192,Carmine,Trainer,7,1,17,8756
2026-07-30,1229,Wally's Compassion,Trainer,83,44,331,8756
2026-07-30,17,Ignition Energy,Energy,3,1,12,8756
2026-07-30,1210,Brock’s Scouting,Trainer,25,12,100,8756
2026-07-30,1236,Urbain,Trainer,25,12,100,8756
2026-07-30,917,Chikorita,Pokémon,10,6,20,8756
2026-07-30,709,Bayleef,Pokémon,10,6,20,8756
2026-07-30,710,Meganium,Pokémon,10,6,20,8756
2026-07-30,150,Hydrapple ex,Pokémon,10,6,20,8756
2026-07-30,920,Tapu Bulu,Pokémon,10,6,20,8756
2026-07-30,464,Team Rocket's Sneasel,Pokémon,2,2,2,8756
2026-07-30,1158,Maximum Belt,Trainer,2,2,2,8756
2026-07-30,666,Cinderace,Pokémon,3,2,10,8756
2026-07-30,861,Mega Froslass ex,Pokémon,1,1,3,8756
2026-07-30,1189,Salvatore,Trainer,1,1,2,8756
2026-07-30,1224,Cheren,Trainer,1,1,2,8756
2026-07-30,1262,Surfing Beach,Trainer,1,1,3,8756
2026-07-30,1112,Super Potion,Trainer,2,1,2,8756
2026-07-30,174,Fan Rotom,Pokémon,78,42,78,8756
2026-07-30,8,Basic {M} Energy,Energy,2,1,22,8756
2026-07-30,57,Relicanth,Pokémon,2,1,2,8756
2026-07-30,169,Duraludon,Pokémon,2,1,8,8756
2026-07-30,190,Archaludon ex,Pokémon,2,1,8,8756
2026-07-30,1185,Explorer’s Guidance,Trainer,2,1,8,8756
2026-07-30,1244,Full Metal Lab,Trainer,2,1,8,8756
2026-07-30,1246,Jamming Tower,Trainer,91,46,167,8756
2026-07-30,42,Applin,Pokémon,115,58,230,8756
2026-07-30,655,Celebi,Pokémon,115,58,422,8756
2026-07-30,1102,Dusk Ball,Trainer,116,58,119,8756
2026-07-30,1126,Precious Trolley,Trainer,38,17,38,8756
2026-07-30,869,Stunfisk,Pokémon,22,8,22,8756
2026-07-30,1127,Tera Orb,Trainer,92,59,184,8756
2026-07-30,1118,Energy Retrieval,Trainer,92,59,184,8756
2026-07-30,1201,Briar,Trainer,92,59,92,8756
2026-07-30,1221,N's Plan,Trainer,92,59,92,8756
2026-07-30,1223,Harlequin,Trainer,92,59,184,8756
2026-07-30,1251,Lively Stadium,Trainer,92,59,184,8756
2026-07-30,1155,Survival Brace,Trainer,77,41,77,8756
2026-07-30,149,Applin,Pokémon,3,0,12,8756
2026-07-30,677,Riolu,Pokémon,1,0,4,8756
2026-07-30,678,Mega Lucario ex,Pokémon,1,0,4,8756
2026-07-30,675,Lunatone,Pokémon,1,0,2,8756
2026-07-30,676,Solrock,Pokémon,1,0,4,8756
2026-07-30,1252,Gravity Mountain,Trainer,1,0,1,8756
2026-07-30,1247,Neutralization Zone,Trainer,5,1,5,8756
2026-07-29,7,Basic {D} Energy,Energy,5639,2796,55177,8762
2026-07-29,104,Froslass,Pokémon,5476,2723,10952,8762
2026-07-29,112,Munkidori,Pokémon,5641,2796,22302,8762
2026-07-29,646,Marnie's Impidimp,Pokémon,5477,2723,21797,8762
2026-07-29,647,Marnie's Morgrem,Pokémon,5477,2723,16317,8762
2026-07-29,648,Marnie's Grimmsnarl ex,Pokémon,5477,2723,16436,8762
2026-07-29,860,Snorunt,Pokémon,5495,2731,11120,8762
2026-07-29,1079,Rare Candy,Trainer,6451,3200,19449,8762
2026-07-29,1080,Unfair Stamp,Trainer,5974,2978,5974,8762
2026-07-29,1086,Buddy-Buddy Poffin,Trainer,8279,4107,31213,8762
2026-07-29,1097,Night Stretcher,Trainer,7362,3683,19292,8762
2026-07-29,1122,Pokégear 3.0,Trainer,5758,2883,8673,8762
2026-07-29,1137,Tool Scrapper,Trainer,4823,2431,4823,8762
2026-07-29,1152,Poké Pad,Trainer,7715,3836,30815,8762
2026-07-29,1182,Boss’s Orders,Trainer,7941,3944,17531,8762
2026-07-29,1219,Team Rocket's Petrel,Trainer,5858,2942,23153,8762
2026-07-29,1227,Lillie's Determination,Trainer,7518,3745,29355,8762
2026-07-29,1231,Dawn,Trainer,6527,3249,9525,8762
2026-07-29,1259,Spikemuth Gym,Trainer,5477,2723,21908,8762
2026-07-29,1,Basic {G} Energy,Energy,1802,937,9891,8762
2026-07-29,15,Team Rocket's Energy,Energy,653,345,2612,8762
2026-07-29,400,Team Rocket's Tarountula,Pokémon,653,345,2612,8762
2026-07-29,401,Team Rocket's Spidops,Pokémon,653,345,2612,8762
2026-07-29,414,Team Rocket's Articuno,Pokémon,704,363,1395,8762
2026-07-29,431,Team Rocket's Mewtwo ex,Pokémon,653,345,1306,8762
2026-07-29,434,Team Rocket's Mimikyu,Pokémon,600,315,1634,8762
2026-07-29,1094,Bug Catching Set,Trainer,887,475,2895,8762
2026-07-29,1121,Ultra Ball,Trainer,1360,751,3373,8762
2026-07-29,1134,Team Rocket's Transceiver,Trainer,653,345,2612,8762
2026-07-29,1159,Hero’s Cape,Trainer,1449,722,1449,8762
2026-07-29,1175,Brave Bangle,Trainer,778,418,1424,8762
2026-07-29,1216,Team Rocket's Ariana,Trainer,653,345,2568,8762
2026-07-29,1217,Team Rocket's Archer,Trainer,586,307,589,8762
2026-07-29,1218,Team Rocket's Giovanni,Trainer,653,345,1889,8762
2026-07-29,1220,Team Rocket's Proton,Trainer,653,345,2470,8762
2026-07-29,1257,Team Rocket's Factory,Trainer,799,443,1798,8762
2026-07-29,11,Mist Energy,Energy,799,398,3196,8762
2026-07-29,14,Spiky Energy,Energy,798,397,3027,8762
2026-07-29,18,Grow Grass Energy,Energy,781,379,3052,8762
2026-07-29,20,Rock Fighting Energy,Energy,546,280,1627,8762
2026-07-29,117,Cornerstone Mask Ogerpon ex,Pokémon,441,234,586,8762
2026-07-29,344,Dwebble,Pokémon,781,379,2974,8762
2026-07-29,345,Crustle,Pokémon,781,379,2701,8762
2026-07-29,756,Mega Kangaskhan ex,Pokémon,1034,539,3199,8762
2026-07-29,1123,Switch,Trainer,653,324,1771,8762
2026-07-29,1147,Jumbo Ice Cream,Trainer,782,379,3127,8762
2026-07-29,1194,Colress’s Tenacity,Trainer,157,89,285,8762
2026-07-29,1197,Xerosic’s Machinations,Trainer,2481,1242,5680,8762
2026-07-29,1225,Hilda,Trainer,1902,924,7054,8762
2026-07-29,1264,Battle Cage,Trainer,951,470,2630,8762
2026-07-29,1071,Meowth ex,Pokémon,413,232,991,8762
2026-07-29,96,Teal Mask Ogerpon ex,Pokémon,290,173,869,8762
2026-07-29,184,Latias ex,Pokémon,291,172,580,8762
2026-07-29,63,Raging Bolt ex,Pokémon,289,172,578,8762
2026-07-29,108,Wellspring Mask Ogerpon ex,Pokémon,289,172,289,8762
2026-07-29,140,Fezandipiti ex,Pokémon,1488,770,1488,8762
2026-07-29,272,Lillie’s Clefairy ex,Pokémon,293,175,293,8762
2026-07-29,978,Passimian,Pokémon,289,172,289,8762
2026-07-29,1198,Crispin,Trainer,451,245,1661,8762
2026-07-29,1205,Cyrano,Trainer,289,172,578,8762
2026-07-29,1116,Energy Switch,Trainer,389,227,1256,8762
2026-07-29,1098,Glass Trumpet,Trainer,289,172,578,8762
2026-07-29,1088,Prime Catcher,Trainer,289,172,289,8762
2026-07-29,1250,Area Zero Underdepths,Trainer,306,184,1173,8762
2026-07-29,4,Basic {L} Energy,Energy,289,172,578,8762
2026-07-29,6,Basic {F} Energy,Energy,503,256,1464,8762
2026-07-29,3,Basic {W} Energy,Energy,348,193,801,8762
2026-07-29,5,Basic {P} Energy,Energy,1427,728,2815,8762
2026-07-29,1120,Crushing Hammer,Trainer,397,202,1474,8762
2026-07-29,1212,Cook,Trainer,151,88,151,8762
2026-07-29,89,Grookey,Pokémon,234,130,936,8762
2026-07-29,90,Thwackey,Pokémon,234,130,936,8762
2026-07-29,92,Applin,Pokémon,234,130,936,8762
2026-07-29,93,Dipplin,Pokémon,234,130,936,8762
2026-07-29,247,Swirlix,Pokémon,112,54,448,8762
2026-07-29,1129,Sacred Ash,Trainer,1190,594,1190,8762
2026-07-29,1245,Festival Grounds,Trainer,234,130,936,8762
2026-07-29,1161,Handheld Fan,Trainer,665,318,1330,8762
2026-07-29,13,Enriching Energy,Energy,1002,491,1002,8762
2026-07-29,19,Telepath Psychic Energy,Energy,959,465,3836,8762
2026-07-29,66,Dudunsparce,Pokémon,1058,513,2462,8762
2026-07-29,305,Dunsparce,Pokémon,1014,497,3097,8762
2026-07-29,343,Shaymin,Pokémon,1080,510,1080,8762
2026-07-29,741,Abra,Pokémon,957,465,3828,8762
2026-07-29,742,Kadabra,Pokémon,957,465,3828,8762
2026-07-29,743,Alakazam,Pokémon,957,465,3828,8762
2026-07-29,1081,Enhanced Hammer,Trainer,957,465,3361,8762
2026-07-29,1184,Lana’s Aid,Trainer,956,465,956,8762
2026-07-29,1266,Nighttime Mine,Trainer,719,336,1447,8762
2026-07-29,1087,Hand Trimmer,Trainer,259,100,353,8762
2026-07-29,235,Budew,Pokémon,237,120,290,8762
2026-07-29,689,Yveltal,Pokémon,113,60,113,8762
2026-07-29,1174,Air Balloon,Trainer,166,91,327,8762
2026-07-29,2,Basic {R} Energy,Energy,126,61,485,8762
2026-07-29,65,Dunsparce,Pokémon,46,17,92,8762
2026-07-29,119,Dreepy,Pokémon,126,61,504,8762
2026-07-29,120,Drakloak,Pokémon,126,61,504,8762
2026-07-29,121,Dragapult ex,Pokémon,126,61,374,8762
2026-07-29,306,Dudunsparce ex,Pokémon,46,17,46,8762
2026-07-29,1213,Judge,Trainer,174,74,226,8762
2026-07-29,1260,Risky Ruins,Trainer,46,17,92,8762
2026-07-29,341,Cynthia's Roselia,Pokémon,156,64,624,8762
2026-07-29,342,Cynthia's Roserade,Pokémon,156,64,501,8762
2026-07-29,379,Cynthia's Gible,Pokémon,156,64,624,8762
2026-07-29,380,Cynthia's Gabite,Pokémon,156,64,624,8762
2026-07-29,381,Cynthia's Garchomp ex,Pokémon,156,64,468,8762
2026-07-29,387,Cynthia's Spiritomb,Pokémon,156,64,279,8762
2026-07-29,1142,Fighting Gong,Trainer,165,66,627,8762
2026-07-29,1173,Cynthia's Power Weight,Trainer,156,64,468,8762
2026-07-29,1203,Surfer,Trainer,123,52,123,8762
2026-07-29,1261,Forest of Vitality,Trainer,123,52,246,8762
2026-07-29,16,Prism Energy,Energy,38,12,152,8762
2026-07-29,1210,Brock’s Scouting,Trainer,38,13,148,8762
2026-07-29,1236,Urbain,Trainer,36,12,141,8762
2026-07-29,432,Team Rocket's Wobbuffet,Pokémon,53,30,53,8762
2026-07-29,463,Team Rocket's Murkrow,Pokémon,53,30,106,8762
2026-07-29,1119,Energy Search,Trainer,54,30,107,8762
2026-07-29,1246,Jamming Tower,Trainer,53,25,106,8762
2026-07-29,1141,Premium Power Pro,Trainer,42,14,69,8762
2026-07-29,1256,Team Rocket's Watchtower,Trainer,61,31,72,8762
2026-07-29,1249,Grand Tree,Trainer,35,12,35,8762
2026-07-29,848,Buneary,Pokémon,56,31,216,8762
2026-07-29,849,Mega Lopunny ex,Pokémon,56,31,163,8762
2026-07-29,174,Fan Rotom,Pokémon,54,31,54,8762
2026-07-29,1229,Wally's Compassion,Trainer,86,42,333,8762
2026-07-29,1247,Neutralization Zone,Trainer,7,4,7,8762
2026-07-29,1118,Energy Retrieval,Trainer,13,6,13,8762
2026-07-29,666,Cinderace,Pokémon,20,8,42,8762
2026-07-29,861,Mega Froslass ex,Pokémon,19,8,57,8762
2026-07-29,1030,Staryu,Pokémon,23,9,73,8762
2026-07-29,1031,Mega Starmie ex,Pokémon,23,9,69,8762
2026-07-29,1145,Mega Signal,Trainer,26,10,64,8762
2026-07-29,1189,Salvatore,Trainer,19,8,25,8762
2026-07-29,1224,Cheren,Trainer,19,8,25,8762
2026-07-29,1262,Surfing Beach,Trainer,19,8,70,8762
2026-07-29,1127,Tera Orb,Trainer,5,2,5,8762
2026-07-29,649,Marnie's Morpeko,Pokémon,1,0,1,8762
2026-07-29,1139,Energy Recycler,Trainer,1,0,1,8762
2026-07-29,1146,Wondrous Patch,Trainer,228,123,228,8762
2026-07-29,31,Chi-Yu,Pokémon,17,12,17,8762
2026-07-29,326,Blaziken ex,Pokémon,17,12,34,8762
2026-07-29,410,Torchic,Pokémon,13,9,26,8762
2026-07-29,411,Combusken,Pokémon,13,9,13,8762
2026-07-29,412,Blaziken,Pokémon,13,9,13,8762
2026-07-29,677,Riolu,Pokémon,9,2,36,8762
2026-07-29,678,Mega Lucario ex,Pokémon,9,2,36,8762
2026-07-29,1102,Dusk Ball,Trainer,9,2,36,8762
2026-07-29,675,Lunatone,Pokémon,9,2,18,8762
2026-07-29,676,Solrock,Pokémon,9,2,36,8762
2026-07-29,1192,Carmine,Trainer,13,3,30,8762
2026-07-29,1252,Gravity Mountain,Trainer,9,2,9,8762
2026-07-29,745,Ralts,Pokémon,2,0,8,8762
2026-07-29,746,Kirlia,Pokémon,2,0,6,8762
2026-07-29,747,Mega Gardevoir ex,Pokémon,2,0,6,8762
2026-07-29,24,Team Rocket's Kangaskhan ex,Pokémon,2,0,2,8762
2026-07-29,1267,Lumiose City,Trainer,2,0,2,8762
2026-07-29,131,Duskull,Pokémon,14,8,28,8762
2026-07-29,132,Dusclops,Pokémon,14,8,28,8762
2026-07-29,133,Dusknoir,Pokémon,14,8,18,8762
2026-07-29,791,Moltres,Pokémon,10,7,10,8762
2026-07-29,1187,Morty’s Conviction,Trainer,102,46,306,8762
2026-07-29,1156,Lucky Helmet,Trainer,92,55,92,8762
2026-07-29,8,Basic {M} Energy,Energy,1,0,11,8762
2026-07-29,169,Duraludon,Pokémon,1,0,4,8762
2026-07-29,190,Archaludon ex,Pokémon,1,0,4,8762
2026-07-29,1185,Explorer’s Guidance,Trainer,1,0,4,8762
2026-07-29,1244,Full Metal Lab,Trainer,1,0,2,8762
2026-07-29,1167,Deluxe Bomb,Trainer,4,1,4,8762
2026-07-29,17,Ignition Energy,Energy,4,1,16,8762
2026-07-29,73,Rellor,Pokémon,1,1,1,8762
2026-07-29,74,Rabsca,Pokémon,1,1,1,8762
2026-07-29,1191,Kieran,Trainer,1,1,2,8762
2026-07-29,1211,Black Belt’s Training,Trainer,1,1,1,8762
2026-07-29,1092,Secret Box,Trainer,1,1,1,8762
2026-07-29,45,Shaymin,Pokémon,4,3,4,8762
2026-07-29,324,Torchic,Pokémon,4,3,8,8762
2026-07-29,325,Combusken,Pokémon,4,3,4,8762
2026-07-28,7,Basic {D} Energy,Energy,5971,2963,57251,8766
2026-07-28,104,Froslass,Pokémon,5571,2760,11082,8766
2026-07-28,112,Munkidori,Pokémon,5972,2963,23456,8766
2026-07-28,646,Marnie's Impidimp,Pokémon,5611,2780,22334,8766
2026-07-28,647,Marnie's Morgrem,Pokémon,5611,2780,16832,8766
2026-07-28,648,Marnie's Grimmsnarl ex,Pokémon,5611,2780,16894,8766
2026-07-28,860,Snorunt,Pokémon,5571,2760,11204,8766
2026-07-28,1079,Rare Candy,Trainer,6245,3048,18779,8766
2026-07-28,1080,Unfair Stamp,Trainer,6293,3112,6293,8766
2026-07-28,1086,Buddy-Buddy Poffin,Trainer,8173,4052,30766,8766
2026-07-28,1097,Night Stretcher,Trainer,7146,3520,19482,8766
2026-07-28,1122,Pokégear 3.0,Trainer,5410,2710,8255,8766
2026-07-28,1137,Tool Scrapper,Trainer,4680,2364,4680,8766
2026-07-28,1152,Poké Pad,Trainer,7838,3872,31265,8766
2026-07-28,1182,Boss’s Orders,Trainer,7549,3731,16517,8766
2026-07-28,1219,Team Rocket's Petrel,Trainer,5909,2958,23493,8766
2026-07-28,1227,Lillie's Determination,Trainer,7859,3948,30656,8766
2026-07-28,1231,Dawn,Trainer,6450,3156,8524,8766
2026-07-28,1259,Spikemuth Gym,Trainer,5611,2780,22444,8766
2026-07-28,1197,Xerosic’s Machinations,Trainer,2186,1066,4967,8766
2026-07-28,1,Basic {G} Energy,Energy,2026,1098,11543,8766
2026-07-28,15,Team Rocket's Energy,Energy,748,404,2992,8766
2026-07-28,400,Team Rocket's Tarountula,Pokémon,748,404,2992,8766
2026-07-28,401,Team Rocket's Spidops,Pokémon,748,404,2992,8766
2026-07-28,414,Team Rocket's Articuno,Pokémon,924,498,1847,8766
2026-07-28,431,Team Rocket's Mewtwo ex,Pokémon,748,404,1496,8766
2026-07-28,434,Team Rocket's Mimikyu,Pokémon,714,389,1986,8766
2026-07-28,1094,Bug Catching Set,Trainer,1015,550,3312,8766
2026-07-28,1121,Ultra Ball,Trainer,1519,854,3732,8766
2026-07-28,1134,Team Rocket's Transceiver,Trainer,748,404,2992,8766
2026-07-28,1159,Hero’s Cape,Trainer,1498,800,1498,8766
2026-07-28,1175,Brave Bangle,Trainer,982,535,1598,8766
2026-07-28,1216,Team Rocket's Ariana,Trainer,748,404,2992,8766
2026-07-28,1217,Team Rocket's Archer,Trainer,728,395,732,8766
2026-07-28,1218,Team Rocket's Giovanni,Trainer,748,404,2220,8766
2026-07-28,1220,Team Rocket's Proton,Trainer,748,404,2950,8766
2026-07-28,1257,Team Rocket's Factory,Trainer,914,519,2206,8766
2026-07-28,1030,Staryu,Pokémon,15,5,53,8766
2026-07-28,1031,Mega Starmie ex,Pokémon,15,5,45,8766
2026-07-28,131,Duskull,Pokémon,68,25,136,8766
2026-07-28,132,Dusclops,Pokémon,68,25,136,8766
2026-07-28,133,Dusknoir,Pokémon,68,25,76,8766
2026-07-28,3,Basic {W} Energy,Energy,496,282,916,8766
2026-07-28,1167,Deluxe Bomb,Trainer,8,2,8,8766
2026-07-28,1225,Hilda,Trainer,1459,680,5195,8766
2026-07-28,1192,Carmine,Trainer,12,4,40,8766
2026-07-28,1213,Judge,Trainer,153,77,213,8766
2026-07-28,1229,Wally's Compassion,Trainer,64,34,256,8766
2026-07-28,17,Ignition Energy,Energy,10,3,39,8766
2026-07-28,1161,Handheld Fan,Trainer,1051,515,2038,8766
2026-07-28,11,Mist Energy,Energy,671,355,2683,8766
2026-07-28,14,Spiky Energy,Energy,670,355,2586,8766
2026-07-28,18,Grow Grass Energy,Energy,796,420,2836,8766
2026-07-28,20,Rock Fighting Energy,Energy,461,244,1336,8766
2026-07-28,117,Cornerstone Mask Ogerpon ex,Pokémon,455,265,659,8766
2026-07-28,344,Dwebble,Pokémon,796,420,2989,8766
2026-07-28,345,Crustle,Pokémon,796,420,2738,8766
2026-07-28,756,Mega Kangaskhan ex,Pokémon,929,509,2897,8766
2026-07-28,1123,Switch,Trainer,617,321,1670,8766
2026-07-28,1147,Jumbo Ice Cream,Trainer,797,420,3186,8766
2026-07-28,1194,Colress’s Tenacity,Trainer,188,114,368,8766
2026-07-28,1264,Battle Cage,Trainer,763,386,1440,8766
2026-07-28,89,Grookey,Pokémon,267,146,1068,8766
2026-07-28,90,Thwackey,Pokémon,267,146,1068,8766
2026-07-28,92,Applin,Pokémon,267,146,1068,8766
2026-07-28,93,Dipplin,Pokémon,267,146,1068,8766
2026-07-28,140,Fezandipiti ex,Pokémon,1290,640,1290,8766
2026-07-28,1129,Sacred Ash,Trainer,869,398,870,8766
2026-07-28,1245,Festival Grounds,Trainer,267,146,1068,8766
2026-07-28,1071,Meowth ex,Pokémon,490,272,1104,8766
2026-07-28,96,Teal Mask Ogerpon ex,Pokémon,307,183,921,8766
2026-07-28,184,Latias ex,Pokémon,309,183,616,8766
2026-07-28,63,Raging Bolt ex,Pokémon,307,183,614,8766
2026-07-28,108,Wellspring Mask Ogerpon ex,Pokémon,307,183,307,8766
2026-07-28,272,Lillie’s Clefairy ex,Pokémon,308,183,308,8766
2026-07-28,978,Passimian,Pokémon,307,183,307,8766
2026-07-28,1198,Crispin,Trainer,664,366,2441,8766
2026-07-28,1205,Cyrano,Trainer,309,183,620,8766
2026-07-28,1116,Energy Switch,Trainer,487,276,1408,8766
2026-07-28,1098,Glass Trumpet,Trainer,307,183,614,8766
2026-07-28,1088,Prime Catcher,Trainer,307,183,307,8766
2026-07-28,1250,Area Zero Underdepths,Trainer,339,199,1260,8766
2026-07-28,4,Basic {L} Energy,Energy,307,183,614,8766
2026-07-28,6,Basic {F} Energy,Energy,666,352,1747,8766
2026-07-28,5,Basic {P} Energy,Energy,1127,539,2268,8766
2026-07-28,13,Enriching Energy,Energy,611,267,611,8766
2026-07-28,19,Telepath Psychic Energy,Energy,603,252,2412,8766
2026-07-28,66,Dudunsparce,Pokémon,690,299,1524,8766
2026-07-28,305,Dunsparce,Pokémon,652,280,2038,8766
2026-07-28,343,Shaymin,Pokémon,629,265,629,8766
2026-07-28,741,Abra,Pokémon,600,252,2400,8766
2026-07-28,742,Kadabra,Pokémon,600,252,2400,8766
2026-07-28,743,Alakazam,Pokémon,600,252,2398,8766
2026-07-28,1081,Enhanced Hammer,Trainer,600,252,2382,8766
2026-07-28,1184,Lana’s Aid,Trainer,600,252,600,8766
2026-07-28,1266,Nighttime Mine,Trainer,535,226,1069,8766
2026-07-28,235,Budew,Pokémon,295,153,346,8766
2026-07-28,689,Yveltal,Pokémon,110,64,110,8766
2026-07-28,1174,Air Balloon,Trainer,160,94,306,8766
2026-07-28,341,Cynthia's Roselia,Pokémon,179,72,716,8766
2026-07-28,342,Cynthia's Roserade,Pokémon,179,72,548,8766
2026-07-28,379,Cynthia's Gible,Pokémon,179,72,716,8766
2026-07-28,380,Cynthia's Gabite,Pokémon,179,72,716,8766
2026-07-28,381,Cynthia's Garchomp ex,Pokémon,179,72,537,8766
2026-07-28,387,Cynthia's Spiritomb,Pokémon,178,72,346,8766
2026-07-28,1142,Fighting Gong,Trainer,185,75,730,8766
2026-07-28,1173,Cynthia's Power Weight,Trainer,179,72,538,8766
2026-07-28,1203,Surfer,Trainer,165,65,165,8766
2026-07-28,1261,Forest of Vitality,Trainer,169,67,338,8766
2026-07-28,2,Basic {R} Energy,Energy,183,89,696,8766
2026-07-28,119,Dreepy,Pokémon,183,89,732,8766
2026-07-28,120,Drakloak,Pokémon,183,89,732,8766
2026-07-28,121,Dragapult ex,Pokémon,183,89,549,8766
2026-07-28,1120,Crushing Hammer,Trainer,468,245,1528,8766
2026-07-28,1246,Jamming Tower,Trainer,43,27,86,8766
2026-07-28,1247,Neutralization Zone,Trainer,10,3,10,8766
2026-07-28,1087,Hand Trimmer,Trainer,183,72,311,8766
2026-07-28,848,Buneary,Pokémon,50,29,194,8766
2026-07-28,849,Mega Lopunny ex,Pokémon,50,29,146,8766
2026-07-28,174,Fan Rotom,Pokémon,48,29,48,8766
2026-07-28,247,Swirlix,Pokémon,62,29,248,8766
2026-07-28,31,Chi-Yu,Pokémon,32,16,32,8766
2026-07-28,326,Blaziken ex,Pokémon,32,16,64,8766
2026-07-28,410,Torchic,Pokémon,32,16,64,8766
2026-07-28,411,Combusken,Pokémon,32,16,32,8766
2026-07-28,412,Blaziken,Pokémon,32,16,32,8766
2026-07-28,1256,Team Rocket's Watchtower,Trainer,112,50,180,8766
2026-07-28,1146,Wondrous Patch,Trainer,8,4,8,8766
2026-07-28,306,Dudunsparce ex,Pokémon,37,18,37,8766
2026-07-28,1240,Rosa's Encouragement,Trainer,1,0,1,8766
2026-07-28,1260,Risky Ruins,Trainer,40,18,80,8766
2026-07-28,292,N’s Zorua,Pokémon,2,0,8,8766
2026-07-28,293,N’s Zoroark ex,Pokémon,2,0,8,8766
2026-07-28,906,N's Zekrom,Pokémon,2,0,2,8766
2026-07-28,303,N’s Reshiram,Pokémon,2,0,4,8766
2026-07-28,1113,N’s PP Up,Trainer,2,0,8,8766
2026-07-28,1176,Punk Helmet,Trainer,2,0,4,8766
2026-07-28,1253,N’s Castle,Trainer,2,0,6,8766
2026-07-28,1188,Ciphermaniac’s Codebreaking,Trainer,2,0,2,8766
2026-07-28,1195,Janine’s Secret Art,Trainer,2,0,2,8766
2026-07-28,65,Dunsparce,Pokémon,38,19,79,8766
2026-07-28,597,Frillish,Pokémon,1,0,4,8766
2026-07-28,598,Jellicent ex,Pokémon,1,0,3,8766
2026-07-28,16,Prism Energy,Energy,175,94,700,8766
2026-07-28,1210,Brock’s Scouting,Trainer,174,94,696,8766
2026-07-28,1236,Urbain,Trainer,174,94,604,8766
2026-07-28,1141,Premium Power Pro,Trainer,17,8,37,8766
2026-07-28,1249,Grand Tree,Trainer,11,5,11,8766
2026-07-28,432,Team Rocket's Wobbuffet,Pokémon,34,15,34,8766
2026-07-28,463,Team Rocket's Murkrow,Pokémon,34,15,68,8766
2026-07-28,1119,Energy Search,Trainer,36,15,70,8766
2026-07-28,861,Mega Froslass ex,Pokémon,6,2,12,8766
2026-07-28,1145,Mega Signal,Trainer,29,10,47,8766
2026-07-28,1189,Salvatore,Trainer,8,3,12,8766
2026-07-28,1262,Surfing Beach,Trainer,7,3,26,8766
2026-07-28,1156,Lucky Helmet,Trainer,6,2,18,8766
2026-07-28,1212,Cook,Trainer,74,49,74,8766
2026-07-28,673,Makuhita,Pokémon,6,3,12,8766
2026-07-28,674,Hariyama,Pokémon,6,3,12,8766
2026-07-28,675,Lunatone,Pokémon,6,3,12,8766
2026-07-28,676,Solrock,Pokémon,6,3,18,8766
2026-07-28,677,Riolu,Pokémon,6,3,22,8766
2026-07-28,678,Mega Lucario ex,Pokémon,6,3,24,8766
2026-07-28,1102,Dusk Ball,Trainer,4,2,16,8766
2026-07-28,1252,Gravity Mountain,Trainer,7,3,8,8766
2026-07-28,1187,Morty’s Conviction,Trainer,10,7,30,8766
2026-07-28,827,Carvanha,Pokémon,1,0,4,8766
2026-07-28,828,Mega Sharpedo ex,Pokémon,1,0,4,8766
2026-07-28,833,Toxel,Pokémon,1,0,2,8766
2026-07-28,834,Toxtricity,Pokémon,1,0,2,8766
2026-07-28,829,Seviper,Pokémon,1,0,1,8766
2026-07-28,745,Ralts,Pokémon,1,0,4,8766
2026-07-28,746,Kirlia,Pokémon,1,0,3,8766
2026-07-28,747,Mega Gardevoir ex,Pokémon,1,0,3,8766
2026-07-28,24,Team Rocket's Kangaskhan ex,Pokémon,1,0,1,8766
2026-07-28,1267,Lumiose City,Trainer,1,0,1,8766
2026-07-28,521,Elgyem,Pokémon,1,0,1,8766
2026-07-28,666,Cinderace,Pokémon,1,1,4,8766
2026-07-28,122,Tatsugiri,Pokémon,1,0,1,8766
2026-07-28,791,Moltres,Pokémon,60,23,60,8766
2026-07-28,971,Iron Boulder,Pokémon,8,5,8,8766
2026-07-28,1127,Tera Orb,Trainer,18,6,18,8766
2026-07-28,649,Marnie's Morpeko,Pokémon,2,0,2,8766
2026-07-28,1139,Energy Recycler,Trainer,2,0,2,8766
2026-07-28,164,Comfey,Pokémon,1,0,4,8766
2026-07-28,817,Bramblin,Pokémon,1,0,4,8766
2026-07-28,818,Brambleghast,Pokémon,1,0,3,8766
2026-07-28,1144,Strange Timepiece,Trainer,1,0,1,8766
2026-07-27,7,Basic {D} Energy,Energy,5554,2814,51711,8858
2026-07-27,104,Froslass,Pokémon,5026,2523,9966,8858
2026-07-27,112,Munkidori,Pokémon,5554,2814,21150,8858
2026-07-27,646,Marnie's Impidimp,Pokémon,5044,2532,19959,8858
2026-07-27,647,Marnie's Morgrem,Pokémon,5044,2532,15128,8858
2026-07-27,648,Marnie's Grimmsnarl ex,Pokémon,5044,2532,15168,8858
2026-07-27,860,Snorunt,Pokémon,5038,2529,10255,8858
2026-07-27,1079,Rare Candy,Trainer,6191,3042,18531,8858
2026-07-27,1080,Unfair Stamp,Trainer,6061,3050,6061,8858
2026-07-27,1086,Buddy-Buddy Poffin,Trainer,8188,4085,30719,8858
2026-07-27,1097,Night Stretcher,Trainer,7520,3736,19007,8858
2026-07-27,1152,Poké Pad,Trainer,7995,3970,31833,8858
2026-07-27,1161,Handheld Fan,Trainer,804,394,1516,8858
2026-07-27,1182,Boss’s Orders,Trainer,7890,3935,17960,8858
2026-07-27,1219,Team Rocket's Petrel,Trainer,5220,2626,20655,8858
2026-07-27,1227,Lillie's Determination,Trainer,7368,3726,28645,8858
2026-07-27,1231,Dawn,Trainer,6373,3163,9734,8858
2026-07-27,1259,Spikemuth Gym,Trainer,5044,2532,20176,8858
2026-07-27,1,Basic {G} Energy,Energy,1780,922,11151,8858
2026-07-27,15,Team Rocket's Energy,Energy,811,417,3244,8858
2026-07-27,400,Team Rocket's Tarountula,Pokémon,811,417,3244,8858
2026-07-27,401,Team Rocket's Spidops,Pokémon,811,417,3244,8858
2026-07-27,414,Team Rocket's Articuno,Pokémon,820,419,1640,8858
2026-07-27,431,Team Rocket's Mewtwo ex,Pokémon,811,417,1622,8858
2026-07-27,434,Team Rocket's Mimikyu,Pokémon,752,391,2119,8858
2026-07-27,1094,Bug Catching Set,Trainer,912,464,2837,8858
2026-07-27,1121,Ultra Ball,Trainer,1961,1063,5635,8858
2026-07-27,1134,Team Rocket's Transceiver,Trainer,811,417,3244,8858
2026-07-27,1159,Hero’s Cape,Trainer,1181,608,1181,8858
2026-07-27,1175,Brave Bangle,Trainer,855,439,1133,8858
2026-07-27,1216,Team Rocket's Ariana,Trainer,811,417,3244,8858
2026-07-27,1217,Team Rocket's Archer,Trainer,768,398,768,8858
2026-07-27,1218,Team Rocket's Giovanni,Trainer,811,417,2390,8858
2026-07-27,1220,Team Rocket's Proton,Trainer,811,417,3154,8858
2026-07-27,1257,Team Rocket's Factory,Trainer,940,491,2505,8858
2026-07-27,756,Mega Kangaskhan ex,Pokémon,863,458,2746,8858
2026-07-27,1071,Meowth ex,Pokémon,925,514,1767,8858
2026-07-27,96,Teal Mask Ogerpon ex,Pokémon,421,232,1263,8858
2026-07-27,184,Latias ex,Pokémon,421,232,842,8858
2026-07-27,63,Raging Bolt ex,Pokémon,421,232,842,8858
2026-07-27,108,Wellspring Mask Ogerpon ex,Pokémon,421,232,421,8858
2026-07-27,140,Fezandipiti ex,Pokémon,2062,1021,2062,8858
2026-07-27,272,Lillie’s Clefairy ex,Pokémon,421,232,421,8858
2026-07-27,978,Passimian,Pokémon,421,232,421,8858
2026-07-27,1198,Crispin,Trainer,930,514,3139,8858
2026-07-27,1205,Cyrano,Trainer,426,234,849,8858
2026-07-27,1197,Xerosic’s Machinations,Trainer,2613,1246,6312,8858
2026-07-27,1116,Energy Switch,Trainer,551,287,1850,8858
2026-07-27,1098,Glass Trumpet,Trainer,421,232,842,8858
2026-07-27,1088,Prime Catcher,Trainer,421,232,421,8858
2026-07-27,1250,Area Zero Underdepths,Trainer,498,270,1761,8858
2026-07-27,4,Basic {L} Energy,Energy,421,232,842,8858
2026-07-27,6,Basic {F} Energy,Energy,737,375,2385,8858
2026-07-27,3,Basic {W} Energy,Energy,457,246,1100,8858
2026-07-27,5,Basic {P} Energy,Energy,2053,1011,4619,8858
2026-07-27,1122,Pokégear 3.0,Trainer,4721,2376,6780,8858
2026-07-27,1137,Tool Scrapper,Trainer,4080,2064,4080,8858
2026-07-27,13,Enriching Energy,Energy,1189,538,1189,8858
2026-07-27,19,Telepath Psychic Energy,Energy,1069,471,4276,8858
2026-07-27,66,Dudunsparce,Pokémon,1242,560,2690,8858
2026-07-27,305,Dunsparce,Pokémon,1242,560,3748,8858
2026-07-27,343,Shaymin,Pokémon,1077,475,1077,8858
2026-07-27,741,Abra,Pokémon,1069,471,4276,8858
2026-07-27,742,Kadabra,Pokémon,1069,471,4276,8858
2026-07-27,743,Alakazam,Pokémon,1069,471,4276,8858
2026-07-27,1081,Enhanced Hammer,Trainer,1069,471,4205,8858
2026-07-27,1129,Sacred Ash,Trainer,1171,519,1171,8858
2026-07-27,1184,Lana’s Aid,Trainer,1069,471,1069,8858
2026-07-27,1225,Hilda,Trainer,1969,919,7277,8858
2026-07-27,1266,Nighttime Mine,Trainer,1056,467,2161,8858
2026-07-27,2,Basic {R} Energy,Energy,504,282,1888,8858
2026-07-27,119,Dreepy,Pokémon,504,282,2016,8858
2026-07-27,120,Drakloak,Pokémon,504,282,2016,8858
2026-07-27,121,Dragapult ex,Pokémon,504,282,1512,8858
2026-07-27,235,Budew,Pokémon,722,399,1042,8858
2026-07-27,1120,Crushing Hammer,Trainer,666,363,2608,8858
2026-07-27,1213,Judge,Trainer,470,269,472,8858
2026-07-27,1246,Jamming Tower,Trainer,320,201,640,8858
2026-07-27,689,Yveltal,Pokémon,217,117,217,8858
2026-07-27,1174,Air Balloon,Trainer,339,184,705,8858
2026-07-27,20,Rock Fighting Energy,Energy,463,230,1594,8858
2026-07-27,341,Cynthia's Roselia,Pokémon,307,141,1228,8858
2026-07-27,342,Cynthia's Roserade,Pokémon,307,141,924,8858
2026-07-27,379,Cynthia's Gible,Pokémon,307,141,1228,8858
2026-07-27,380,Cynthia's Gabite,Pokémon,307,141,1228,8858
2026-07-27,381,Cynthia's Garchomp ex,Pokémon,307,141,921,8858
2026-07-27,387,Cynthia's Spiritomb,Pokémon,306,140,610,8858
2026-07-27,1142,Fighting Gong,Trainer,307,141,1226,8858
2026-07-27,1173,Cynthia's Power Weight,Trainer,307,141,922,8858
2026-07-27,1203,Surfer,Trainer,304,140,304,8858
2026-07-27,1261,Forest of Vitality,Trainer,305,141,610,8858
2026-07-27,89,Grookey,Pokémon,101,47,404,8858
2026-07-27,90,Thwackey,Pokémon,101,47,404,8858
2026-07-27,92,Applin,Pokémon,101,47,404,8858
2026-07-27,93,Dipplin,Pokémon,101,47,404,8858
2026-07-27,247,Swirlix,Pokémon,33,11,132,8858
2026-07-27,1245,Festival Grounds,Trainer,101,47,404,8858
2026-07-27,131,Duskull,Pokémon,57,21,114,8858
2026-07-27,132,Dusclops,Pokémon,57,21,114,8858
2026-07-27,133,Dusknoir,Pokémon,57,21,58,8858
2026-07-27,791,Moltres,Pokémon,56,21,56,8858
2026-07-27,1256,Team Rocket's Watchtower,Trainer,135,59,191,8858
2026-07-27,344,Dwebble,Pokémon,447,226,1549,8858
2026-07-27,345,Crustle,Pokémon,447,226,1420,8858
2026-07-27,1147,Jumbo Ice Cream,Trainer,447,226,1788,8858
2026-07-27,1123,Switch,Trainer,415,211,1273,8858
2026-07-27,1264,Battle Cage,Trainer,459,230,837,8858
2026-07-27,18,Grow Grass Energy,Energy,447,226,1776,8858
2026-07-27,11,Mist Energy,Energy,564,293,2256,8858
2026-07-27,14,Spiky Energy,Energy,564,293,2105,8858
2026-07-27,31,Chi-Yu,Pokémon,77,38,77,8858
2026-07-27,326,Blaziken ex,Pokémon,77,38,154,8858
2026-07-27,410,Torchic,Pokémon,77,38,154,8858
2026-07-27,411,Combusken,Pokémon,77,38,77,8858
2026-07-27,412,Blaziken,Pokémon,77,38,77,8858
2026-07-27,432,Team Rocket's Wobbuffet,Pokémon,57,25,57,8858
2026-07-27,463,Team Rocket's Murkrow,Pokémon,59,26,118,8858
2026-07-27,1119,Energy Search,Trainer,59,26,118,8858
2026-07-27,848,Buneary,Pokémon,122,67,488,8858
2026-07-27,849,Mega Lopunny ex,Pokémon,122,67,366,8858
2026-07-27,174,Fan Rotom,Pokémon,122,67,122,8858
2026-07-27,1229,Wally's Compassion,Trainer,153,81,604,8858
2026-07-27,16,Prism Energy,Energy,5,0,20,8858
2026-07-27,117,Cornerstone Mask Ogerpon ex,Pokémon,165,91,194,8858
2026-07-27,1210,Brock’s Scouting,Trainer,5,0,20,8858
2026-07-27,1236,Urbain,Trainer,5,0,15,8858
2026-07-27,1030,Staryu,Pokémon,31,14,94,8858
2026-07-27,1031,Mega Starmie ex,Pokémon,31,14,93,8858
2026-07-27,1167,Deluxe Bomb,Trainer,1,0,1,8858
2026-07-27,1192,Carmine,Trainer,1,0,3,8858
2026-07-27,17,Ignition Energy,Energy,1,0,4,8858
2026-07-27,1187,Morty’s Conviction,Trainer,27,15,81,8858
2026-07-27,1087,Hand Trimmer,Trainer,75,30,136,8858
2026-07-27,1141,Premium Power Pro,Trainer,3,1,5,8858
2026-07-27,861,Mega Froslass ex,Pokémon,30,14,72,8858
2026-07-27,1145,Mega Signal,Trainer,30,14,86,8858
2026-07-27,1189,Salvatore,Trainer,30,14,38,8858
2026-07-27,1262,Surfing Beach,Trainer,30,14,120,8858
2026-07-27,1156,Lucky Helmet,Trainer,22,10,66,8858
2026-07-27,1260,Risky Ruins,Trainer,51,22,102,8858
2026-07-27,1194,Colress’s Tenacity,Trainer,131,74,260,8858
2026-07-27,1249,Grand Tree,Trainer,2,0,2,8858
2026-07-27,1247,Neutralization Zone,Trainer,2,1,2,8858
2026-07-27,666,Cinderace,Pokémon,8,4,16,8858
2026-07-27,1224,Cheren,Trainer,8,4,16,8858
2026-07-27,1118,Energy Retrieval,Trainer,4,2,4,8858
2026-07-27,1146,Wondrous Patch,Trainer,11,4,11,8858
2026-07-27,292,N’s Zorua,Pokémon,1,0,4,8858
2026-07-27,293,N’s Zoroark ex,Pokémon,1,0,4,8858
2026-07-27,906,N's Zekrom,Pokémon,1,0,1,8858
2026-07-27,303,N’s Reshiram,Pokémon,1,0,2,8858
2026-07-27,1113,N’s PP Up,Trainer,1,0,4,8858
2026-07-27,1176,Punk Helmet,Trainer,1,0,2,8858
2026-07-27,1253,N’s Castle,Trainer,1,0,3,8858
2026-07-27,1188,Ciphermaniac’s Codebreaking,Trainer,1,0,1,8858
2026-07-27,1195,Janine’s Secret Art,Trainer,1,0,1,8858
2026-07-26,293,N’s Zoroark ex,Pokémon,12,6,48,9100
2026-07-26,292,N’s Zorua,Pokémon,12,6,48,9100
2026-07-26,303,N’s Reshiram,Pokémon,12,6,24,9100
2026-07-26,906,N's Zekrom,Pokémon,12,6,12,9100
2026-07-26,141,Pecharunt ex,Pokémon,11,5,11,9100
2026-07-26,112,Munkidori,Pokémon,5038,2544,19370,9100
2026-07-26,1113,N’s PP Up,Trainer,12,6,48,9100
2026-07-26,1086,Buddy-Buddy Poffin,Trainer,8220,4055,31582,9100
2026-07-26,1121,Ultra Ball,Trainer,1578,877,4259,9100
2026-07-26,1122,Pokégear 3.0,Trainer,3766,1881,4967,9100
2026-07-26,257,N’s Darumaka,Pokémon,11,5,11,9100
2026-07-26,1097,Night Stretcher,Trainer,8217,4107,19286,9100
2026-07-26,1152,Poké Pad,Trainer,8411,4171,33503,9100
2026-07-26,1159,Hero’s Cape,Trainer,1071,538,1071,9100
2026-07-26,1205,Cyrano,Trainer,432,264,858,9100
2026-07-26,1213,Judge,Trainer,263,143,280,9100
2026-07-26,1182,Boss’s Orders,Trainer,8233,4096,18815,9100
2026-07-26,1227,Lillie's Determination,Trainer,6994,3500,27124,9100
2026-07-26,1253,N’s Castle,Trainer,12,6,25,9100
2026-07-26,1256,Team Rocket's Watchtower,Trainer,238,114,375,9100
2026-07-26,7,Basic {D} Energy,Energy,5038,2544,47417,9100
2026-07-26,258,N’s Darmanitan,Pokémon,11,5,11,9100
2026-07-26,848,Buneary,Pokémon,89,44,319,9100
2026-07-26,849,Mega Lopunny ex,Pokémon,89,44,243,9100
2026-07-26,104,Froslass,Pokémon,4658,2333,9309,9100
2026-07-26,646,Marnie's Impidimp,Pokémon,4664,2335,18483,9100
2026-07-26,647,Marnie's Morgrem,Pokémon,4664,2335,13898,9100
2026-07-26,648,Marnie's Grimmsnarl ex,Pokémon,4664,2335,13994,9100
2026-07-26,860,Snorunt,Pokémon,4699,2353,9606,9100
2026-07-26,1079,Rare Candy,Trainer,6438,3171,19266,9100
2026-07-26,1080,Unfair Stamp,Trainer,5761,2894,5761,9100
2026-07-26,1137,Tool Scrapper,Trainer,3300,1660,3300,9100
2026-07-26,1219,Team Rocket's Petrel,Trainer,4943,2470,19004,9100
2026-07-26,1231,Dawn,Trainer,6452,3190,11599,9100
2026-07-26,1259,Spikemuth Gym,Trainer,4664,2335,18654,9100
2026-07-26,1161,Handheld Fan,Trainer,1178,570,2263,9100
2026-07-26,756,Mega Kangaskhan ex,Pokémon,654,362,2189,9100
2026-07-26,1071,Meowth ex,Pokémon,732,434,1559,9100
2026-07-26,96,Teal Mask Ogerpon ex,Pokémon,413,254,1239,9100
2026-07-26,184,Latias ex,Pokémon,413,254,826,9100
2026-07-26,63,Raging Bolt ex,Pokémon,413,254,826,9100
2026-07-26,108,Wellspring Mask Ogerpon ex,Pokémon,413,254,413,9100
2026-07-26,140,Fezandipiti ex,Pokémon,2423,1229,2423,9100
2026-07-26,272,Lillie’s Clefairy ex,Pokémon,413,254,413,9100
2026-07-26,978,Passimian,Pokémon,413,254,413,9100
2026-07-26,1198,Crispin,Trainer,775,456,2699,9100
2026-07-26,1197,Xerosic’s Machinations,Trainer,3328,1618,8150,9100
2026-07-26,1116,Energy Switch,Trainer,613,362,1852,9100
2026-07-26,1098,Glass Trumpet,Trainer,413,254,826,9100
2026-07-26,1088,Prime Catcher,Trainer,413,254,413,9100
2026-07-26,1250,Area Zero Underdepths,Trainer,494,294,1733,9100
2026-07-26,1,Basic {G} Energy,Energy,1615,865,11291,9100
2026-07-26,4,Basic {L} Energy,Energy,413,254,826,9100
2026-07-26,6,Basic {F} Energy,Energy,1134,591,4106,9100
2026-07-26,3,Basic {W} Energy,Energy,513,301,1282,9100
2026-07-26,5,Basic {P} Energy,Energy,2545,1287,5287,9100
2026-07-26,15,Team Rocket's Energy,Energy,813,429,3252,9100
2026-07-26,400,Team Rocket's Tarountula,Pokémon,813,429,3252,9100
2026-07-26,401,Team Rocket's Spidops,Pokémon,813,429,3252,9100
2026-07-26,414,Team Rocket's Articuno,Pokémon,909,473,1800,9100
2026-07-26,431,Team Rocket's Mewtwo ex,Pokémon,813,429,1626,9100
2026-07-26,434,Team Rocket's Mimikyu,Pokémon,695,372,1672,9100
2026-07-26,1094,Bug Catching Set,Trainer,925,483,2947,9100
2026-07-26,1134,Team Rocket's Transceiver,Trainer,813,429,3252,9100
2026-07-26,1175,Brave Bangle,Trainer,829,432,1294,9100
2026-07-26,1216,Team Rocket's Ariana,Trainer,813,429,3251,9100
2026-07-26,1217,Team Rocket's Archer,Trainer,600,313,600,9100
2026-07-26,1218,Team Rocket's Giovanni,Trainer,813,429,2226,9100
2026-07-26,1220,Team Rocket's Proton,Trainer,813,429,2780,9100
2026-07-26,1257,Team Rocket's Factory,Trainer,813,429,2322,9100
2026-07-26,13,Enriching Energy,Energy,1752,826,1752,9100
2026-07-26,19,Telepath Psychic Energy,Energy,1696,796,6782,9100
2026-07-26,66,Dudunsparce,Pokémon,1776,836,3744,9100
2026-07-26,305,Dunsparce,Pokémon,1759,830,5369,9100
2026-07-26,343,Shaymin,Pokémon,1719,802,1719,9100
2026-07-26,741,Abra,Pokémon,1693,796,6772,9100
2026-07-26,742,Kadabra,Pokémon,1693,796,6772,9100
2026-07-26,743,Alakazam,Pokémon,1693,796,6770,9100
2026-07-26,1081,Enhanced Hammer,Trainer,1712,803,6643,9100
2026-07-26,1129,Sacred Ash,Trainer,1773,836,1775,9100
2026-07-26,1184,Lana’s Aid,Trainer,1735,812,1735,9100
2026-07-26,1225,Hilda,Trainer,2673,1252,9995,9100
2026-07-26,1266,Nighttime Mine,Trainer,1656,781,3502,9100
2026-07-26,379,Cynthia's Gible,Pokémon,642,297,2568,9100
2026-07-26,380,Cynthia's Gabite,Pokémon,642,297,2568,9100
2026-07-26,381,Cynthia's Garchomp ex,Pokémon,642,297,1926,9100
2026-07-26,341,Cynthia's Roselia,Pokémon,642,297,2568,9100
2026-07-26,342,Cynthia's Roserade,Pokémon,642,297,1948,9100
2026-07-26,387,Cynthia's Spiritomb,Pokémon,642,297,1262,9100
2026-07-26,1087,Hand Trimmer,Trainer,70,21,106,9100
2026-07-26,1194,Colress’s Tenacity,Trainer,36,10,52,9100
2026-07-26,1142,Fighting Gong,Trainer,643,298,2550,9100
2026-07-26,1141,Premium Power Pro,Trainer,23,7,28,9100
2026-07-26,20,Rock Fighting Energy,Energy,664,304,2655,9100
2026-07-26,1173,Cynthia's Power Weight,Trainer,642,297,1924,9100
2026-07-26,1249,Grand Tree,Trainer,20,5,20,9100
2026-07-26,1203,Surfer,Trainer,620,291,620,9100
2026-07-26,1261,Forest of Vitality,Trainer,620,291,1240,9100
2026-07-26,666,Cinderace,Pokémon,45,20,111,9100
2026-07-26,57,Relicanth,Pokémon,1,0,2,9100
2026-07-26,190,Archaludon ex,Pokémon,10,4,40,9100
2026-07-26,169,Duraludon,Pokémon,10,4,40,9100
2026-07-26,8,Basic {M} Energy,Energy,10,4,135,9100
2026-07-26,1102,Dusk Ball,Trainer,2,1,6,9100
2026-07-26,1192,Carmine,Trainer,2,1,7,9100
2026-07-26,1239,Naveen,Trainer,1,0,2,9100
2026-07-26,1244,Full Metal Lab,Trainer,10,4,38,9100
2026-07-26,65,Dunsparce,Pokémon,18,6,55,9100
2026-07-26,174,Fan Rotom,Pokémon,77,38,77,9100
2026-07-26,1229,Wally's Compassion,Trainer,117,58,465,9100
2026-07-26,1174,Air Balloon,Trainer,292,149,564,9100
2026-07-26,11,Mist Energy,Energy,318,146,1272,9100
2026-07-26,14,Spiky Energy,Energy,317,146,1164,9100
2026-07-26,344,Dwebble,Pokémon,284,130,950,9100
2026-07-26,345,Crustle,Pokémon,284,130,950,9100
2026-07-26,1147,Jumbo Ice Cream,Trainer,293,134,1154,9100
2026-07-26,1120,Crushing Hammer,Trainer,441,236,1649,9100
2026-07-26,1123,Switch,Trainer,290,127,958,9100
2026-07-26,1264,Battle Cage,Trainer,312,139,626,9100
2026-07-26,18,Grow Grass Energy,Energy,284,130,1050,9100
2026-07-26,1252,Gravity Mountain,Trainer,62,35,63,9100
2026-07-26,432,Team Rocket's Wobbuffet,Pokémon,117,57,117,9100
2026-07-26,463,Team Rocket's Murkrow,Pokémon,118,57,236,9100
2026-07-26,1119,Energy Search,Trainer,134,62,276,9100
2026-07-26,117,Cornerstone Mask Ogerpon ex,Pokémon,116,50,167,9100
2026-07-26,506,Cubchoo,Pokémon,16,5,64,9100
2026-07-26,1166,Gravity Gemstone,Trainer,16,5,48,9100
2026-07-26,1247,Neutralization Zone,Trainer,41,17,41,9100
2026-07-26,235,Budew,Pokémon,494,276,625,9100
2026-07-26,689,Yveltal,Pokémon,175,95,175,9100
2026-07-26,89,Grookey,Pokémon,112,54,448,9100
2026-07-26,90,Thwackey,Pokémon,112,54,448,9100
2026-07-26,92,Applin,Pokémon,112,54,448,9100
2026-07-26,93,Dipplin,Pokémon,112,54,448,9100
2026-07-26,247,Swirlix,Pokémon,70,38,280,9100
2026-07-26,1245,Festival Grounds,Trainer,112,54,448,9100
2026-07-26,1145,Mega Signal,Trainer,49,23,128,9100
2026-07-26,1127,Tera Orb,Trainer,8,2,9,9100
2026-07-26,1202,Drayton,Trainer,1,0,1,9100
2026-07-26,1118,Energy Retrieval,Trainer,35,17,35,9100
2026-07-26,861,Mega Froslass ex,Pokémon,41,20,120,9100
2026-07-26,1030,Staryu,Pokémon,41,20,126,9100
2026-07-26,1031,Mega Starmie ex,Pokémon,41,20,123,9100
2026-07-26,1189,Salvatore,Trainer,42,21,49,9100
2026-07-26,1262,Surfing Beach,Trainer,38,18,152,9100
2026-07-26,73,Rellor,Pokémon,44,16,44,9100
2026-07-26,74,Rabsca,Pokémon,44,16,44,9100
2026-07-26,164,Comfey,Pokémon,2,0,8,9100
2026-07-26,817,Bramblin,Pokémon,2,0,8,9100
2026-07-26,818,Brambleghast,Pokémon,2,0,6,9100
2026-07-26,1144,Strange Timepiece,Trainer,2,0,4,9100
2026-07-26,2,Basic {R} Energy,Energy,320,180,1197,9100
2026-07-26,119,Dreepy,Pokémon,319,180,1276,9100
2026-07-26,120,Drakloak,Pokémon,319,180,1276,9100
2026-07-26,121,Dragapult ex,Pokémon,319,180,957,9100
2026-07-26,131,Duskull,Pokémon,106,57,212,9100
2026-07-26,132,Dusclops,Pokémon,106,57,212,9100
2026-07-26,133,Dusknoir,Pokémon,106,57,106,9100
2026-07-26,791,Moltres,Pokémon,107,57,108,9100
2026-07-26,1092,Secret Box,Trainer,42,16,42,9100
2026-07-26,1191,Kieran,Trainer,42,16,84,9100
2026-07-26,1211,Black Belt’s Training,Trainer,42,16,42,9100
2026-07-26,1146,Wondrous Patch,Trainer,16,6,16,9100
2026-07-26,31,Chi-Yu,Pokémon,81,40,81,9100
2026-07-26,326,Blaziken ex,Pokémon,81,40,162,9100
2026-07-26,410,Torchic,Pokémon,81,40,162,9100
2026-07-26,411,Combusken,Pokémon,81,40,81,9100
2026-07-26,412,Blaziken,Pokémon,81,40,81,9100
2026-07-26,1260,Risky Ruins,Trainer,2,0,2,9100
2026-07-26,827,Carvanha,Pokémon,1,1,3,9100
2026-07-26,828,Mega Sharpedo ex,Pokémon,1,1,3,9100
2026-07-26,833,Toxel,Pokémon,1,1,2,9100
2026-07-26,834,Toxtricity,Pokémon,1,1,2,9100
2026-07-26,1246,Jamming Tower,Trainer,132,84,264,9100
2026-07-26,1224,Cheren,Trainer,4,1,8,9100
2026-07-26,1185,Explorer’s Guidance,Trainer,9,4,36,9100
2026-07-26,1139,Energy Recycler,Trainer,10,3,10,9100
2026-07-26,16,Prism Energy,Energy,43,22,172,9100
2026-07-26,1210,Brock’s Scouting,Trainer,43,22,172,9100
2026-07-26,1236,Urbain,Trainer,43,22,129,9100
2026-07-26,1156,Lucky Helmet,Trainer,7,4,21,9100
2026-07-26,675,Lunatone,Pokémon,1,1,2,9100
2026-07-26,676,Solrock,Pokémon,1,1,3,9100
2026-07-26,677,Riolu,Pokémon,1,1,4,9100
2026-07-26,678,Mega Lucario ex,Pokémon,1,1,4,9100
2026-07-26,306,Dudunsparce ex,Pokémon,2,1,2,9100
2026-07-26,109,Abra,Pokémon,1,0,1,9100
2026-07-26,1206,Larry’s Skill,Trainer,2,1,4,9100
2026-07-26,1187,Morty’s Conviction,Trainer,14,4,42,9100
2026-07-26,315,Azumarill,Pokémon,1,0,3,9100
2026-07-26,961,Marill,Pokémon,1,0,3,9100
2026-07-26,1186,Eri,Trainer,2,1,2,9100
2026-07-26,649,Marnie's Morpeko,Pokémon,2,1,2,9100
2026-07-26,1176,Punk Helmet,Trainer,1,1,2,9100
2026-07-26,1188,Ciphermaniac’s Codebreaking,Trainer,1,1,1,9100
2026-07-26,1195,Janine’s Secret Art,Trainer,1,1,1,9100
2026-07-25,7,Basic {D} Energy,Energy,4688,2335,45873,9090
2026-07-25,104,Froslass,Pokémon,4559,2279,9118,9090
2026-07-25,112,Munkidori,Pokémon,4688,2335,18481,9090
2026-07-25,646,Marnie's Impidimp,Pokémon,4560,2279,18136,9090
2026-07-25,647,Marnie's Morgrem,Pokémon,4560,2279,13610,9090
2026-07-25,648,Marnie's Grimmsnarl ex,Pokémon,4560,2279,13681,9090
2026-07-25,860,Snorunt,Pokémon,4553,2277,9212,9090
2026-07-25,1079,Rare Candy,Trainer,6203,3077,18709,9090
2026-07-25,1080,Unfair Stamp,Trainer,5530,2776,5530,9090
2026-07-25,1086,Buddy-Buddy Poffin,Trainer,8422,4185,30923,9090
2026-07-25,1097,Night Stretcher,Trainer,8054,4046,19117,9090
2026-07-25,1122,Pokégear 3.0,Trainer,3291,1588,4402,9090
2026-07-25,1137,Tool Scrapper,Trainer,2873,1415,2873,9090
2026-07-25,1152,Poké Pad,Trainer,8526,4269,33997,9090
2026-07-25,1182,Boss’s Orders,Trainer,7833,3896,17571,9090
2026-07-25,1219,Team Rocket's Petrel,Trainer,5172,2585,18991,9090
2026-07-25,1227,Lillie's Determination,Trainer,7199,3596,27632,9090
2026-07-25,1231,Dawn,Trainer,6151,3045,11051,9090
2026-07-25,1259,Spikemuth Gym,Trainer,4560,2279,18239,9090
2026-07-25,5,Basic {P} Energy,Energy,2107,1042,4414,9090
2026-07-25,13,Enriching Energy,Energy,1641,803,1641,9090
2026-07-25,19,Telepath Psychic Energy,Energy,1635,791,6540,9090
2026-07-25,66,Dudunsparce,Pokémon,1680,817,3686,9090
2026-07-25,140,Fezandipiti ex,Pokémon,2027,1010,2027,9090
2026-07-25,305,Dunsparce,Pokémon,1511,745,4585,9090
2026-07-25,343,Shaymin,Pokémon,1643,806,1643,9090
2026-07-25,741,Abra,Pokémon,1632,791,6528,9090
2026-07-25,742,Kadabra,Pokémon,1632,791,6528,9090
2026-07-25,743,Alakazam,Pokémon,1632,791,6524,9090
2026-07-25,1081,Enhanced Hammer,Trainer,1676,808,6496,9090
2026-07-25,1129,Sacred Ash,Trainer,1705,828,1772,9090
2026-07-25,1184,Lana’s Aid,Trainer,1655,800,1655,9090
2026-07-25,1197,Xerosic’s Machinations,Trainer,3207,1570,7535,9090
2026-07-25,1225,Hilda,Trainer,2815,1374,10311,9090
2026-07-25,1266,Nighttime Mine,Trainer,1432,711,2924,9090
2026-07-25,6,Basic {F} Energy,Energy,1068,580,4563,9090
2026-07-25,20,Rock Fighting Energy,Energy,823,430,3292,9090
2026-07-25,341,Cynthia's Roselia,Pokémon,798,421,3192,9090
2026-07-25,342,Cynthia's Roserade,Pokémon,798,421,2419,9090
2026-07-25,379,Cynthia's Gible,Pokémon,798,421,3192,9090
2026-07-25,380,Cynthia's Gabite,Pokémon,798,421,3192,9090
2026-07-25,381,Cynthia's Garchomp ex,Pokémon,798,421,2394,9090
2026-07-25,387,Cynthia's Spiritomb,Pokémon,798,421,1571,9090
2026-07-25,1142,Fighting Gong,Trainer,805,422,3195,9090
2026-07-25,1173,Cynthia's Power Weight,Trainer,798,421,2394,9090
2026-07-25,1203,Surfer,Trainer,772,409,772,9090
2026-07-25,1261,Forest of Vitality,Trainer,794,418,1630,9090
2026-07-25,1161,Handheld Fan,Trainer,1543,782,3018,9090
2026-07-25,1,Basic {G} Energy,Energy,1885,963,13161,9090
2026-07-25,11,Mist Energy,Energy,339,137,1356,9090
2026-07-25,14,Spiky Energy,Energy,339,137,1284,9090
2026-07-25,18,Grow Grass Energy,Energy,305,118,1216,9090
2026-07-25,344,Dwebble,Pokémon,305,118,1071,9090
2026-07-25,345,Crustle,Pokémon,305,118,1071,9090
2026-07-25,756,Mega Kangaskhan ex,Pokémon,562,276,1988,9090
2026-07-25,1087,Hand Trimmer,Trainer,179,66,285,9090
2026-07-25,1123,Switch,Trainer,337,126,1216,9090
2026-07-25,1147,Jumbo Ice Cream,Trainer,307,119,1228,9090
2026-07-25,1159,Hero’s Cape,Trainer,1392,682,1392,9090
2026-07-25,1264,Battle Cage,Trainer,478,188,956,9090
2026-07-25,15,Team Rocket's Energy,Energy,1245,648,4980,9090
2026-07-25,400,Team Rocket's Tarountula,Pokémon,1245,648,4980,9090
2026-07-25,401,Team Rocket's Spidops,Pokémon,1245,648,4980,9090
2026-07-25,414,Team Rocket's Articuno,Pokémon,1274,655,2523,9090
2026-07-25,431,Team Rocket's Mewtwo ex,Pokémon,1245,648,2490,9090
2026-07-25,434,Team Rocket's Mimikyu,Pokémon,1146,608,2809,9090
2026-07-25,1094,Bug Catching Set,Trainer,1338,694,4223,9090
2026-07-25,1121,Ultra Ball,Trainer,1603,855,3311,9090
2026-07-25,1134,Team Rocket's Transceiver,Trainer,1245,648,4980,9090
2026-07-25,1175,Brave Bangle,Trainer,1306,678,1787,9090
2026-07-25,1216,Team Rocket's Ariana,Trainer,1245,648,4943,9090
2026-07-25,1218,Team Rocket's Giovanni,Trainer,1245,648,3268,9090
2026-07-25,1220,Team Rocket's Proton,Trainer,1245,648,3882,9090
2026-07-25,1257,Team Rocket's Factory,Trainer,1245,648,3598,9090
2026-07-25,1252,Gravity Mountain,Trainer,138,65,138,9090
2026-07-25,1120,Crushing Hammer,Trainer,285,119,1008,9090
2026-07-25,65,Dunsparce,Pokémon,169,72,577,9090
2026-07-25,1146,Wondrous Patch,Trainer,103,45,103,9090
2026-07-25,1217,Team Rocket's Archer,Trainer,778,399,778,9090
2026-07-25,3,Basic {W} Energy,Energy,285,165,666,9090
2026-07-25,117,Cornerstone Mask Ogerpon ex,Pokémon,44,15,63,9090
2026-07-25,506,Cubchoo,Pokémon,22,7,88,9090
2026-07-25,1119,Energy Search,Trainer,115,45,252,9090
2026-07-25,1166,Gravity Gemstone,Trainer,22,7,66,9090
2026-07-25,1194,Colress’s Tenacity,Trainer,47,19,69,9090
2026-07-25,1247,Neutralization Zone,Trainer,175,77,175,9090
2026-07-25,1256,Team Rocket's Watchtower,Trainer,163,72,301,9090
2026-07-25,1186,Eri,Trainer,4,1,4,9090
2026-07-25,1071,Meowth ex,Pokémon,400,222,939,9090
2026-07-25,96,Teal Mask Ogerpon ex,Pokémon,280,167,861,9090
2026-07-25,184,Latias ex,Pokémon,259,158,518,9090
2026-07-25,63,Raging Bolt ex,Pokémon,259,158,518,9090
2026-07-25,108,Wellspring Mask Ogerpon ex,Pokémon,259,158,259,9090
2026-07-25,272,Lillie’s Clefairy ex,Pokémon,259,158,259,9090
2026-07-25,978,Passimian,Pokémon,259,158,259,9090
2026-07-25,1198,Crispin,Trainer,381,213,1404,9090
2026-07-25,1205,Cyrano,Trainer,265,159,530,9090
2026-07-25,1116,Energy Switch,Trainer,421,251,1198,9090
2026-07-25,1098,Glass Trumpet,Trainer,259,158,518,9090
2026-07-25,1088,Prime Catcher,Trainer,259,158,259,9090
2026-07-25,1250,Area Zero Underdepths,Trainer,259,158,1036,9090
2026-07-25,4,Basic {L} Energy,Energy,259,158,518,9090
2026-07-25,103,Snorunt,Pokémon,8,2,16,9090
2026-07-25,235,Budew,Pokémon,227,110,324,9090
2026-07-25,649,Marnie's Morpeko,Pokémon,2,0,2,9090
2026-07-25,1174,Air Balloon,Trainer,144,74,254,9090
2026-07-25,2,Basic {R} Energy,Energy,120,55,469,9090
2026-07-25,119,Dreepy,Pokémon,120,55,480,9090
2026-07-25,120,Drakloak,Pokémon,120,55,480,9090
2026-07-25,121,Dragapult ex,Pokémon,120,55,360,9090
2026-07-25,1213,Judge,Trainer,142,67,159,9090
2026-07-25,1246,Jamming Tower,Trainer,32,13,64,9090
2026-07-25,848,Buneary,Pokémon,42,20,150,9090
2026-07-25,849,Mega Lopunny ex,Pokémon,42,20,114,9090
2026-07-25,174,Fan Rotom,Pokémon,36,19,36,9090
2026-07-25,1229,Wally's Compassion,Trainer,45,20,180,9090
2026-07-25,689,Yveltal,Pokémon,105,55,105,9090
2026-07-25,1260,Risky Ruins,Trainer,1,0,1,9090
2026-07-25,432,Team Rocket's Wobbuffet,Pokémon,93,38,93,9090
2026-07-25,463,Team Rocket's Murkrow,Pokémon,99,40,204,9090
2026-07-25,131,Duskull,Pokémon,12,2,24,9090
2026-07-25,132,Dusclops,Pokémon,12,2,24,9090
2026-07-25,133,Dusknoir,Pokémon,12,2,12,9090
2026-07-25,791,Moltres,Pokémon,12,2,12,9090
2026-07-25,1118,Energy Retrieval,Trainer,2,0,2,9090
2026-07-25,666,Cinderace,Pokémon,4,1,12,9090
2026-07-25,861,Mega Froslass ex,Pokémon,2,0,6,9090
2026-07-25,1030,Staryu,Pokémon,2,0,6,9090
2026-07-25,1031,Mega Starmie ex,Pokémon,2,0,6,9090
2026-07-25,1145,Mega Signal,Trainer,19,7,23,9090
2026-07-25,1189,Salvatore,Trainer,2,0,2,9090
2026-07-25,1262,Surfing Beach,Trainer,2,0,8,9090
2026-07-25,293,N’s Zoroark ex,Pokémon,6,1,24,9090
2026-07-25,292,N’s Zorua,Pokémon,6,1,24,9090
2026-07-25,303,N’s Reshiram,Pokémon,6,1,12,9090
2026-07-25,906,N's Zekrom,Pokémon,6,1,6,9090
2026-07-25,141,Pecharunt ex,Pokémon,6,1,6,9090
2026-07-25,1113,N’s PP Up,Trainer,6,1,24,9090
2026-07-25,257,N’s Darumaka,Pokémon,6,1,6,9090
2026-07-25,1253,N’s Castle,Trainer,6,1,12,9090
2026-07-25,258,N’s Darmanitan,Pokémon,6,1,6,9090
2026-07-25,8,Basic {M} Energy,Energy,2,1,22,9090
2026-07-25,57,Relicanth,Pokémon,2,1,2,9090
2026-07-25,169,Duraludon,Pokémon,2,1,8,9090
2026-07-25,190,Archaludon ex,Pokémon,2,1,8,9090
2026-07-25,1185,Explorer’s Guidance,Trainer,2,1,8,9090
2026-07-25,1244,Full Metal Lab,Trainer,2,1,8,9090
2026-07-25,1187,Morty’s Conviction,Trainer,1,1,2,9090
2026-07-25,675,Lunatone,Pokémon,7,1,14,9090
2026-07-25,676,Solrock,Pokémon,7,1,21,9090
2026-07-25,677,Riolu,Pokémon,7,1,28,9090
2026-07-25,678,Mega Lucario ex,Pokémon,7,1,28,9090
2026-07-25,1102,Dusk Ball,Trainer,73,38,94,9090
2026-07-25,1141,Premium Power Pro,Trainer,32,13,53,9090
2026-07-25,1192,Carmine,Trainer,7,1,21,9090
2026-07-25,16,Prism Energy,Energy,2,0,8,9090
2026-07-25,1210,Brock’s Scouting,Trainer,2,0,8,9090
2026-07-25,1236,Urbain,Trainer,2,0,8,9090
2026-07-25,73,Rellor,Pokémon,5,0,5,9090
2026-07-25,74,Rabsca,Pokémon,5,0,5,9090
2026-07-25,164,Comfey,Pokémon,3,0,12,9090
2026-07-25,817,Bramblin,Pokémon,3,0,12,9090
2026-07-25,818,Brambleghast,Pokémon,3,0,9,9090
2026-07-25,1144,Strange Timepiece,Trainer,3,0,6,9090
2026-07-25,1127,Tera Orb,Trainer,17,7,17,9090
2026-07-25,89,Grookey,Pokémon,72,37,288,9090
2026-07-25,90,Thwackey,Pokémon,72,37,288,9090
2026-07-25,92,Applin,Pokémon,93,46,198,9090
2026-07-25,93,Dipplin,Pokémon,93,46,330,9090
2026-07-25,247,Swirlix,Pokémon,4,0,16,9090
2026-07-25,1245,Festival Grounds,Trainer,72,37,288,9090
2026-07-25,1249,Grand Tree,Trainer,25,12,25,9090
2026-07-25,917,Chikorita,Pokémon,21,9,42,9090
2026-07-25,709,Bayleef,Pokémon,21,9,42,9090
2026-07-25,710,Meganium,Pokémon,21,9,42,9090
2026-07-25,150,Hydrapple ex,Pokémon,21,9,42,9090
2026-07-25,920,Tapu Bulu,Pokémon,21,9,42,9090
2026-07-25,306,Dudunsparce ex,Pokémon,11,7,11,9090
2026-07-25,42,Applin,Pokémon,66,37,132,9090
2026-07-25,655,Celebi,Pokémon,66,37,198,9090
2026-07-25,1155,Survival Brace,Trainer,66,37,66,9090
2026-07-25,1211,Black Belt’s Training,Trainer,68,37,68,9090
2026-07-25,1092,Secret Box,Trainer,2,0,2,9090
2026-07-25,1191,Kieran,Trainer,2,0,4,9090
2026-07-24,648,Marnie's Grimmsnarl ex,Pokémon,4769,2470,14318,8874
2026-07-24,647,Marnie's Morgrem,Pokémon,4769,2470,14183,8874
2026-07-24,646,Marnie's Impidimp,Pokémon,4769,2470,19075,8874
2026-07-24,104,Froslass,Pokémon,4757,2464,9507,8874
2026-07-24,860,Snorunt,Pokémon,4727,2457,9471,8874
2026-07-24,112,Munkidori,Pokémon,4845,2505,19152,8874
2026-07-24,1086,Buddy-Buddy Poffin,Trainer,8494,4268,32232,8874
2026-07-24,1152,Poké Pad,Trainer,8125,4073,32490,8874
2026-07-24,1079,Rare Candy,Trainer,6631,3324,19971,8874
2026-07-24,1097,Night Stretcher,Trainer,7536,3754,17878,8874
2026-07-24,1080,Unfair Stamp,Trainer,5343,2754,5343,8874
2026-07-24,1227,Lillie's Determination,Trainer,6970,3567,26982,8874
2026-07-24,1219,Team Rocket's Petrel,Trainer,5142,2679,19742,8874
2026-07-24,1182,Boss’s Orders,Trainer,7980,3985,17996,8874
2026-07-24,1231,Dawn,Trainer,6611,3315,12279,8874
2026-07-24,1197,Xerosic’s Machinations,Trainer,3169,1467,8758,8874
2026-07-24,1122,Pokégear 3.0,Trainer,4402,2255,6568,8874
2026-07-24,1259,Spikemuth Gym,Trainer,4769,2470,19066,8874
2026-07-24,7,Basic {D} Energy,Energy,4845,2505,47812,8874
2026-07-24,1161,Handheld Fan,Trainer,1157,613,2214,8874
2026-07-24,1,Basic {G} Energy,Energy,1787,910,8838,8874
2026-07-24,15,Team Rocket's Energy,Energy,836,428,3344,8874
2026-07-24,400,Team Rocket's Tarountula,Pokémon,836,428,3344,8874
2026-07-24,401,Team Rocket's Spidops,Pokémon,836,428,3344,8874
2026-07-24,414,Team Rocket's Articuno,Pokémon,892,455,1733,8874
2026-07-24,431,Team Rocket's Mewtwo ex,Pokémon,836,428,1672,8874
2026-07-24,434,Team Rocket's Mimikyu,Pokémon,688,364,1908,8874
2026-07-24,1094,Bug Catching Set,Trainer,1059,561,3434,8874
2026-07-24,1121,Ultra Ball,Trainer,1039,538,2032,8874
2026-07-24,1134,Team Rocket's Transceiver,Trainer,836,428,3344,8874
2026-07-24,1159,Hero’s Cape,Trainer,1586,794,1586,8874
2026-07-24,1175,Brave Bangle,Trainer,1027,555,1420,8874
2026-07-24,1216,Team Rocket's Ariana,Trainer,836,428,3334,8874
2026-07-24,1217,Team Rocket's Archer,Trainer,680,339,680,8874
2026-07-24,1218,Team Rocket's Giovanni,Trainer,836,428,2352,8874
2026-07-24,1220,Team Rocket's Proton,Trainer,836,428,2800,8874
2026-07-24,1257,Team Rocket's Factory,Trainer,944,493,2468,8874
2026-07-24,1137,Tool Scrapper,Trainer,3661,1891,3661,8874
2026-07-24,5,Basic {P} Energy,Energy,2150,978,4590,8874
2026-07-24,13,Enriching Energy,Energy,1867,861,1867,8874
2026-07-24,19,Telepath Psychic Energy,Energy,1888,864,7552,8874
2026-07-24,66,Dudunsparce,Pokémon,1888,867,3989,8874
2026-07-24,140,Fezandipiti ex,Pokémon,1988,910,1988,8874
2026-07-24,305,Dunsparce,Pokémon,1799,825,5416,8874
2026-07-24,343,Shaymin,Pokémon,2055,963,2055,8874
2026-07-24,741,Abra,Pokémon,1862,854,7448,8874
2026-07-24,742,Kadabra,Pokémon,1862,854,7448,8874
2026-07-24,743,Alakazam,Pokémon,1862,854,7414,8874
2026-07-24,1081,Enhanced Hammer,Trainer,1867,857,7255,8874
2026-07-24,1129,Sacred Ash,Trainer,1955,910,2030,8874
2026-07-24,1184,Lana’s Aid,Trainer,2016,940,2016,8874
2026-07-24,1225,Hilda,Trainer,2908,1346,11034,8874
2026-07-24,1266,Nighttime Mine,Trainer,1735,802,3590,8874
2026-07-24,11,Mist Energy,Energy,695,340,2780,8874
2026-07-24,14,Spiky Energy,Energy,695,340,2553,8874
2026-07-24,18,Grow Grass Energy,Energy,688,334,2737,8874
2026-07-24,344,Dwebble,Pokémon,688,334,2608,8874
2026-07-24,345,Crustle,Pokémon,688,334,2503,8874
2026-07-24,756,Mega Kangaskhan ex,Pokémon,725,349,2594,8874
2026-07-24,1087,Hand Trimmer,Trainer,435,201,786,8874
2026-07-24,1123,Switch,Trainer,719,349,2306,8874
2026-07-24,1147,Jumbo Ice Cream,Trainer,686,334,2738,8874
2026-07-24,1264,Battle Cage,Trainer,727,332,1460,8874
2026-07-24,6,Basic {F} Energy,Energy,381,164,1713,8874
2026-07-24,20,Rock Fighting Energy,Energy,471,222,1674,8874
2026-07-24,341,Cynthia's Roselia,Pokémon,301,127,1204,8874
2026-07-24,342,Cynthia's Roserade,Pokémon,301,127,905,8874
2026-07-24,379,Cynthia's Gible,Pokémon,301,127,1204,8874
2026-07-24,380,Cynthia's Gabite,Pokémon,301,127,1204,8874
2026-07-24,381,Cynthia's Garchomp ex,Pokémon,301,127,903,8874
2026-07-24,387,Cynthia's Spiritomb,Pokémon,299,127,598,8874
2026-07-24,1142,Fighting Gong,Trainer,310,132,1238,8874
2026-07-24,1173,Cynthia's Power Weight,Trainer,301,127,903,8874
2026-07-24,1203,Surfer,Trainer,294,127,294,8874
2026-07-24,1261,Forest of Vitality,Trainer,301,127,602,8874
2026-07-24,432,Team Rocket's Wobbuffet,Pokémon,148,64,148,8874
2026-07-24,463,Team Rocket's Murkrow,Pokémon,148,64,296,8874
2026-07-24,1119,Energy Search,Trainer,151,66,305,8874
2026-07-24,2,Basic {R} Energy,Energy,72,34,288,8874
2026-07-24,119,Dreepy,Pokémon,72,34,288,8874
2026-07-24,120,Drakloak,Pokémon,72,34,288,8874
2026-07-24,121,Dragapult ex,Pokémon,72,34,216,8874
2026-07-24,131,Duskull,Pokémon,59,27,118,8874
2026-07-24,132,Dusclops,Pokémon,59,27,118,8874
2026-07-24,133,Dusknoir,Pokémon,59,27,59,8874
2026-07-24,235,Budew,Pokémon,83,39,93,8874
2026-07-24,791,Moltres,Pokémon,59,27,59,8874
2026-07-24,1071,Meowth ex,Pokémon,114,50,198,8874
2026-07-24,1120,Crushing Hammer,Trainer,238,112,880,8874
2026-07-24,1198,Crispin,Trainer,119,51,404,8874
2026-07-24,1256,Team Rocket's Watchtower,Trainer,72,31,139,8874
2026-07-24,1194,Colress’s Tenacity,Trainer,108,66,216,8874
2026-07-24,117,Cornerstone Mask Ogerpon ex,Pokémon,193,108,200,8874
2026-07-24,1177,Sacred Charm,Trainer,105,64,105,8874
2026-07-24,1187,Morty’s Conviction,Trainer,313,175,367,8874
2026-07-24,1242,Community Center,Trainer,106,64,106,8874
2026-07-24,1186,Eri,Trainer,35,11,36,8874
2026-07-24,1146,Wondrous Patch,Trainer,69,27,69,8874
2026-07-24,1247,Neutralization Zone,Trainer,36,12,36,8874
2026-07-24,666,Cinderace,Pokémon,32,17,80,8874
2026-07-24,16,Prism Energy,Energy,5,1,20,8874
2026-07-24,1210,Brock’s Scouting,Trainer,5,1,15,8874
2026-07-24,3,Basic {W} Energy,Energy,74,34,308,8874
2026-07-24,73,Rellor,Pokémon,180,96,182,8874
2026-07-24,74,Rabsca,Pokémon,180,96,180,8874
2026-07-24,89,Grookey,Pokémon,223,133,892,8874
2026-07-24,90,Thwackey,Pokémon,223,133,892,8874
2026-07-24,92,Applin,Pokémon,161,91,644,8874
2026-07-24,93,Dipplin,Pokémon,223,133,892,8874
2026-07-24,142,Genesect,Pokémon,154,86,154,8874
2026-07-24,1174,Air Balloon,Trainer,167,94,357,8874
2026-07-24,1191,Kieran,Trainer,154,86,308,8874
2026-07-24,1211,Black Belt’s Training,Trainer,216,128,278,8874
2026-07-24,1223,Harlequin,Trainer,154,86,154,8874
2026-07-24,1245,Festival Grounds,Trainer,223,133,892,8874
2026-07-24,689,Yveltal,Pokémon,10,4,10,8874
2026-07-24,1260,Risky Ruins,Trainer,13,5,16,8874
2026-07-24,164,Comfey,Pokémon,26,10,104,8874
2026-07-24,817,Bramblin,Pokémon,26,10,91,8874
2026-07-24,818,Brambleghast,Pokémon,26,10,76,8874
2026-07-24,1144,Strange Timepiece,Trainer,24,9,46,8874
2026-07-24,122,Tatsugiri,Pokémon,23,9,23,8874
2026-07-24,675,Lunatone,Pokémon,9,5,18,8874
2026-07-24,676,Solrock,Pokémon,9,5,27,8874
2026-07-24,677,Riolu,Pokémon,9,5,36,8874
2026-07-24,678,Mega Lucario ex,Pokémon,9,5,36,8874
2026-07-24,1102,Dusk Ball,Trainer,9,5,36,8874
2026-07-24,1141,Premium Power Pro,Trainer,9,5,36,8874
2026-07-24,1192,Carmine,Trainer,9,5,27,8874
2026-07-24,1229,Wally's Compassion,Trainer,45,27,180,8874
2026-07-24,1213,Judge,Trainer,34,15,43,8874
2026-07-24,848,Buneary,Pokémon,16,8,52,8874
2026-07-24,849,Mega Lopunny ex,Pokémon,16,8,40,8874
2026-07-24,174,Fan Rotom,Pokémon,12,7,12,8874
2026-07-24,8,Basic {M} Energy,Energy,3,1,39,8874
2026-07-24,169,Duraludon,Pokémon,3,1,12,8874
2026-07-24,190,Archaludon ex,Pokémon,3,1,12,8874
2026-07-24,1185,Explorer’s Guidance,Trainer,3,1,12,8874
2026-07-24,1244,Full Metal Lab,Trainer,3,1,12,8874
2026-07-24,1118,Energy Retrieval,Trainer,2,2,2,8874
2026-07-24,861,Mega Froslass ex,Pokémon,24,15,72,8874
2026-07-24,1030,Staryu,Pokémon,24,15,72,8874
2026-07-24,1031,Mega Starmie ex,Pokémon,24,15,72,8874
2026-07-24,1145,Mega Signal,Trainer,26,16,74,8874
2026-07-24,1189,Salvatore,Trainer,24,15,24,8874
2026-07-24,1224,Cheren,Trainer,24,15,24,8874
2026-07-24,1262,Surfing Beach,Trainer,24,15,96,8874
2026-07-24,1127,Tera Orb,Trainer,2,1,2,8874
2026-07-24,649,Marnie's Morpeko,Pokémon,3,3,4,8874
2026-07-24,771,Haunter,Pokémon,1,1,1,8874
2026-07-24,772,Mega Gengar ex,Pokémon,1,1,2,8874
2026-07-24,1057,Gastly,Pokémon,1,1,2,8874
2026-07-24,1116,Energy Switch,Trainer,43,17,170,8874
2026-07-24,1202,Drayton,Trainer,1,1,3,8874
2026-07-24,65,Dunsparce,Pokémon,89,42,315,8874
2026-07-24,1208,Iris’s Fighting Spirit,Trainer,2,0,2,8874
2026-07-24,293,N’s Zoroark ex,Pokémon,4,1,16,8874
2026-07-24,292,N’s Zorua,Pokémon,4,1,16,8874
2026-07-24,303,N’s Reshiram,Pokémon,4,1,8,8874
2026-07-24,906,N's Zekrom,Pokémon,4,1,4,8874
2026-07-24,141,Pecharunt ex,Pokémon,4,1,4,8874
2026-07-24,1113,N’s PP Up,Trainer,4,1,16,8874
2026-07-24,257,N’s Darumaka,Pokémon,4,1,4,8874
2026-07-24,1205,Cyrano,Trainer,46,17,92,8874
2026-07-24,1253,N’s Castle,Trainer,4,1,8,8874
2026-07-24,258,N’s Darmanitan,Pokémon,4,1,4,8874
2026-07-24,96,Teal Mask Ogerpon ex,Pokémon,42,16,126,8874
2026-07-24,184,Latias ex,Pokémon,42,16,84,8874
2026-07-24,63,Raging Bolt ex,Pokémon,42,16,84,8874
2026-07-24,108,Wellspring Mask Ogerpon ex,Pokémon,42,16,42,8874
2026-07-24,272,Lillie’s Clefairy ex,Pokémon,42,16,42,8874
2026-07-24,978,Passimian,Pokémon,42,16,42,8874
2026-07-24,1098,Glass Trumpet,Trainer,42,16,84,8874
2026-07-24,1088,Prime Catcher,Trainer,42,16,42,8874
2026-07-24,1250,Area Zero Underdepths,Trainer,42,16,168,8874
2026-07-24,4,Basic {L} Energy,Energy,42,16,84,8874
2026-07-24,42,Applin,Pokémon,62,42,248,8874
2026-07-24,100,Goldeen,Pokémon,62,42,124,8874
2026-07-24,240,Seaking,Pokémon,62,42,124,8874
2026-07-24,103,Snorunt,Pokémon,54,22,108,8874
2026-07-24,1176,Punk Helmet,Trainer,1,1,2,8874
2026-07-24,1139,Energy Recycler,Trainer,2,1,6,8874
2026-07-24,317,Eevee,Pokémon,2,1,4,8874
2026-07-24,330,Sylveon,Pokémon,2,1,4,8874
2026-07-24,1204,Lisia’s Appeal,Trainer,3,1,3,8874
2026-07-24,1252,Gravity Mountain,Trainer,34,20,34,8874
2026-07-24,306,Dudunsparce ex,Pokémon,3,1,3,8874
2026-07-24,247,Swirlix,Pokémon,7,5,28,8874
2026-07-24,1246,Jamming Tower,Trainer,9,6,18,8874
2026-07-24,506,Cubchoo,Pokémon,3,2,12,8874
2026-07-24,1166,Gravity Gemstone,Trainer,3,2,9,8874
2026-07-23,5,Basic {P} Energy,Energy,3197,1523,7287,9114
2026-07-23,13,Enriching Energy,Energy,2651,1281,2651,9114
2026-07-23,19,Telepath Psychic Energy,Energy,2432,1153,9728,9114
2026-07-23,66,Dudunsparce,Pokémon,2738,1313,5945,9114
2026-07-23,140,Fezandipiti ex,Pokémon,2695,1279,2695,9114
2026-07-23,305,Dunsparce,Pokémon,2730,1309,8538,9114
2026-07-23,343,Shaymin,Pokémon,2540,1213,2540,9114
2026-07-23,741,Abra,Pokémon,2415,1146,9660,9114
2026-07-23,742,Kadabra,Pokémon,2415,1146,9660,9114
2026-07-23,743,Alakazam,Pokémon,2415,1146,9642,9114
2026-07-23,1079,Rare Candy,Trainer,6013,3005,18131,9114
2026-07-23,1081,Enhanced Hammer,Trainer,2419,1148,9361,9114
2026-07-23,1086,Buddy-Buddy Poffin,Trainer,8384,4187,32886,9114
2026-07-23,1097,Night Stretcher,Trainer,7808,3896,16055,9114
2026-07-23,1129,Sacred Ash,Trainer,2444,1157,2468,9114
2026-07-23,1152,Poké Pad,Trainer,8414,4217,33601,9114
2026-07-23,1182,Boss’s Orders,Trainer,8182,4079,19383,9114
2026-07-23,1184,Lana’s Aid,Trainer,2475,1183,2475,9114
2026-07-23,1197,Xerosic’s Machinations,Trainer,4248,2039,11515,9114
2026-07-23,1225,Hilda,Trainer,4122,1996,15424,9114
2026-07-23,1231,Dawn,Trainer,6087,3052,13487,9114
2026-07-23,1266,Nighttime Mine,Trainer,2336,1115,4938,9114
2026-07-23,6,Basic {F} Energy,Energy,796,394,3811,9114
2026-07-23,20,Rock Fighting Energy,Energy,895,446,3519,9114
2026-07-23,341,Cynthia's Roselia,Pokémon,751,372,3004,9114
2026-07-23,342,Cynthia's Roserade,Pokémon,751,372,2314,9114
2026-07-23,379,Cynthia's Gible,Pokémon,751,372,3004,9114
2026-07-23,380,Cynthia's Gabite,Pokémon,751,372,3004,9114
2026-07-23,381,Cynthia's Garchomp ex,Pokémon,751,372,2253,9114
2026-07-23,387,Cynthia's Spiritomb,Pokémon,743,368,1433,9114
2026-07-23,1080,Unfair Stamp,Trainer,4552,2338,4552,9114
2026-07-23,1142,Fighting Gong,Trainer,760,375,2974,9114
2026-07-23,1173,Cynthia's Power Weight,Trainer,751,372,2253,9114
2026-07-23,1203,Surfer,Trainer,645,327,645,9114
2026-07-23,1227,Lillie's Determination,Trainer,6696,3409,25394,9114
2026-07-23,1261,Forest of Vitality,Trainer,698,350,1396,9114
2026-07-23,1,Basic {G} Energy,Energy,1645,830,7825,9114
2026-07-23,15,Team Rocket's Energy,Energy,881,456,3524,9114
2026-07-23,400,Team Rocket's Tarountula,Pokémon,881,456,3524,9114
2026-07-23,401,Team Rocket's Spidops,Pokémon,881,456,3524,9114
2026-07-23,414,Team Rocket's Articuno,Pokémon,933,481,1833,9114
2026-07-23,431,Team Rocket's Mewtwo ex,Pokémon,881,456,1762,9114
2026-07-23,432,Team Rocket's Wobbuffet,Pokémon,504,242,504,9114
2026-07-23,463,Team Rocket's Murkrow,Pokémon,504,242,1008,9114
2026-07-23,1094,Bug Catching Set,Trainer,950,495,2919,9114
2026-07-23,1119,Energy Search,Trainer,508,244,1012,9114
2026-07-23,1134,Team Rocket's Transceiver,Trainer,881,456,3524,9114
2026-07-23,1159,Hero’s Cape,Trainer,1707,843,1707,9114
2026-07-23,1216,Team Rocket's Ariana,Trainer,881,456,3521,9114
2026-07-23,1217,Team Rocket's Archer,Trainer,881,456,882,9114
2026-07-23,1218,Team Rocket's Giovanni,Trainer,881,456,2642,9114
2026-07-23,1220,Team Rocket's Proton,Trainer,881,456,2814,9114
2026-07-23,1257,Team Rocket's Factory,Trainer,908,472,2166,9114
2026-07-23,7,Basic {D} Energy,Energy,3930,2016,36971,9114
2026-07-23,104,Froslass,Pokémon,3567,1851,7134,9114
2026-07-23,112,Munkidori,Pokémon,3925,2016,14746,9114
2026-07-23,646,Marnie's Impidimp,Pokémon,3591,1857,14364,9114
2026-07-23,647,Marnie's Morgrem,Pokémon,3591,1857,10509,9114
2026-07-23,648,Marnie's Grimmsnarl ex,Pokémon,3591,1857,10797,9114
2026-07-23,860,Snorunt,Pokémon,3699,1924,7415,9114
2026-07-23,1122,Pokégear 3.0,Trainer,3947,2025,6671,9114
2026-07-23,1137,Tool Scrapper,Trainer,2997,1555,2997,9114
2026-07-23,1219,Team Rocket's Petrel,Trainer,4008,2063,14861,9114
2026-07-23,1259,Spikemuth Gym,Trainer,3591,1857,14335,9114
2026-07-23,1161,Handheld Fan,Trainer,757,377,1302,9114
2026-07-23,2,Basic {R} Energy,Energy,258,126,1027,9114
2026-07-23,119,Dreepy,Pokémon,258,126,1032,9114
2026-07-23,120,Drakloak,Pokémon,258,126,1032,9114
2026-07-23,121,Dragapult ex,Pokémon,258,126,775,9114
2026-07-23,131,Duskull,Pokémon,216,107,432,9114
2026-07-23,132,Dusclops,Pokémon,216,107,432,9114
2026-07-23,133,Dusknoir,Pokémon,216,107,217,9114
2026-07-23,235,Budew,Pokémon,324,152,355,9114
2026-07-23,791,Moltres,Pokémon,215,107,215,9114
2026-07-23,1071,Meowth ex,Pokémon,261,128,267,9114
2026-07-23,1120,Crushing Hammer,Trainer,471,226,1603,9114
2026-07-23,1121,Ultra Ball,Trainer,1214,635,3342,9114
2026-07-23,1198,Crispin,Trainer,275,134,839,9114
2026-07-23,1256,Team Rocket's Watchtower,Trainer,372,173,671,9114
2026-07-23,848,Buneary,Pokémon,346,179,902,9114
2026-07-23,849,Mega Lopunny ex,Pokémon,346,179,821,9114
2026-07-23,174,Fan Rotom,Pokémon,296,159,296,9114
2026-07-23,1229,Wally's Compassion,Trainer,324,170,1290,9114
2026-07-23,1087,Hand Trimmer,Trainer,662,336,1311,9114
2026-07-23,1174,Air Balloon,Trainer,376,204,1109,9114
2026-07-23,1264,Battle Cage,Trainer,912,452,2050,9114
2026-07-23,11,Mist Energy,Energy,976,487,3904,9114
2026-07-23,861,Mega Froslass ex,Pokémon,134,74,285,9114
2026-07-23,3,Basic {W} Energy,Energy,156,84,568,9114
2026-07-23,344,Dwebble,Pokémon,694,334,2572,9114
2026-07-23,345,Crustle,Pokémon,694,334,2545,9114
2026-07-23,756,Mega Kangaskhan ex,Pokémon,673,325,2527,9114
2026-07-23,1147,Jumbo Ice Cream,Trainer,706,339,2776,9114
2026-07-23,1123,Switch,Trainer,758,372,2362,9114
2026-07-23,18,Grow Grass Energy,Energy,694,334,2734,9114
2026-07-23,14,Spiky Energy,Energy,761,364,2709,9114
2026-07-23,89,Grookey,Pokémon,69,39,276,9114
2026-07-23,90,Thwackey,Pokémon,69,39,276,9114
2026-07-23,92,Applin,Pokémon,69,39,270,9114
2026-07-23,93,Dipplin,Pokémon,69,39,276,9114
2026-07-23,247,Swirlix,Pokémon,6,1,24,9114
2026-07-23,1175,Brave Bangle,Trainer,801,424,879,9114
2026-07-23,1245,Festival Grounds,Trainer,69,39,276,9114
2026-07-23,1213,Judge,Trainer,189,77,312,9114
2026-07-23,434,Team Rocket's Mimikyu,Pokémon,377,214,1131,9114
2026-07-23,1206,Larry’s Skill,Trainer,1,0,1,9114
2026-07-23,649,Marnie's Morpeko,Pokémon,25,9,30,9114
2026-07-23,689,Yveltal,Pokémon,39,13,39,9114
2026-07-23,1260,Risky Ruins,Trainer,30,10,37,9114
2026-07-23,293,N’s Zoroark ex,Pokémon,76,33,304,9114
2026-07-23,292,N’s Zorua,Pokémon,76,33,304,9114
2026-07-23,303,N’s Reshiram,Pokémon,76,33,152,9114
2026-07-23,906,N's Zekrom,Pokémon,76,33,76,9114
2026-07-23,141,Pecharunt ex,Pokémon,49,20,49,9114
2026-07-23,1113,N’s PP Up,Trainer,76,33,304,9114
2026-07-23,257,N’s Darumaka,Pokémon,49,20,49,9114
2026-07-23,1205,Cyrano,Trainer,79,35,185,9114
2026-07-23,1253,N’s Castle,Trainer,76,33,179,9114
2026-07-23,258,N’s Darmanitan,Pokémon,49,20,49,9114
2026-07-23,1194,Colress’s Tenacity,Trainer,84,39,112,9114
2026-07-23,1141,Premium Power Pro,Trainer,62,25,79,9114
2026-07-23,1249,Grand Tree,Trainer,54,22,54,9114
2026-07-23,869,Stunfisk,Pokémon,98,59,98,9114
2026-07-23,4,Basic {L} Energy,Energy,101,61,300,9114
2026-07-23,1202,Drayton,Trainer,5,1,10,9114
2026-07-23,122,Tatsugiri,Pokémon,17,8,17,9114
2026-07-23,117,Cornerstone Mask Ogerpon ex,Pokémon,178,91,193,9114
2026-07-23,1187,Morty’s Conviction,Trainer,139,72,252,9114
2026-07-23,1176,Punk Helmet,Trainer,27,13,54,9114
2026-07-23,1188,Ciphermaniac’s Codebreaking,Trainer,27,13,27,9114
2026-07-23,1195,Janine’s Secret Art,Trainer,27,13,27,9114
2026-07-23,1208,Iris’s Fighting Spirit,Trainer,8,4,8,9114
2026-07-23,1204,Lisia’s Appeal,Trainer,3,2,3,9114
2026-07-23,1242,Community Center,Trainer,27,16,27,9114
2026-07-23,73,Rellor,Pokémon,76,44,76,9114
2026-07-23,74,Rabsca,Pokémon,76,44,76,9114
2026-07-23,164,Comfey,Pokémon,16,7,64,9114
2026-07-23,817,Bramblin,Pokémon,16,7,57,9114
2026-07-23,818,Brambleghast,Pokémon,16,7,48,9114
2026-07-23,1144,Strange Timepiece,Trainer,16,7,32,9114
2026-07-23,1247,Neutralization Zone,Trainer,80,33,80,9114
2026-07-23,410,Torchic,Pokémon,4,2,8,9114
2026-07-23,411,Combusken,Pokémon,4,2,4,9114
2026-07-23,326,Blaziken ex,Pokémon,4,2,8,9114
2026-07-23,31,Chi-Yu,Pokémon,4,2,4,9114
2026-07-23,1092,Secret Box,Trainer,63,37,63,9114
2026-07-23,1186,Eri,Trainer,20,7,22,9114
2026-07-23,1146,Wondrous Patch,Trainer,18,6,18,9114
2026-07-23,1191,Kieran,Trainer,60,37,120,9114
2026-07-23,1211,Black Belt’s Training,Trainer,63,38,63,9114
2026-07-23,666,Cinderace,Pokémon,57,27,194,9114
2026-07-23,1030,Staryu,Pokémon,18,10,55,9114
2026-07-23,1031,Mega Starmie ex,Pokémon,18,10,54,9114
2026-07-23,1145,Mega Signal,Trainer,24,10,71,9114
2026-07-23,1189,Salvatore,Trainer,23,10,29,9114
2026-07-23,1224,Cheren,Trainer,17,10,17,9114
2026-07-23,1262,Surfing Beach,Trainer,17,10,68,9114
2026-07-23,8,Basic {M} Energy,Energy,26,11,334,9114
2026-07-23,57,Relicanth,Pokémon,2,0,2,9114
2026-07-23,169,Duraludon,Pokémon,26,11,104,9114
2026-07-23,190,Archaludon ex,Pokémon,26,11,104,9114
2026-07-23,1185,Explorer’s Guidance,Trainer,26,11,104,9114
2026-07-23,1244,Full Metal Lab,Trainer,26,11,104,9114
2026-07-23,96,Teal Mask Ogerpon ex,Pokémon,13,7,29,9114
2026-07-23,184,Latias ex,Pokémon,5,2,8,9114
2026-07-23,63,Raging Bolt ex,Pokémon,3,2,6,9114
2026-07-23,108,Wellspring Mask Ogerpon ex,Pokémon,3,2,3,9114
2026-07-23,272,Lillie’s Clefairy ex,Pokémon,4,2,4,9114
2026-07-23,1116,Energy Switch,Trainer,3,2,12,9114
2026-07-23,1098,Glass Trumpet,Trainer,3,2,6,9114
2026-07-23,1088,Prime Catcher,Trainer,3,2,3,9114
2026-07-23,1250,Area Zero Underdepths,Trainer,3,2,12,9114
2026-07-23,506,Cubchoo,Pokémon,4,2,16,9114
2026-07-23,1166,Gravity Gemstone,Trainer,4,2,12,9114
2026-07-23,65,Dunsparce,Pokémon,8,4,18,9114
2026-07-23,745,Ralts,Pokémon,1,0,4,9114
2026-07-23,746,Kirlia,Pokémon,1,0,3,9114
2026-07-23,747,Mega Gardevoir ex,Pokémon,1,0,3,9114
2026-07-23,16,Prism Energy,Energy,15,6,59,9114
2026-07-23,597,Frillish,Pokémon,1,0,1,9114
2026-07-23,183,Smoochum,Pokémon,1,0,1,9114
2026-07-23,1177,Sacred Charm,Trainer,22,13,22,9114
2026-07-23,12,Legacy Energy,Energy,3,1,3,9114
2026-07-23,42,Applin,Pokémon,3,1,6,9114
2026-07-23,655,Celebi,Pokémon,3,1,12,9114
2026-07-23,1102,Dusk Ball,Trainer,12,4,39,9114
2026-07-23,1167,Deluxe Bomb,Trainer,1,0,1,9114
2026-07-23,1192,Carmine,Trainer,8,3,29,9114
2026-07-23,17,Ignition Energy,Energy,1,0,4,9114
2026-07-23,1210,Brock’s Scouting,Trainer,14,6,42,9114
2026-07-23,306,Dudunsparce ex,Pokémon,8,3,8,9114
2026-07-23,677,Riolu,Pokémon,9,3,36,9114
2026-07-23,678,Mega Lucario ex,Pokémon,9,3,36,9114
2026-07-23,676,Solrock,Pokémon,9,3,27,9114
2026-07-23,675,Lunatone,Pokémon,9,3,18,9114
2026-07-23,673,Makuhita,Pokémon,7,2,17,9114
2026-07-23,674,Hariyama,Pokémon,7,2,17,9114
2026-07-23,1252,Gravity Mountain,Trainer,6,2,11,9114
2026-07-23,1240,Rosa's Encouragement,Trainer,1,0,1,9114
2026-07-23,1246,Jamming Tower,Trainer,7,0,14,9114
2026-07-23,1222,Fennel,Trainer,4,2,4,9114
2026-07-23,827,Carvanha,Pokémon,6,0,24,9114
2026-07-23,828,Mega Sharpedo ex,Pokémon,6,0,24,9114
2026-07-23,833,Toxel,Pokémon,6,0,12,9114
2026-07-23,834,Toxtricity,Pokémon,6,0,12,9114
2026-07-23,829,Seviper,Pokémon,6,0,6,9114
2026-07-23,103,Snorunt,Pokémon,2,1,4,9114
2026-07-23,1235,Waitress,Trainer,10,5,30,9114
2026-07-23,1212,Cook,Trainer,10,5,40,9114
2026-07-22,7,Basic {D} Energy,Energy,4009,2032,36921,9270
2026-07-22,104,Froslass,Pokémon,3486,1761,6969,9270
2026-07-22,112,Munkidori,Pokémon,4006,2034,14868,9270
2026-07-22,646,Marnie's Impidimp,Pokémon,3555,1784,14220,9270
2026-07-22,647,Marnie's Morgrem,Pokémon,3555,1784,10462,9270
2026-07-22,648,Marnie's Grimmsnarl ex,Pokémon,3555,1784,10737,9270
2026-07-22,860,Snorunt,Pokémon,3857,1966,7829,9270
2026-07-22,1079,Rare Candy,Trainer,5409,2610,16347,9270
2026-07-22,1080,Unfair Stamp,Trainer,4720,2463,4720,9270
2026-07-22,1086,Buddy-Buddy Poffin,Trainer,8257,4096,32252,9270
2026-07-22,1097,Night Stretcher,Trainer,7805,3924,16483,9270
2026-07-22,1122,Pokégear 3.0,Trainer,3893,1957,7058,9270
2026-07-22,1137,Tool Scrapper,Trainer,2193,1119,2193,9270
2026-07-22,1152,Poké Pad,Trainer,8395,4230,33422,9270
2026-07-22,1182,Boss’s Orders,Trainer,7897,3949,18182,9270
2026-07-22,1219,Team Rocket's Petrel,Trainer,4179,2118,14759,9270
2026-07-22,1227,Lillie's Determination,Trainer,7424,3814,27510,9270
2026-07-22,1231,Dawn,Trainer,5696,2774,11501,9270
2026-07-22,1259,Spikemuth Gym,Trainer,3555,1784,14092,9270
2026-07-22,1,Basic {G} Energy,Energy,2087,1042,10105,9270
2026-07-22,11,Mist Energy,Energy,1133,551,4532,9270
2026-07-22,14,Spiky Energy,Energy,799,366,3106,9270
2026-07-22,18,Grow Grass Energy,Energy,779,354,3063,9270
2026-07-22,344,Dwebble,Pokémon,764,343,2887,9270
2026-07-22,345,Crustle,Pokémon,764,343,2860,9270
2026-07-22,756,Mega Kangaskhan ex,Pokémon,746,339,2930,9270
2026-07-22,1087,Hand Trimmer,Trainer,922,447,2078,9270
2026-07-22,1123,Switch,Trainer,776,347,2843,9270
2026-07-22,1147,Jumbo Ice Cream,Trainer,765,343,3053,9270
2026-07-22,1159,Hero’s Cape,Trainer,2245,1103,2245,9270
2026-07-22,1197,Xerosic’s Machinations,Trainer,4276,2038,10784,9270
2026-07-22,1225,Hilda,Trainer,3897,1892,14262,9270
2026-07-22,1264,Battle Cage,Trainer,1063,517,2459,9270
2026-07-22,6,Basic {F} Energy,Energy,924,516,4168,9270
2026-07-22,20,Rock Fighting Energy,Energy,860,467,3434,9270
2026-07-22,341,Cynthia's Roselia,Pokémon,792,447,3168,9270
2026-07-22,342,Cynthia's Roserade,Pokémon,792,447,2405,9270
2026-07-22,379,Cynthia's Gible,Pokémon,792,447,3168,9270
2026-07-22,380,Cynthia's Gabite,Pokémon,792,447,3168,9270
2026-07-22,381,Cynthia's Garchomp ex,Pokémon,792,447,2376,9270
2026-07-22,387,Cynthia's Spiritomb,Pokémon,789,445,1552,9270
2026-07-22,1142,Fighting Gong,Trainer,807,452,3199,9270
2026-07-22,1173,Cynthia's Power Weight,Trainer,792,447,2376,9270
2026-07-22,1203,Surfer,Trainer,712,409,712,9270
2026-07-22,1261,Forest of Vitality,Trainer,766,440,1532,9270
2026-07-22,5,Basic {P} Energy,Energy,3210,1566,8034,9270
2026-07-22,13,Enriching Energy,Energy,2213,1027,2213,9270
2026-07-22,19,Telepath Psychic Energy,Energy,1853,826,7412,9270
2026-07-22,66,Dudunsparce,Pokémon,2233,1035,4902,9270
2026-07-22,140,Fezandipiti ex,Pokémon,2251,1047,2251,9270
2026-07-22,305,Dunsparce,Pokémon,2223,1028,7044,9270
2026-07-22,343,Shaymin,Pokémon,1881,848,1881,9270
2026-07-22,741,Abra,Pokémon,1845,821,7380,9270
2026-07-22,742,Kadabra,Pokémon,1845,821,7380,9270
2026-07-22,743,Alakazam,Pokémon,1845,821,7379,9270
2026-07-22,1081,Enhanced Hammer,Trainer,1847,822,7129,9270
2026-07-22,1129,Sacred Ash,Trainer,1940,871,1948,9270
2026-07-22,1184,Lana’s Aid,Trainer,1864,833,1874,9270
2026-07-22,1266,Nighttime Mine,Trainer,1838,818,3841,9270
2026-07-22,431,Team Rocket's Mewtwo ex,Pokémon,1213,638,2426,9270
2026-07-22,400,Team Rocket's Tarountula,Pokémon,1213,638,4852,9270
2026-07-22,401,Team Rocket's Spidops,Pokémon,1213,638,4852,9270
2026-07-22,434,Team Rocket's Mimikyu,Pokémon,255,121,762,9270
2026-07-22,414,Team Rocket's Articuno,Pokémon,1335,702,2559,9270
2026-07-22,1217,Team Rocket's Archer,Trainer,1213,638,1213,9270
2026-07-22,1218,Team Rocket's Giovanni,Trainer,1213,638,3639,9270
2026-07-22,1094,Bug Catching Set,Trainer,1325,699,4087,9270
2026-07-22,1134,Team Rocket's Transceiver,Trainer,1217,638,4860,9270
2026-07-22,1216,Team Rocket's Ariana,Trainer,1213,638,4828,9270
2026-07-22,1257,Team Rocket's Factory,Trainer,1240,648,2708,9270
2026-07-22,1220,Team Rocket's Proton,Trainer,1213,638,3584,9270
2026-07-22,1175,Brave Bangle,Trainer,1001,521,1210,9270
2026-07-22,1121,Ultra Ball,Trainer,1291,675,4157,9270
2026-07-22,15,Team Rocket's Energy,Energy,1217,638,4860,9270
2026-07-22,2,Basic {R} Energy,Energy,399,223,1606,9270
2026-07-22,119,Dreepy,Pokémon,397,222,1588,9270
2026-07-22,120,Drakloak,Pokémon,397,222,1588,9270
2026-07-22,121,Dragapult ex,Pokémon,397,222,1192,9270
2026-07-22,131,Duskull,Pokémon,204,120,408,9270
2026-07-22,132,Dusclops,Pokémon,204,120,408,9270
2026-07-22,133,Dusknoir,Pokémon,204,120,206,9270
2026-07-22,235,Budew,Pokémon,457,253,648,9270
2026-07-22,791,Moltres,Pokémon,202,118,202,9270
2026-07-22,1071,Meowth ex,Pokémon,414,230,431,9270
2026-07-22,1120,Crushing Hammer,Trainer,565,307,1677,9270
2026-07-22,1198,Crispin,Trainer,404,224,1220,9270
2026-07-22,1256,Team Rocket's Watchtower,Trainer,470,253,906,9270
2026-07-22,1161,Handheld Fan,Trainer,985,504,1907,9270
2026-07-22,848,Buneary,Pokémon,425,234,958,9270
2026-07-22,849,Mega Lopunny ex,Pokémon,425,234,916,9270
2026-07-22,174,Fan Rotom,Pokémon,374,209,374,9270
2026-07-22,1229,Wally's Compassion,Trainer,508,278,2024,9270
2026-07-22,1174,Air Balloon,Trainer,437,244,1244,9270
2026-07-22,861,Mega Froslass ex,Pokémon,375,207,868,9270
2026-07-22,3,Basic {W} Energy,Energy,382,210,1750,9270
2026-07-22,432,Team Rocket's Wobbuffet,Pokémon,958,517,958,9270
2026-07-22,463,Team Rocket's Murkrow,Pokémon,958,517,1916,9270
2026-07-22,1119,Energy Search,Trainer,958,517,1916,9270
2026-07-22,649,Marnie's Morpeko,Pokémon,105,43,164,9270
2026-07-22,1202,Drayton,Trainer,76,30,135,9270
2026-07-22,117,Cornerstone Mask Ogerpon ex,Pokémon,189,87,226,9270
2026-07-22,1187,Morty’s Conviction,Trainer,46,15,92,9270
2026-07-22,1209,Ruffian,Trainer,4,0,8,9270
2026-07-22,1210,Brock’s Scouting,Trainer,5,1,8,9270
2026-07-22,666,Cinderace,Pokémon,136,71,291,9270
2026-07-22,1030,Staryu,Pokémon,120,65,362,9270
2026-07-22,1031,Mega Starmie ex,Pokémon,120,65,360,9270
2026-07-22,1145,Mega Signal,Trainer,132,69,390,9270
2026-07-22,1189,Salvatore,Trainer,119,61,127,9270
2026-07-22,1224,Cheren,Trainer,118,63,125,9270
2026-07-22,1262,Surfing Beach,Trainer,118,63,472,9270
2026-07-22,1213,Judge,Trainer,306,149,427,9270
2026-07-22,1194,Colress’s Tenacity,Trainer,34,11,48,9270
2026-07-22,1141,Premium Power Pro,Trainer,39,12,78,9270
2026-07-22,1249,Grand Tree,Trainer,32,11,32,9270
2026-07-22,122,Tatsugiri,Pokémon,32,5,32,9270
2026-07-22,689,Yveltal,Pokémon,56,28,56,9270
2026-07-22,42,Applin,Pokémon,48,25,79,9270
2026-07-22,89,Grookey,Pokémon,112,61,448,9270
2026-07-22,90,Thwackey,Pokémon,112,61,448,9270
2026-07-22,92,Applin,Pokémon,95,50,318,9270
2026-07-22,93,Dipplin,Pokémon,112,61,448,9270
2026-07-22,655,Celebi,Pokémon,31,14,124,9270
2026-07-22,1102,Dusk Ball,Trainer,61,27,117,9270
2026-07-22,1155,Survival Brace,Trainer,31,14,31,9270
2026-07-22,1245,Festival Grounds,Trainer,112,61,448,9270
2026-07-22,1186,Eri,Trainer,17,3,17,9270
2026-07-22,1208,Iris’s Fighting Spirit,Trainer,3,2,3,9270
2026-07-22,73,Rellor,Pokémon,17,11,17,9270
2026-07-22,74,Rabsca,Pokémon,17,11,17,9270
2026-07-22,100,Goldeen,Pokémon,17,11,34,9270
2026-07-22,149,Applin,Pokémon,17,11,51,9270
2026-07-22,240,Seaking,Pokémon,17,11,17,9270
2026-07-22,1092,Secret Box,Trainer,17,11,17,9270
2026-07-22,1191,Kieran,Trainer,17,11,17,9270
2026-07-22,1211,Black Belt’s Training,Trainer,17,11,17,9270
2026-07-22,8,Basic {M} Energy,Energy,18,8,215,9270
2026-07-22,57,Relicanth,Pokémon,18,8,35,9270
2026-07-22,169,Duraludon,Pokémon,18,8,72,9270
2026-07-22,190,Archaludon ex,Pokémon,18,8,72,9270
2026-07-22,1185,Explorer’s Guidance,Trainer,3,0,12,9270
2026-07-22,1244,Full Metal Lab,Trainer,18,8,38,9270
2026-07-22,1212,Cook,Trainer,15,3,45,9270
2026-07-22,827,Carvanha,Pokémon,8,2,32,9270
2026-07-22,828,Mega Sharpedo ex,Pokémon,8,2,32,9270
2026-07-22,833,Toxel,Pokémon,8,2,16,9270
2026-07-22,834,Toxtricity,Pokémon,8,2,16,9270
2026-07-22,829,Seviper,Pokémon,8,2,8,9270
2026-07-22,1246,Jamming Tower,Trainer,12,3,24,9270
2026-07-22,164,Comfey,Pokémon,2,1,8,9270
2026-07-22,817,Bramblin,Pokémon,2,1,4,9270
2026-07-22,818,Brambleghast,Pokémon,2,1,4,9270
2026-07-22,1247,Neutralization Zone,Trainer,10,4,10,9270
2026-07-22,1228,Acerola's Mischief,Trainer,2,1,4,9270
2026-07-22,972,Hitmontop,Pokémon,2,1,2,9270
2026-07-22,1192,Carmine,Trainer,30,14,114,9270
2026-07-22,1239,Naveen,Trainer,17,8,34,9270
2026-07-22,869,Stunfisk,Pokémon,75,41,75,9270
2026-07-22,4,Basic {L} Energy,Energy,75,41,225,9270
2026-07-22,675,Lunatone,Pokémon,13,5,26,9270
2026-07-22,676,Solrock,Pokémon,13,5,39,9270
2026-07-22,677,Riolu,Pokémon,13,5,52,9270
2026-07-22,678,Mega Lucario ex,Pokémon,13,5,51,9270
2026-07-22,293,N’s Zoroark ex,Pokémon,49,24,196,9270
2026-07-22,292,N’s Zorua,Pokémon,49,24,196,9270
2026-07-22,303,N’s Reshiram,Pokémon,49,24,98,9270
2026-07-22,906,N's Zekrom,Pokémon,49,24,49,9270
2026-07-22,141,Pecharunt ex,Pokémon,45,21,45,9270
2026-07-22,1113,N’s PP Up,Trainer,49,24,196,9270
2026-07-22,257,N’s Darumaka,Pokémon,45,21,45,9270
2026-07-22,1205,Cyrano,Trainer,49,24,103,9270
2026-07-22,1253,N’s Castle,Trainer,49,24,102,9270
2026-07-22,258,N’s Darmanitan,Pokémon,45,21,45,9270
2026-07-22,317,Eevee,Pokémon,2,1,8,9270
2026-07-22,330,Sylveon,Pokémon,2,1,8,9270
2026-07-22,1136,Antique Cover Fossil,Trainer,2,1,8,9270
2026-07-22,318,Ho-Oh,Pokémon,2,1,8,9270
2026-07-22,239,Flareon ex,Pokémon,2,1,2,9270
2026-07-22,16,Prism Energy,Energy,7,5,22,9270
2026-07-22,1236,Urbain,Trainer,1,1,4,9270
2026-07-22,247,Swirlix,Pokémon,64,36,256,9270
2026-07-22,184,Latias ex,Pokémon,7,5,7,9270
2026-07-22,1260,Risky Ruins,Trainer,12,5,14,9270
2026-07-22,1167,Deluxe Bomb,Trainer,2,2,2,9270
2026-07-22,17,Ignition Energy,Energy,2,2,8,9270
2026-07-22,1176,Punk Helmet,Trainer,4,3,8,9270
2026-07-22,1188,Ciphermaniac’s Codebreaking,Trainer,4,3,4,9270
2026-07-22,1195,Janine’s Secret Art,Trainer,4,3,4,9270
2026-07-22,65,Dunsparce,Pokémon,11,7,22,9270
2026-07-22,306,Dudunsparce ex,Pokémon,4,1,4,9270
2026-07-22,464,Team Rocket's Sneasel,Pokémon,3,0,3,9270
2026-07-22,673,Makuhita,Pokémon,10,4,18,9270
2026-07-22,674,Hariyama,Pokémon,10,4,18,9270
2026-07-22,1146,Wondrous Patch,Trainer,1,0,1,9270
2026-07-22,1204,Lisia’s Appeal,Trainer,29,10,31,9270
2026-07-22,1242,Community Center,Trainer,27,10,27,9270
2026-07-22,1240,Rosa's Encouragement,Trainer,2,0,2,9270
2026-07-22,58,Great Tusk,Pokémon,2,0,8,9270
2026-07-22,607,Terrakion,Pokémon,2,0,2,9270
2026-07-22,745,Ralts,Pokémon,6,4,24,9270
2026-07-22,746,Kirlia,Pokémon,6,4,18,9270
2026-07-22,747,Mega Gardevoir ex,Pokémon,6,4,18,9270
2026-07-22,272,Lillie’s Clefairy ex,Pokémon,6,4,6,9270
2026-07-22,597,Frillish,Pokémon,6,4,6,9270
2026-07-22,183,Smoochum,Pokémon,6,4,6,9270
2026-07-22,1252,Gravity Mountain,Trainer,8,3,8,9270
2026-07-22,103,Snorunt,Pokémon,4,2,8,9270
2026-08-06,7,Basic {D} Energy,Energy,3901,1855,33971,9256
2026-08-06,104,Froslass,Pokémon,3237,1514,6433,9256
2026-08-06,112,Munkidori,Pokémon,3914,1864,14325,9256
2026-08-06,646,Marnie's Impidimp,Pokémon,3243,1517,12972,9256
2026-08-06,647,Marnie's Morgrem,Pokémon,3243,1517,9645,9256
2026-08-06,648,Marnie's Grimmsnarl ex,Pokémon,3243,1517,9729,9256
2026-08-06,860,Snorunt,Pokémon,3882,1885,7749,9256
2026-08-06,1079,Rare Candy,Trainer,4857,2332,14820,9256
2026-08-06,1080,Unfair Stamp,Trainer,4376,2109,4376,9256
2026-08-06,1086,Buddy-Buddy Poffin,Trainer,7846,3874,30520,9256
2026-08-06,1097,Night Stretcher,Trainer,6224,3046,14435,9256
2026-08-06,1122,Pokégear 3.0,Trainer,5892,2915,12382,9256
2026-08-06,1137,Tool Scrapper,Trainer,3503,1652,3503,9256
2026-08-06,1152,Poké Pad,Trainer,7662,3814,29788,9256
2026-08-06,1182,Boss’s Orders,Trainer,8869,4451,21169,9256
2026-08-06,1219,Team Rocket's Petrel,Trainer,3581,1678,14240,9256
2026-08-06,1227,Lillie's Determination,Trainer,7568,3777,30143,9256
2026-08-06,1231,Dawn,Trainer,5636,2728,10687,9256
2026-08-06,1259,Spikemuth Gym,Trainer,3243,1517,12967,9256
2026-08-06,1,Basic {G} Energy,Energy,2169,1084,18834,9256
2026-08-06,18,Grow Grass Energy,Energy,1621,812,5176,9256
2026-08-06,96,Teal Mask Ogerpon ex,Pokémon,1015,525,3972,9256
2026-08-06,1094,Bug Catching Set,Trainer,1247,633,4895,9256
2026-08-06,1118,Energy Retrieval,Trainer,667,342,1074,9256
2026-08-06,1119,Energy Search,Trainer,655,341,2019,9256
2026-08-06,1127,Tera Orb,Trainer,685,353,1865,9256
2026-08-06,1147,Jumbo Ice Cream,Trainer,1613,807,5323,9256
2026-08-06,1159,Hero’s Cape,Trainer,1833,934,1833,9256
2026-08-06,1201,Briar,Trainer,785,415,785,9256
2026-08-06,1213,Judge,Trainer,1517,799,4186,9256
2026-08-06,1221,N's Plan,Trainer,582,311,582,9256
2026-08-06,1223,Harlequin,Trainer,624,328,1011,9256
2026-08-06,1251,Lively Stadium,Trainer,639,336,1398,9256
2026-08-06,1120,Crushing Hammer,Trainer,1035,553,4082,9256
2026-08-06,305,Dunsparce,Pokémon,2707,1410,9171,9256
2026-08-06,66,Dudunsparce,Pokémon,2782,1444,7163,9256
2026-08-06,848,Buneary,Pokémon,1190,644,3209,9256
2026-08-06,849,Mega Lopunny ex,Pokémon,1190,644,2793,9256
2026-08-06,184,Latias ex,Pokémon,262,141,434,9256
2026-08-06,272,Lillie’s Clefairy ex,Pokémon,195,103,277,9256
2026-08-06,174,Fan Rotom,Pokémon,1109,608,1109,9256
2026-08-06,1229,Wally's Compassion,Trainer,1400,766,5199,9256
2026-08-06,1225,Hilda,Trainer,3889,2000,13690,9256
2026-08-06,1121,Ultra Ball,Trainer,2650,1425,9737,9256
2026-08-06,1197,Xerosic’s Machinations,Trainer,3199,1607,7979,9256
2026-08-06,1087,Hand Trimmer,Trainer,1090,567,2558,9256
2026-08-06,1174,Air Balloon,Trainer,1201,656,3897,9256
2026-08-06,1264,Battle Cage,Trainer,1759,910,4609,9256
2026-08-06,11,Mist Energy,Energy,1985,1041,7940,9256
2026-08-06,19,Telepath Psychic Energy,Energy,1727,873,6839,9256
2026-08-06,13,Enriching Energy,Energy,2677,1389,2677,9256
2026-08-06,14,Spiky Energy,Energy,1271,638,4554,9256
2026-08-06,344,Dwebble,Pokémon,921,450,3479,9256
2026-08-06,345,Crustle,Pokémon,921,450,3184,9256
2026-08-06,756,Mega Kangaskhan ex,Pokémon,1090,545,3521,9256
2026-08-06,1123,Switch,Trainer,1174,598,3020,9256
2026-08-06,5,Basic {P} Energy,Energy,2333,1198,6060,9256
2026-08-06,140,Fezandipiti ex,Pokémon,2659,1381,2661,9256
2026-08-06,343,Shaymin,Pokémon,1572,796,1572,9256
2026-08-06,741,Abra,Pokémon,1564,788,6256,9256
2026-08-06,742,Kadabra,Pokémon,1564,788,6256,9256
2026-08-06,743,Alakazam,Pokémon,1564,788,6194,9256
2026-08-06,1081,Enhanced Hammer,Trainer,1562,786,6134,9256
2026-08-06,1129,Sacred Ash,Trainer,1776,897,1778,9256
2026-08-06,1184,Lana’s Aid,Trainer,1856,958,1908,9256
2026-08-06,1266,Nighttime Mine,Trainer,1294,653,2634,9256
2026-08-06,20,Rock Fighting Energy,Energy,448,229,1225,9256
2026-08-06,117,Cornerstone Mask Ogerpon ex,Pokémon,514,257,604,9256
2026-08-06,1212,Cook,Trainer,97,50,100,9256
2026-08-06,1257,Team Rocket's Factory,Trainer,334,160,393,9256
2026-08-06,1186,Eri,Trainer,71,20,104,9256
2026-08-06,1242,Community Center,Trainer,54,18,54,9256
2026-08-06,6,Basic {F} Energy,Energy,529,286,4121,9256
2026-08-06,673,Makuhita,Pokémon,192,121,384,9256
2026-08-06,674,Hariyama,Pokémon,192,121,384,9256
2026-08-06,675,Lunatone,Pokémon,277,162,554,9256
2026-08-06,676,Solrock,Pokémon,277,162,824,9256
2026-08-06,677,Riolu,Pokémon,214,130,664,9256
2026-08-06,678,Mega Lucario ex,Pokémon,214,130,850,9256
2026-08-06,1141,Premium Power Pro,Trainer,219,133,866,9256
2026-08-06,1142,Fighting Gong,Trainer,395,218,1580,9256
2026-08-06,2,Basic {R} Energy,Energy,551,291,1962,9256
2026-08-06,119,Dreepy,Pokémon,551,291,2204,9256
2026-08-06,120,Drakloak,Pokémon,551,291,2204,9256
2026-08-06,121,Dragapult ex,Pokémon,551,291,1627,9256
2026-08-06,235,Budew,Pokémon,617,316,1005,9256
2026-08-06,1071,Meowth ex,Pokémon,910,492,1378,9256
2026-08-06,1198,Crispin,Trainer,685,359,2157,9256
2026-08-06,1246,Jamming Tower,Trainer,438,232,769,9256
2026-08-06,3,Basic {W} Energy,Energy,831,462,2393,9256
2026-08-06,861,Mega Froslass ex,Pokémon,645,371,1315,9256
2026-08-06,163,Slowking,Pokémon,78,45,303,9256
2026-08-06,162,Slowpoke,Pokémon,78,45,312,9256
2026-08-06,144,Kyurem,Pokémon,78,45,156,9256
2026-08-06,183,Smoochum,Pokémon,78,45,147,9256
2026-08-06,224,Annihilape,Pokémon,78,45,87,9256
2026-08-06,115,Conkeldurr,Pokémon,78,45,78,9256
2026-08-06,1248,Academy at Night,Trainer,78,45,312,9256
2026-08-06,1188,Ciphermaniac’s Codebreaking,Trainer,203,118,428,9256
2026-08-06,1194,Colress’s Tenacity,Trainer,327,163,586,9256
2026-08-06,1146,Wondrous Patch,Trainer,122,59,278,9256
2026-08-06,1088,Prime Catcher,Trainer,158,89,158,9256
2026-08-06,402,Smoliv,Pokémon,43,18,86,9256
2026-08-06,403,Dolliv,Pokémon,43,18,86,9256
2026-08-06,404,Arboliva ex,Pokémon,43,18,86,9256
2026-08-06,708,Chikorita,Pokémon,86,32,215,9256
2026-08-06,709,Bayleef,Pokémon,231,118,357,9256
2026-08-06,710,Meganium,Pokémon,231,118,462,9256
2026-08-06,1116,Energy Switch,Trainer,157,83,451,9256
2026-08-06,1261,Forest of Vitality,Trainer,374,189,1201,9256
2026-08-06,63,Raging Bolt ex,Pokémon,89,51,175,9256
2026-08-06,108,Wellspring Mask Ogerpon ex,Pokémon,89,51,92,9256
2026-08-06,978,Passimian,Pokémon,86,50,86,9256
2026-08-06,1205,Cyrano,Trainer,86,50,170,9256
2026-08-06,1098,Glass Trumpet,Trainer,86,50,172,9256
2026-08-06,1250,Area Zero Underdepths,Trainer,126,72,400,9256
2026-08-06,4,Basic {L} Energy,Energy,89,51,184,9256
2026-08-06,1156,Lucky Helmet,Trainer,17,9,17,9256
2026-08-06,1247,Neutralization Zone,Trainer,51,24,51,9256
2026-08-06,12,Legacy Energy,Energy,89,42,89,9256
2026-08-06,16,Prism Energy,Energy,189,85,608,9256
2026-08-06,116,Okidogi,Pokémon,72,37,261,9256
2026-08-06,1051,Binacle,Pokémon,63,32,126,9256
2026-08-06,1052,Barbaracle,Pokémon,63,32,126,9256
2026-08-06,1187,Morty’s Conviction,Trainer,170,89,311,9256
2026-08-06,1238,Tarragon,Trainer,63,32,126,9256
2026-08-06,1256,Team Rocket's Watchtower,Trainer,244,133,525,9256
2026-08-06,341,Cynthia's Roselia,Pokémon,118,56,467,9256
2026-08-06,342,Cynthia's Roserade,Pokémon,118,56,354,9256
2026-08-06,379,Cynthia's Gible,Pokémon,118,56,472,9256
2026-08-06,380,Cynthia's Gabite,Pokémon,118,56,472,9256
2026-08-06,381,Cynthia's Garchomp ex,Pokémon,118,56,354,9256
2026-08-06,387,Cynthia's Spiritomb,Pokémon,118,56,236,9256
2026-08-06,1173,Cynthia's Power Weight,Trainer,118,56,354,9256
2026-08-06,1203,Surfer,Trainer,115,58,115,9256
2026-08-06,917,Chikorita,Pokémon,145,86,290,9256
2026-08-06,918,Bayleef,Pokémon,105,65,105,9256
2026-08-06,149,Applin,Pokémon,177,110,393,9256
2026-08-06,346,Applin,Pokémon,105,65,105,9256
2026-08-06,93,Dipplin,Pokémon,376,207,1214,9256
2026-08-06,150,Hydrapple ex,Pokémon,145,86,290,9256
2026-08-06,655,Celebi,Pokémon,122,73,122,9256
2026-08-06,920,Tapu Bulu,Pokémon,185,102,207,9256
2026-08-06,89,Grookey,Pokémon,231,121,924,9256
2026-08-06,90,Thwackey,Pokémon,231,121,900,9256
2026-08-06,92,Applin,Pokémon,199,97,716,9256
2026-08-06,1175,Brave Bangle,Trainer,301,159,699,9256
2026-08-06,1245,Festival Grounds,Trainer,243,123,936,9256
2026-08-06,1161,Handheld Fan,Trainer,501,236,901,9256
2026-08-06,1260,Risky Ruins,Trainer,83,37,112,9256
2026-08-06,414,Team Rocket's Articuno,Pokémon,244,104,453,9256
2026-08-06,1210,Brock’s Scouting,Trainer,63,31,216,9256
2026-08-06,1236,Urbain,Trainer,45,17,145,9256
2026-08-06,24,Team Rocket's Kangaskhan ex,Pokémon,58,27,58,9256
2026-08-06,65,Dunsparce,Pokémon,80,35,126,9256
2026-08-06,306,Dudunsparce ex,Pokémon,58,29,58,9256
2026-08-06,666,Cinderace,Pokémon,32,16,78,9256
2026-08-06,1030,Staryu,Pokémon,26,12,79,9256
2026-08-06,1031,Mega Starmie ex,Pokémon,26,12,78,9256
2026-08-06,1145,Mega Signal,Trainer,70,26,167,9256
2026-08-06,1262,Surfing Beach,Trainer,25,12,74,9256
2026-08-06,15,Team Rocket's Energy,Energy,89,37,356,9256
2026-08-06,400,Team Rocket's Tarountula,Pokémon,88,37,352,9256
2026-08-06,401,Team Rocket's Spidops,Pokémon,88,37,352,9256
2026-08-06,431,Team Rocket's Mewtwo ex,Pokémon,88,37,176,9256
2026-08-06,432,Team Rocket's Wobbuffet,Pokémon,21,10,21,9256
2026-08-06,463,Team Rocket's Murkrow,Pokémon,22,10,46,9256
2026-08-06,1134,Team Rocket's Transceiver,Trainer,92,38,362,9256
2026-08-06,1216,Team Rocket's Ariana,Trainer,89,37,353,9256
2026-08-06,1217,Team Rocket's Archer,Trainer,39,16,44,9256
2026-08-06,1218,Team Rocket's Giovanni,Trainer,89,37,217,9256
2026-08-06,1220,Team Rocket's Proton,Trainer,89,37,322,9256
2026-08-06,1153,Lumiose Galette,Trainer,12,2,12,9256
2026-08-06,1190,Bianca’s Devotion,Trainer,12,2,12,9256
2026-08-06,1204,Lisia’s Appeal,Trainer,25,5,25,9256
2026-08-06,650,Bulbasaur,Pokémon,50,16,114,9256
2026-08-06,651,Ivysaur,Pokémon,50,16,107,9256
2026-08-06,652,Mega Venusaur ex,Pokémon,50,16,100,9256
2026-08-06,891,Team Rocket's Honchkrow,Pokémon,1,0,3,9256
2026-08-06,473,Team Rocket's Porygon,Pokémon,1,0,2,9256
2026-08-06,474,Team Rocket's Porygon2,Pokémon,1,0,2,9256
2026-08-06,475,Team Rocket's Porygon-Z,Pokémon,1,0,1,9256
2026-08-06,1077,Roto-Stick,Trainer,1,0,4,9256
2026-08-06,17,Ignition Energy,Energy,5,2,20,9256
2026-08-06,1240,Rosa's Encouragement,Trainer,7,3,7,9256
2026-08-06,434,Team Rocket's Mimikyu,Pokémon,67,27,197,9256
2026-08-06,169,Duraludon,Pokémon,7,4,28,9256
2026-08-06,190,Archaludon ex,Pokémon,7,4,28,9256
2026-08-06,1244,Full Metal Lab,Trainer,7,4,24,9256
2026-08-06,1185,Explorer’s Guidance,Trainer,7,4,28,9256
2026-08-06,8,Basic {M} Energy,Energy,7,4,80,9256
2026-08-06,164,Comfey,Pokémon,8,2,32,9256
2026-08-06,97,Litwick,Pokémon,7,2,28,9256
2026-08-06,494,Lampent,Pokémon,7,2,14,9256
2026-08-06,98,Chandelure,Pokémon,7,2,28,9256
2026-08-06,1124,Pokémon Catcher,Trainer,2,1,6,9256
2026-08-06,1102,Dusk Ball,Trainer,15,5,55,9256
2026-08-06,1192,Carmine,Trainer,15,3,40,9256
2026-08-06,1252,Gravity Mountain,Trainer,18,6,27,9256
2026-08-06,1211,Black Belt’s Training,Trainer,98,58,119,9256
2026-08-06,1191,Kieran,Trainer,67,45,67,9256
2026-08-06,131,Duskull,Pokémon,4,2,8,9256
2026-08-06,132,Dusclops,Pokémon,4,2,5,9256
2026-08-06,133,Dusknoir,Pokémon,4,2,5,9256
2026-08-06,1167,Deluxe Bomb,Trainer,1,0,1,9256
2026-08-06,1096,Poké Vital A,Trainer,37,23,37,9256
2026-08-06,1189,Salvatore,Trainer,7,3,14,9256
2026-08-06,1224,Cheren,Trainer,5,3,10,9256
2026-08-06,1112,Super Potion,Trainer,28,17,33,9256
2026-08-06,1092,Secret Box,Trainer,14,8,14,9256
2026-08-06,73,Rellor,Pokémon,5,0,5,9256
2026-08-06,74,Rabsca,Pokémon,5,0,5,9256
2026-08-06,31,Chi-Yu,Pokémon,77,49,80,9256
2026-08-06,57,Relicanth,Pokémon,6,3,6,9256
2026-08-06,1177,Sacred Charm,Trainer,21,13,21,9256
2026-08-06,9,Boomerang Energy,Energy,9,8,9,9256
2026-08-06,1176,Punk Helmet,Trainer,1,0,2,9256
2026-08-06,791,Moltres,Pokémon,7,2,7,9256
2026-08-06,75,Iron Leaves ex,Pokémon,5,1,5,9256
2026-08-06,126,Galvantula,Pokémon,3,1,6,9256
2026-08-06,160,Joltik,Pokémon,3,1,6,9256
2026-08-06,781,Mega Heracross ex,Pokémon,3,1,3,9256
2026-08-06,1126,Precious Trolley,Trainer,3,1,3,9256
2026-08-06,1267,Lumiose City,Trainer,56,33,56,9256
2026-08-06,1235,Waitress,Trainer,1,0,3,9256
2026-08-06,109,Abra,Pokémon,1,0,1,9256
2026-08-06,745,Ralts,Pokémon,15,9,60,9256
2026-08-06,746,Kirlia,Pokémon,15,9,45,9256
2026-08-06,747,Mega Gardevoir ex,Pokémon,15,9,30,9256
2026-08-06,1249,Grand Tree,Trainer,15,9,15,9256
2026-08-06,236,Leafeon ex,Pokémon,15,9,45,9256
2026-08-06,145,Eevee,Pokémon,15,9,45,9256
2026-08-06,817,Bramblin,Pokémon,1,0,4,9256
2026-08-06,818,Brambleghast,Pokémon,1,0,3,9256
2026-08-06,1144,Strange Timepiece,Trainer,1,0,1,9256
2026-08-06,1084,Boxed Order,Trainer,30,16,30,9256
2026-08-06,890,Okidogi,Pokémon,6,3,6,9256
2026-08-06,1154,Team Rocket’s Hypnotizer,Trainer,1,1,1,9256
2026-08-06,247,Swirlix,Pokémon,1,0,4,9256
2026-08-06,141,Pecharunt ex,Pokémon,5,2,5,9256
2026-08-06,689,Yveltal,Pokémon,5,2,5,9256
2026-08-06,324,Torchic,Pokémon,27,17,54,9256
2026-08-06,325,Combusken,Pokémon,27,17,27,9256
2026-08-06,326,Blaziken ex,Pokémon,27,17,54,9256
2026-08-06,827,Carvanha,Pokémon,2,0,8,9256
2026-08-06,828,Mega Sharpedo ex,Pokémon,2,0,8,9256
2026-08-06,833,Toxel,Pokémon,2,0,4,9256
2026-08-06,834,Toxtricity,Pokémon,2,0,4,9256
2026-08-06,829,Seviper,Pokémon,2,0,2,9256
2026-08-06,1158,Maximum Belt,Trainer,2,0,2,9256
2026-08-06,209,Chien-Pao,Pokémon,2,0,2,9256
2026-08-06,100,Goldeen,Pokémon,15,12,30,9256
2026-08-06,240,Seaking,Pokémon,15,12,30,9256
