episode_id,agent,player,won,n_steps,archetype
84743025,koga_poke,0,0,101,Yveltal
84743025,Majkel1337,1,1,101,Dudunsparce
84743031,LiamK,0,1,175,Cornerstone Mask Ogerpon ex
84743031,Abhyuday,1,0,175,Dudunsparce
84743036,matsurih,0,0,145,Dudunsparce
84743036,bono,1,1,145,Mega Kangaskhan ex
84743037,koga_poke,0,1,151,Yveltal
84743037,aaa,1,0,151,Fezandipiti ex
84743038,Bozo Boys,0,0,176,Alakazam
84743038,youtube.com/@BigBugginnings,1,1,176,Dragapult ex
84743039,junlee789,0,1,132,Mega Kangaskhan ex
84743039,Banjo,1,0,132,Mega Starmie ex
84743042,Majkel1337,0,1,183,Bloodmoon Ursaluna
84743042,豆本豆豆包,1,0,183,Alakazam
84743044,Dũng Đỗ,0,0,157,Mega Kangaskhan ex
84743044,junlee789,1,1,157,Mega Kangaskhan ex
84743046,Majkel1337,0,1,89,Bloodmoon Ursaluna
84743046,bono,1,0,89,Mega Kangaskhan ex
84743048,Yushin Ito,0,1,254,Marnie's Grimmsnarl ex
84743048,kazuki0123,1,0,254,Marnie's Grimmsnarl ex
84743052,btk15049,0,1,208,Cornerstone Mask Ogerpon ex
84743052,ShumpeiNomura,1,0,208,Archaludon ex
84743054,kashiwashira,0,0,107,Team Rocket's Mewtwo ex
84743054,WinDecks,1,1,107,Mega Starmie ex
84743055,ごんさくよねきち,0,1,184,Marnie's Grimmsnarl ex
84743055,tonakaiiii,1,0,184,Marnie's Grimmsnarl ex
84743057,Yushin Ito,0,1,140,Mega Starmie ex
84743057,Akira-Ninth,1,0,140,Mega Lucario ex
84743063,jiatu.l,0,0,187,Marnie's Grimmsnarl ex
84743063,THIRD PTCG Club,1,1,187,Fezandipiti ex
84743065,Akira-Ninth,0,0,98,Mega Lucario ex
84743065,5.5,1,1,98,Alakazam
84743068,matsurih,0,1,69,Dudunsparce
84743068,LiamK,1,0,69,Teal Mask Ogerpon ex
84743075,Rmy,0,1,76,Dudunsparce
84743075,LiamK,1,0,76,Teal Mask Ogerpon ex
84743078,Star-mine,0,1,114,Chandelure
84743078,nasuo445,1,0,114,Cynthia's Garchomp ex
84743095,hoshippi,0,0,125,Marnie's Grimmsnarl ex
84743095,zoroark190,1,1,125,Mega Kangaskhan ex
84743545,aaa,0,1,178,Fezandipiti ex
84743545,Majkel1337,1,0,178,Dudunsparce
84743548,Yushin Ito,0,1,48,Mega Starmie ex
84743548,LiamK,1,0,48,Cornerstone Mask Ogerpon ex
84743550,matsurih,0,1,125,Dudunsparce
84743550,jiatu.l,1,0,125,Marnie's Grimmsnarl ex
84743551,junlee789,0,0,141,Mega Kangaskhan ex
84743551,Majkel1337,1,1,141,Bloodmoon Ursaluna
84743552,junlee789,0,0,176,Mega Kangaskhan ex
84743552,youtube.com/@BigBugginnings,1,1,176,Dragapult ex
84743554,matsurih,0,1,198,Dudunsparce
84743554,aaa,1,0,198,Fezandipiti ex
84743556,Bozo Boys,0,0,164,Alakazam
84743556,Yushin Ito,1,1,164,Marnie's Grimmsnarl ex
84743557,koga_poke,0,1,139,Yveltal
84743557,youtube.com/@BigBugginnings,1,0,139,Dragapult ex
84743563,Rmy,0,0,150,Dudunsparce
84743563,ShumpeiNomura,1,1,150,Archaludon ex
84743565,zoroark190,0,0,69,Mega Kangaskhan ex
84743565,trickstar,1,1,69,Fezandipiti ex
84743572,Bozo Boys,0,1,178,Alakazam
84743572,bono,1,0,178,Fezandipiti ex
84743573,btk15049,0,1,188,Cornerstone Mask Ogerpon ex
84743573,Rmy,1,0,188,Dudunsparce
84743574,nasuo445,0,1,153,Cynthia's Garchomp ex
84743574,やる気元気ミワハルキ,1,0,153,Mega Lucario ex
84743577,Yushin Ito,0,1,92,Mega Starmie ex
84743577,wally0593,1,0,92,Dudunsparce
84743578,koga_poke,0,0,216,Yveltal
84743578,tonakaiiii,1,1,216,Marnie's Grimmsnarl ex
84743579,kazuki0123,0,0,158,Marnie's Grimmsnarl ex
84743579,Bozo Boys,1,1,158,Alakazam
84743589,youtube.com/@BigBugginnings,0,1,175,Dragapult ex
84743589,ShumpeiNomura,1,0,175,Archaludon ex
84743593,koga_poke,0,0,119,Yveltal
84743593,LiamK,1,1,119,Teal Mask Ogerpon ex
84743715,Kohenyan,0,1,199,Alakazam
84743715,aaa,1,0,199,Fezandipiti ex
84744050,やる気元気ミワハルキ,0,0,162,Mega Lucario ex
84744050,LiamK,1,1,162,Cornerstone Mask Ogerpon ex
84744054,XP3RiX,0,0,34,Dudunsparce
84744054,Majkel1337,1,1,34,Bloodmoon Ursaluna
84744056,youtube.com/@BigBugginnings,0,0,227,Dragapult ex
84744056,aaa,1,1,227,Fezandipiti ex
84744057,youtube.com/@BigBugginnings,0,0,204,Dragapult ex
84744057,LiamK,1,1,204,Teal Mask Ogerpon ex
84744058,Ajishio,0,1,190,Alakazam
84744058,Yushin Ito,1,0,190,Marnie's Grimmsnarl ex
84744059,koga_poke,0,0,88,Yveltal
84744059,Yushin Ito,1,1,88,Marnie's Grimmsnarl ex
84744060,junlee789,0,1,134,Mega Kangaskhan ex
84744060,zoroark190,1,0,134,Mega Kangaskhan ex
84744062,youtube.com/@BigBugginnings,0,1,191,Dragapult ex
84744062,bono,1,0,191,Mega Kangaskhan ex
84744067,btk15049,0,0,135,Cornerstone Mask Ogerpon ex
84744067,Yushin Ito,1,1,135,Mega Starmie ex
84744070,youtube.com/@BigBugginnings,0,1,164,Dragapult ex
84744070,Rmy,1,0,164,Dudunsparce
84744071,Yushin Ito,0,1,58,Mega Starmie ex
84744071,nasuo445,1,0,58,Cynthia's Garchomp ex
84744072,tonakaiiii,0,0,63,Marnie's Grimmsnarl ex
84744072,WinDecks,1,1,63,Mega Starmie ex
84744075,youtube.com/@BigBugginnings,0,1,185,Dragapult ex
84744075,THIRD PTCG Club,1,0,185,Fezandipiti ex
84744083,Rmy,0,0,180,Dudunsparce
84744083,youtube.com/@BigBugginnings,1,1,180,Dragapult ex
84744089,ShumpeiNomura,0,1,126,Archaludon ex
84744089,LiamK,1,0,126,Teal Mask Ogerpon ex
84744090,Akira-Ninth,0,0,80,Mega Lucario ex
84744090,5.5,1,1,80,Alakazam
84744093,渡邊征央,0,0,151,Marnie's Grimmsnarl ex
84744093,Star-mine,1,1,151,Chandelure
84744102,btk15049,0,0,196,Cornerstone Mask Ogerpon ex
84744102,ZETADIVISION,1,1,196,Dragapult ex
84744103,nasuo445,0,1,142,Cynthia's Garchomp ex
84744103,Raihan Ramadistra,1,0,142,Marnie's Grimmsnarl ex
84744114,Gotem Penguin,0,0,136,Mega Froslass ex
84744114,Yushin Ito,1,1,136,Marnie's Grimmsnarl ex
84744547,ubunbun18,0,0,146,Mega Lucario ex
84744547,Majkel1337,1,1,146,Dudunsparce
84744554,渡邊征央,0,0,150,Marnie's Grimmsnarl ex
84744554,matsurih,1,1,150,Dudunsparce
84744556,nasuo445,0,0,84,Cynthia's Garchomp ex
84744556,Majkel1337,1,1,84,Bloodmoon Ursaluna
84744558,capbloo,0,1,134,Alakazam
84744558,Yushin Ito,1,0,134,Marnie's Grimmsnarl ex
84744560,junlee789,0,1,144,Mega Kangaskhan ex
84744560,aaa,1,0,144,Fezandipiti ex
84744563,nasuo445,0,0,206,Cynthia's Garchomp ex
84744563,youtube.com/@BigBugginnings,1,1,206,Dragapult ex
84744564,koga_poke,0,1,109,Yveltal
84744564,kuromoka,1,0,109,Cynthia's Garchomp ex
84744565,Yushin Ito,0,1,119,Mega Starmie ex
84744565,LiamK,1,0,119,Cornerstone Mask Ogerpon ex
84744567,Dũng Đỗ,0,1,176,Mega Kangaskhan ex
84744567,bono,1,0,176,Mega Kangaskhan ex
84744569,btk15049,0,0,185,Cornerstone Mask Ogerpon ex
84744569,nasuo445,1,1,185,Cynthia's Garchomp ex
84744572,Bozo Boys,0,0,186,Alakazam
84744572,tw_shin,1,1,186,Marnie's Grimmsnarl ex
84744573,THIRD PTCG Club,0,1,220,Fezandipiti ex
84744573,Rmy,1,0,220,Dudunsparce
84744576,ごんさくよねきち,0,0,222,Marnie's Grimmsnarl ex
84744576,tonakaiiii,1,1,222,Marnie's Grimmsnarl ex
84744577,nasuo445,0,1,112,Cynthia's Garchomp ex
84744577,Yushin Ito,1,0,112,Mega Starmie ex
84744585,Star-mine,0,0,160,Chandelure
84744585,tonakaiiii,1,1,160,Marnie's Grimmsnarl ex
84744594,Abhyuday,0,0,225,Dudunsparce
84744594,nasuo445,1,1,225,Cynthia's Garchomp ex
84744595,Rmy,0,0,145,Dudunsparce
84744595,Akira-Ninth,1,1,145,Mega Lucario ex
84745029,Majkel1337,0,0,233,Dudunsparce
84745029,ShumpeiNomura,1,1,233,Archaludon ex
84745035,matsurih,0,1,92,Dudunsparce
84745035,jp_nerdery,1,0,92,Archaludon ex
84745036,Majkel1337,0,0,144,Bloodmoon Ursaluna
84745036,LiamK,1,1,144,Cornerstone Mask Ogerpon ex
84745038,THIRD PTCG Club,0,1,131,Fezandipiti ex
84745038,Yushin Ito,1,0,131,Marnie's Grimmsnarl ex
84745040,aaa,0,1,206,Fezandipiti ex
84745040,Bozo Boys,1,0,206,Alakazam
84745041,bono,0,1,105,Fezandipiti ex
84745041,youtube.com/@BigBugginnings,1,0,105,Dragapult ex
84745042,zoroark190,0,1,123,Mega Kangaskhan ex
84745042,koga_poke,1,0,123,Yveltal
84745044,junlee789,0,1,117,Mega Kangaskhan ex
84745044,ShumpeiNomura,1,0,117,Archaludon ex
84745045,Rmy,0,1,69,Dudunsparce
84745045,Yushin Ito,1,0,69,Mega Starmie ex
84745052,WinDecks,0,1,125,Mega Starmie ex
84745052,zoroark190,1,0,125,Mega Kangaskhan ex
84745054,WinDecks,0,1,50,Mega Starmie ex
84745054,Ajishio,1,0,50,Alakazam
84745056,bono,0,1,168,Fezandipiti ex
84745056,Bozo Boys,1,0,168,Alakazam
84745067,kazuki0123,0,0,255,Marnie's Grimmsnarl ex
84745067,youtube.com/@BigBugginnings,1,1,255,Dragapult ex
84745068,ZETADIVISION,0,1,177,Dragapult ex
84745068,Dũng Đỗ,1,0,177,Mega Kangaskhan ex
84745071,ShumpeiNomura,0,0,125,Archaludon ex
84745071,nasuo445,1,1,125,Cynthia's Garchomp ex
84745072,5.5,0,0,202,Alakazam
84745072,bono,1,1,202,Mega Kangaskhan ex
84745074,nasuo445,0,0,142,Cynthia's Garchomp ex
84745074,Star-mine,1,1,142,Chandelure
84745075,bono,0,1,128,Fezandipiti ex
84745075,LiamK,1,0,128,Teal Mask Ogerpon ex
84745100,ShumpeiNomura,0,1,113,Archaludon ex
84745100,tonakaiiii,1,0,113,Marnie's Grimmsnarl ex
84745354,niyo,0,0,151,Archaludon ex
84745354,junlee789,1,1,151,Mega Kangaskhan ex
84745527,ヌメルゴンex,0,1,179,Dudunsparce
84745527,matsurih,1,0,179,Dudunsparce
84745528,Majkel1337,0,1,199,Dudunsparce
84745528,aaa,1,0,199,Fezandipiti ex
84745533,btk15049,0,1,181,Cornerstone Mask Ogerpon ex
84745533,aaa,1,0,181,Fezandipiti ex
84745534,Majkel1337,0,0,231,Bloodmoon Ursaluna
84745534,kazuki0123,1,1,231,Marnie's Grimmsnarl ex
84745537,Rmy,0,0,107,Dudunsparce
84745537,koga_poke,1,1,107,Yveltal
84745538,Banjo,0,1,130,Mega Starmie ex
84745538,bono,1,0,130,Mega Kangaskhan ex
84745540,THIRD PTCG Club,0,0,143,Fezandipiti ex
84745540,Yushin Ito,1,1,143,Marnie's Grimmsnarl ex
84745542,Yushin Ito,0,1,157,Mega Starmie ex
84745542,LiamK,1,0,157,Cornerstone Mask Ogerpon ex
84745543,Kohenyan,0,0,106,Alakazam
84745543,WinDecks,1,1,106,Mega Starmie ex
84745546,zoroark190,0,1,84,Mega Kangaskhan ex
84745546,Yushin Ito,1,0,84,Mega Starmie ex
84745549,THIRD PTCG Club,0,0,164,Fezandipiti ex
84745549,Dũng Đỗ,1,1,164,Mega Kangaskhan ex
84745550,jiatu.l,0,1,49,Marnie's Grimmsnarl ex
84745550,btk15049,1,0,49,Cornerstone Mask Ogerpon ex
84745553,tonakaiiii,0,1,122,Marnie's Grimmsnarl ex
84745553,youtube.com/@BigBugginnings,1,0,122,Dragapult ex
84745554,kazuki0123,0,1,105,Marnie's Grimmsnarl ex
84745554,nasuo445,1,0,105,Cynthia's Garchomp ex
84745556,kazuki0123,0,1,204,Marnie's Grimmsnarl ex
84745556,Rmy,1,0,204,Dudunsparce
84745563,Star-mine,0,1,107,Chandelure
84745563,Abhyuday,1,0,107,Dudunsparce
84745564,tonakaiiii,0,0,121,Marnie's Grimmsnarl ex
84745564,Rmy,1,1,121,Dudunsparce
84746050,matsurih,0,0,151,Dudunsparce
84746050,junlee789,1,1,151,Mega Kangaskhan ex
84746051,Abhyuday,0,1,184,Dudunsparce
84746051,Majkel1337,1,0,184,Bloodmoon Ursaluna
84746053,LiamK,0,0,690,Cornerstone Mask Ogerpon ex
84746053,Majkel1337,1,1,690,Dudunsparce
84746055,matsurih,0,0,136,Dudunsparce
84746055,aaa,1,1,136,Fezandipiti ex
84746056,LiamK,0,0,80,Cornerstone Mask Ogerpon ex
84746056,niyo,1,1,80,Archaludon ex
84746060,Star-mine,0,0,109,Chandelure
84746060,Yushin Ito,1,1,109,Marnie's Grimmsnarl ex
84746061,Akira-Ninth,0,0,213,Mega Lucario ex
84746061,youtube.com/@BigBugginnings,1,1,213,Dragapult ex
84746066,tonakaiiii,0,0,180,Marnie's Grimmsnarl ex
84746066,bono,1,1,180,Mega Kangaskhan ex
84746067,bono,0,1,137,Mega Kangaskhan ex
84746067,zoroark190,1,0,137,Mega Kangaskhan ex
84746068,nasuo445,0,1,214,Cynthia's Garchomp ex
84746068,bono,1,0,214,Mega Kangaskhan ex
84746072,kazuki0123,0,1,183,Marnie's Grimmsnarl ex
84746072,koga_poke,1,0,183,Yveltal
84746075,tonakaiiii,0,0,183,Marnie's Grimmsnarl ex
84746075,Rmy,1,1,183,Dudunsparce
84746076,Dũng Đỗ,0,0,178,Mega Kangaskhan ex
84746076,Yushin Ito,1,1,178,Mega Starmie ex
84746078,Bozo Boys,0,1,182,Alakazam
84746078,豆本豆豆包,1,0,182,Alakazam
84746081,WinDecks,0,1,164,Mega Starmie ex
84746081,Rmy,1,0,164,Dudunsparce
84746085,ShumpeiNomura,0,1,182,Archaludon ex
84746085,ZETADIVISION,1,0,182,Dragapult ex
84746375,Yufeng,0,1,126,Archaludon ex
84746375,tonakaiiii,1,0,126,Marnie's Grimmsnarl ex
84746463,tonakaiiii,0,1,153,Marnie's Grimmsnarl ex
84746463,kidekikish,1,0,153,Chandelure
84746567,matsurih,0,1,141,Dudunsparce
84746567,bono,1,0,141,Mega Kangaskhan ex
84746569,Gotem Penguin,0,0,167,Mega Froslass ex
84746569,junlee789,1,1,167,Mega Kangaskhan ex
84746570,Abhyuday,0,1,162,Dudunsparce
84746570,youtube.com/@BigBugginnings,1,0,162,Dragapult ex
84746571,LiamK,0,0,97,Cornerstone Mask Ogerpon ex
84746571,Majkel1337,1,1,97,Bloodmoon Ursaluna
84746572,koga_poke,0,1,141,Yveltal
84746572,やる気元気ミワハルキ,1,0,141,Mega Lucario ex
84746573,zoroark190,0,0,124,Mega Kangaskhan ex
84746573,aaa,1,1,124,Fezandipiti ex
84746574,youtube.com/@BigBugginnings,0,0,206,Dragapult ex
84746574,Yushin Ito,1,1,206,Marnie's Grimmsnarl ex
84746575,WinDecks,0,1,70,Mega Starmie ex
84746575,kashiwashira,1,0,70,Team Rocket's Mewtwo ex
84746578,Yushin Ito,0,1,82,Mega Starmie ex
84746578,Dũng Đỗ,1,0,82,Mega Kangaskhan ex
84746579,やる気元気ミワハルキ,0,1,102,Mega Lucario ex
84746579,nasuo445,1,0,102,Cynthia's Garchomp ex
84746580,zoroark190,0,1,178,Mega Kangaskhan ex
84746580,youtube.com/@BigBugginnings,1,0,178,Dragapult ex
84746581,kazuki0123,0,1,187,Marnie's Grimmsnarl ex
84746581,aaa,1,0,187,Fezandipiti ex
84746582,lmaffei,0,1,153,Mega Lopunny ex
84746582,bono,1,0,153,Fezandipiti ex
84746586,bono,0,1,150,Fezandipiti ex
84746586,Rmy,1,0,150,Dudunsparce
84746588,THIRD PTCG Club,0,1,91,Fezandipiti ex
84746588,tw_shin,1,0,91,Marnie's Grimmsnarl ex
84746590,youtube.com/@BigBugginnings,0,0,299,Dragapult ex
84746590,Dũng Đỗ,1,1,299,Mega Kangaskhan ex
84746595,Majkel1337,0,1,80,Bloodmoon Ursaluna
84746595,LiamK,1,0,80,Teal Mask Ogerpon ex
84746597,nasuo445,0,0,174,Cynthia's Garchomp ex
84746597,koga_poke,1,1,174,Yveltal
84746632,Majkel1337,0,1,158,Bloodmoon Ursaluna
84746632,zoroark190,1,0,158,Mega Kangaskhan ex
84747077,Majkel1337,0,1,73,Dudunsparce
84747077,WinDecks,1,0,73,Mega Starmie ex
84747082,LiamK,0,1,109,Teal Mask Ogerpon ex
84747082,aaa,1,0,109,Fezandipiti ex
84747084,junlee789,0,1,236,Mega Kangaskhan ex
84747084,Raihan Ramadistra,1,0,236,Marnie's Grimmsnarl ex
84747085,Yushin Ito,0,0,139,Marnie's Grimmsnarl ex
84747085,Abhyuday,1,1,139,Dudunsparce
84747086,Bozo Boys,0,0,133,Alakazam
84747086,koga_poke,1,1,133,Yveltal
84747089,Mykhailo Kalus,0,1,126,Marnie's Grimmsnarl ex
84747089,matsurih,1,0,126,Dudunsparce
84747091,btk15049,0,0,165,Cornerstone Mask Ogerpon ex
84747091,LiamK,1,1,165,Cornerstone Mask Ogerpon ex
84747092,Bozo Boys,0,0,177,Alakazam
84747092,bono,1,1,177,Mega Kangaskhan ex
84747093,Yushin Ito,0,1,56,Mega Starmie ex
84747093,nasuo445,1,0,56,Cynthia's Garchomp ex
84747094,zoroark190,0,1,125,Mega Kangaskhan ex
84747094,btk15049,1,0,125,Cornerstone Mask Ogerpon ex
84747096,Rmy,0,0,188,Dudunsparce
84747096,kazuki0123,1,1,188,Marnie's Grimmsnarl ex
84747098,ごんさくよねきち,0,1,159,Marnie's Grimmsnarl ex
84747098,bono,1,0,159,Fezandipiti ex
84747100,youtube.com/@BigBugginnings,0,1,227,Dragapult ex
84747100,カドラバ Kadoraba,1,0,227,Fezandipiti ex
84747101,kashiwashira,0,1,145,Team Rocket's Mewtwo ex
84747101,Bozo Boys,1,0,145,Alakazam
84747102,Yushin Ito,0,0,109,Mega Starmie ex
84747102,Rmy,1,1,109,Dudunsparce
84747107,tonakaiiii,0,0,135,Marnie's Grimmsnarl ex
84747107,Dũng Đỗ,1,1,135,Mega Kangaskhan ex
84747110,ShumpeiNomura,0,0,62,Archaludon ex
84747110,bono,1,1,62,Fezandipiti ex
84747116,kazuki0123,0,0,134,Marnie's Grimmsnarl ex
84747116,nasuo445,1,1,134,Cynthia's Garchomp ex
84747126,nasuo445,0,0,184,Cynthia's Garchomp ex
84747126,jiatu.l,1,1,184,Marnie's Grimmsnarl ex
84747128,bono,0,0,239,Fezandipiti ex
84747128,豆本豆豆包,1,1,239,Alakazam
84747136,youtube.com/@BigBugginnings,0,0,170,Dragapult ex
84747136,ShumpeiNomura,1,1,170,Archaludon ex
84747608,Majkel1337,0,1,177,Dudunsparce
84747608,Rmy,1,0,177,Dudunsparce
84747613,junlee789,0,0,168,Mega Kangaskhan ex
84747613,ZETADIVISION,1,1,168,Dragapult ex
84747619,matsurih,0,1,122,Dudunsparce
84747619,btk15049,1,0,122,Cornerstone Mask Ogerpon ex
84747622,aaa,0,0,191,Fezandipiti ex
84747622,Yushin Ito,1,1,191,Marnie's Grimmsnarl ex
84747624,ごんさくよねきち,0,0,48,Marnie's Grimmsnarl ex
84747624,WinDecks,1,1,48,Mega Starmie ex
84747626,btk15049,0,0,196,Cornerstone Mask Ogerpon ex
84747626,LiamK,1,1,196,Cornerstone Mask Ogerpon ex
84747627,youtube.com/@BigBugginnings,0,0,186,Dragapult ex
84747627,koga_poke,1,1,186,Yveltal
84747628,Abhyuday,0,0,187,Dudunsparce
84747628,bono,1,1,187,Mega Kangaskhan ex
84747629,Rmy,0,1,102,Dudunsparce
84747629,Yushin Ito,1,0,102,Mega Starmie ex
84747630,kazuki0123,0,1,251,Marnie's Grimmsnarl ex
84747630,youtube.com/@BigBugginnings,1,0,251,Dragapult ex
84747632,zoroark190,0,1,184,Mega Kangaskhan ex
84747632,btk15049,1,0,184,Cornerstone Mask Ogerpon ex
84747633,nasuo445,0,1,245,Cynthia's Garchomp ex
84747633,btk15049,1,0,245,Cornerstone Mask Ogerpon ex
84747634,THIRD PTCG Club,0,1,112,Fezandipiti ex
84747634,Sota Uchiyama,1,0,112,Marnie's Grimmsnarl ex
84747636,bono,0,1,73,Fezandipiti ex
84747636,Banjo,1,0,73,Mega Starmie ex
84747640,Yushin Ito,0,1,41,Mega Starmie ex
84747640,Akira-Ninth,1,0,41,Mega Lucario ex
84747642,youtube.com/@BigBugginnings,0,1,123,Dragapult ex
84747642,豆本豆豆包,1,0,123,Alakazam
84747643,koga_poke,0,1,132,Yveltal
84747643,Yufeng,1,0,132,Archaludon ex
84747646,tonakaiiii,0,1,128,Marnie's Grimmsnarl ex
84747646,youtube.com/@BigBugginnings,1,0,128,Dragapult ex
84747647,bono,0,1,174,Fezandipiti ex
84747647,Rmy,1,0,174,Dudunsparce
84747651,ShumpeiNomura,0,1,166,Archaludon ex
84747651,Akira-Ninth,1,0,166,Mega Lucario ex
84747656,jiatu.l,0,1,192,Marnie's Grimmsnarl ex
84747656,bono,1,0,192,Fezandipiti ex
84747657,渡邊征央,0,1,292,Marnie's Grimmsnarl ex
84747657,LiamK,1,0,292,Cornerstone Mask Ogerpon ex
84747658,豆本豆豆包,0,0,219,Alakazam
84747658,Rmy,1,1,219,Dudunsparce
84748143,koga_poke,0,0,119,Yveltal
84748143,Majkel1337,1,1,119,Dudunsparce
84748150,Yigit Kayali,0,0,137,Dudunsparce
84748150,Majkel1337,1,1,137,Bloodmoon Ursaluna
84748153,junlee789,0,0,68,Mega Kangaskhan ex
84748153,matsurih,1,1,68,Dudunsparce
84748155,koga_poke,0,1,156,Yveltal
84748155,WinDecks,1,0,156,Mega Starmie ex
84748156,Yushin Ito,0,0,198,Marnie's Grimmsnarl ex
84748156,bono,1,1,198,Mega Kangaskhan ex
84748159,matsurih,0,0,111,Dudunsparce
84748159,Yushin Ito,1,1,111,Mega Starmie ex
84748160,matsurih,0,0,172,Dudunsparce
84748160,bono,1,1,172,Mega Kangaskhan ex
84748161,zoroark190,0,0,193,Mega Kangaskhan ex
84748161,LiamK,1,1,193,Cornerstone Mask Ogerpon ex
84748162,WinDecks,0,0,93,Mega Starmie ex
84748162,Majkel1337,1,1,93,Bloodmoon Ursaluna
84748163,aaa,0,0,162,Fezandipiti ex
84748163,ZETADIVISION,1,1,162,Dragapult ex
84748164,zoroark190,0,1,40,Mega Kangaskhan ex
84748164,nasuo445,1,0,40,Cynthia's Garchomp ex
84748168,Yushin Ito,0,1,174,Marnie's Grimmsnarl ex
84748168,youtube.com/@BigBugginnings,1,0,174,Dragapult ex
84748170,豆本豆豆包,0,0,170,Alakazam
84748170,THIRD PTCG Club,1,1,170,Fezandipiti ex
84748172,bono,0,0,156,Fezandipiti ex
84748172,lmaffei,1,1,156,Mega Lopunny ex
84748174,WinDecks,0,1,110,Mega Starmie ex
84748174,Dũng Đỗ,1,0,110,Mega Kangaskhan ex
84748175,koga_poke,0,0,103,Yveltal
84748175,Yushin Ito,1,1,103,Marnie's Grimmsnarl ex
84748182,niyo,0,1,146,Archaludon ex
84748182,Bozo Boys,1,0,146,Alakazam
84748183,豆本豆豆包,0,0,28,Alakazam
84748183,Akira-Ninth,1,1,28,Mega Lucario ex
84748184,zoroark190,0,0,128,Mega Kangaskhan ex
84748184,btk15049,1,1,128,Cornerstone Mask Ogerpon ex
84748269,zoroark190,0,1,119,Mega Kangaskhan ex
84748269,ImANoob1122,1,0,119,Mega Lucario ex
84748521,niyo,0,1,109,Archaludon ex
84748521,Yufeng,1,0,109,Archaludon ex
84748676,Majkel1337,0,1,99,Dudunsparce
84748676,koga_poke,1,0,99,Yveltal
84748681,Majkel1337,0,0,136,Bloodmoon Ursaluna
84748681,LiamK,1,1,136,Cornerstone Mask Ogerpon ex
84748682,pokeca2018,0,1,107,Dudunsparce
84748682,junlee789,1,0,107,Mega Kangaskhan ex
84748684,koga_poke,0,0,117,Yveltal
84748684,Sota Uchiyama,1,1,117,Marnie's Grimmsnarl ex
84748685,matsurih,0,0,191,Dudunsparce
84748685,Bozo Boys,1,1,191,Alakazam
84748688,LiamK,0,1,150,Cornerstone Mask Ogerpon ex
84748688,Sota Uchiyama,1,0,150,Marnie's Grimmsnarl ex
84748690,Yushin Ito,0,1,162,Marnie's Grimmsnarl ex
84748690,Boss's Orders Are All You Need,1,0,162,Fezandipiti ex
84748691,bono,0,1,114,Mega Kangaskhan ex
84748691,Sota Uchiyama,1,0,114,Marnie's Grimmsnarl ex
84748693,youtube.com/@BigBugginnings,0,0,165,Dragapult ex
84748693,zoroark190,1,1,165,Mega Kangaskhan ex
84748694,WinDecks,0,1,52,Mega Starmie ex
84748694,Star-mine,1,0,52,Chandelure
84748698,kazuki0123,0,1,203,Marnie's Grimmsnarl ex
84748698,Rmy,1,0,203,Dudunsparce
84748702,Akira-Ninth,0,1,148,Mega Lucario ex
84748702,aaa,1,0,148,Fezandipiti ex
84748704,Rmy,0,0,200,Dudunsparce
84748704,Ajishio,1,1,200,Alakazam
84748705,nasuo445,0,1,244,Cynthia's Garchomp ex
84748705,aaa,1,0,244,Fezandipiti ex
84748706,Bozo Boys,0,1,89,Alakazam
84748706,nasuo445,1,0,89,Cynthia's Garchomp ex
84748707,Rmy,0,0,109,Dudunsparce
84748707,koga_poke,1,1,109,Yveltal
84748708,Dũng Đỗ,0,0,102,Mega Kangaskhan ex
84748708,kashiwashira,1,1,102,Team Rocket's Mewtwo ex
84748709,bono,0,0,162,Fezandipiti ex
84748709,tw_shin,1,1,162,Marnie's Grimmsnarl ex
84748711,Akira-Ninth,0,1,161,Mega Lucario ex
84748711,jiatu.l,1,0,161,Marnie's Grimmsnarl ex
84748713,Bozo Boys,0,0,163,Alakazam
84748713,Dũng Đỗ,1,1,163,Mega Kangaskhan ex
84748717,bono,0,1,206,Mega Kangaskhan ex
84748717,tonakaiiii,1,0,206,Marnie's Grimmsnarl ex
84748723,tonakaiiii,0,1,160,Marnie's Grimmsnarl ex
84748723,渡邊征央,1,0,160,Marnie's Grimmsnarl ex
84748726,tw_shin,0,0,138,Marnie's Grimmsnarl ex
84748726,tonakaiiii,1,1,138,Marnie's Grimmsnarl ex
84748727,Majkel1337,0,0,231,Bloodmoon Ursaluna
84748727,ごんさくよねきち,1,1,231,Marnie's Grimmsnarl ex
84749012,渡邊征央,0,1,182,Marnie's Grimmsnarl ex
84749012,matsurih,1,0,182,Dudunsparce
84749013,koga_poke,0,1,105,Yveltal
84749013,5.5,1,0,105,Alakazam
84749017,tonakaiiii,0,0,305,Marnie's Grimmsnarl ex
84749017,btk15049,1,1,305,Cornerstone Mask Ogerpon ex
84749019,kashiwashira,0,1,167,Team Rocket's Mewtwo ex
84749019,aaa,1,0,167,Fezandipiti ex
84749057,zoroark190,0,1,113,Mega Kangaskhan ex
84749057,niyo,1,0,113,Archaludon ex
84749219,junlee789,0,1,168,Mega Kangaskhan ex
84749219,tw_shin,1,0,168,Marnie's Grimmsnarl ex
84749220,Yushin Ito,0,1,143,Marnie's Grimmsnarl ex
84749220,Abhyuday,1,0,143,Dudunsparce
84749221,nasuo445,0,1,177,Cynthia's Garchomp ex
84749221,bono,1,0,177,Mega Kangaskhan ex
84749222,kazuki0123,0,0,102,Marnie's Grimmsnarl ex
84749222,LiamK,1,1,102,Cornerstone Mask Ogerpon ex
84749226,matsurih,0,0,231,Dudunsparce
84749226,nasuo445,1,1,231,Cynthia's Garchomp ex
84749229,Rmy,0,0,162,Dudunsparce
84749229,渡邊征央,1,1,162,Marnie's Grimmsnarl ex
84749235,nasuo445,0,0,159,Cynthia's Garchomp ex
84749235,ShumpeiNomura,1,1,159,Archaludon ex
84749236,Abhyuday,0,1,152,Dudunsparce
84749236,THIRD PTCG Club,1,0,152,Fezandipiti ex
84749237,Akira-Ninth,0,0,194,Mega Lucario ex
84749237,kazuki0123,1,1,194,Marnie's Grimmsnarl ex
84749238,tw_shin,0,0,93,Marnie's Grimmsnarl ex
84749238,WinDecks,1,1,93,Mega Starmie ex
84749241,koga_poke,0,0,220,Yveltal
84749241,youtube.com/@BigBugginnings,1,1,220,Dragapult ex
84749242,tonakaiiii,0,0,255,Marnie's Grimmsnarl ex
84749242,Dũng Đỗ,1,1,255,Mega Kangaskhan ex
84749244,Bozo Boys,0,1,159,Alakazam
84749244,ZETADIVISION,1,0,159,Dragapult ex
84749246,Majkel1337,0,1,113,Bloodmoon Ursaluna
84749246,Star-mine,1,0,113,Chandelure
84749247,豆本豆豆包,0,1,48,Alakazam
84749247,LiamK,1,0,48,Teal Mask Ogerpon ex
84749249,koga_poke,0,1,146,Yveltal
84749249,ShumpeiNomura,1,0,146,Archaludon ex
84749250,youtube.com/@BigBugginnings,0,1,257,Dragapult ex
84749250,kazuki0123,1,0,257,Marnie's Grimmsnarl ex
84749294,LiamK,0,1,157,Cornerstone Mask Ogerpon ex
84749294,Majkel1337,1,0,157,Bloodmoon Ursaluna
84749751,matsurih,0,1,108,Dudunsparce
84749751,lmaffei,1,0,108,Mega Lopunny ex
84749763,LiamK,0,0,30,Teal Mask Ogerpon ex
84749763,Majkel1337,1,1,30,Dudunsparce
84749770,LiamK,0,0,151,Cornerstone Mask Ogerpon ex
84749770,lmaffei,1,1,151,Mega Lopunny ex
84749772,Majkel1337,0,0,188,Bloodmoon Ursaluna
84749772,THIRD PTCG Club,1,1,188,Fezandipiti ex
84749773,junlee789,0,1,140,Mega Kangaskhan ex
84749773,Akira-Ninth,1,0,140,Mega Lucario ex
84749775,Star-mine,0,0,129,Chandelure
84749775,bono,1,1,129,Mega Kangaskhan ex
84749777,trickstar,0,0,81,Fezandipiti ex
84749777,WinDecks,1,1,81,Mega Starmie ex
84749778,tonakaiiii,0,1,199,Marnie's Grimmsnarl ex
84749778,zoroark190,1,0,199,Mega Kangaskhan ex
84749780,matsurih,0,0,219,Dudunsparce
84749780,ShumpeiNomura,1,1,219,Archaludon ex
84749781,kazuki0123,0,0,138,Marnie's Grimmsnarl ex
84749781,lmaffei,1,1,138,Mega Lopunny ex
84749782,5.5,0,0,151,Alakazam
84749782,youtube.com/@BigBugginnings,1,1,151,Dragapult ex
84749783,aaa,0,1,129,Fezandipiti ex
84749783,nasuo445,1,0,129,Cynthia's Garchomp ex
84749784,THIRD PTCG Club,0,0,210,Fezandipiti ex
84749784,youtube.com/@BigBugginnings,1,1,210,Dragapult ex
84749785,CCoffie,0,1,54,Marnie's Grimmsnarl ex
84749785,koga_poke,1,0,54,Yveltal
84749787,Dũng Đỗ,0,1,148,Mega Kangaskhan ex
84749787,btk15049,1,0,148,Cornerstone Mask Ogerpon ex
84749790,aaa,0,0,183,Fezandipiti ex
84749790,Mykhailo Kalus,1,1,183,Marnie's Grimmsnarl ex
84749792,bono,0,1,168,Fezandipiti ex
84749792,Abhyuday,1,0,168,Dudunsparce
84749802,ShumpeiNomura,0,1,320,Archaludon ex
84749802,豆本豆豆包,1,0,320,Alakazam
84749818,Dũng Đỗ,0,1,187,Mega Kangaskhan ex
84749818,渡邊征央,1,0,187,Marnie's Grimmsnarl ex
84750148,Raihan Ramadistra,0,0,168,Marnie's Grimmsnarl ex
84750148,niyo,1,1,168,Archaludon ex
84750183,ごんさくよねきち,0,1,221,Marnie's Grimmsnarl ex
84750183,Sota Uchiyama,1,0,221,Marnie's Grimmsnarl ex
84750295,ZETADIVISION,0,0,264,Dragapult ex
84750295,lmaffei,1,1,264,Mega Lopunny ex
84750306,Blu3s,0,0,78,Archaludon ex
84750306,Majkel1337,1,1,78,Dudunsparce
84750312,Yushin Ito,0,0,195,Marnie's Grimmsnarl ex
84750312,junlee789,1,1,195,Mega Kangaskhan ex
84750313,youtube.com/@BigBugginnings,0,1,175,Dragapult ex
84750313,junlee789,1,0,175,Mega Kangaskhan ex
84750314,LiamK,0,0,132,Cornerstone Mask Ogerpon ex
84750314,jp_nerdery,1,1,132,Archaludon ex
84750315,bono,0,1,125,Mega Kangaskhan ex
84750315,渡邊征央,1,0,125,Marnie's Grimmsnarl ex
84750316,nasuo445,0,1,205,Cynthia's Garchomp ex
84750316,Majkel1337,1,0,205,Bloodmoon Ursaluna
84750317,Majkel1337,0,1,41,Bloodmoon Ursaluna
84750317,koga_poke,1,0,41,Yveltal
84750322,zoroark190,0,0,159,Mega Kangaskhan ex
84750322,Rmy,1,1,159,Dudunsparce
84750323,matsurih,0,1,185,Dudunsparce
84750323,Kohenyan,1,0,185,Alakazam
84750324,youtube.com/@BigBugginnings,0,0,240,Dragapult ex
84750324,kazuki0123,1,1,240,Marnie's Grimmsnarl ex
84750329,nasuo445,0,1,165,Cynthia's Garchomp ex
84750329,渡邊征央,1,0,165,Marnie's Grimmsnarl ex
84750330,bono,0,0,157,Mega Kangaskhan ex
84750330,THIRD PTCG Club,1,1,157,Fezandipiti ex
84750331,nasuo445,0,0,87,Cynthia's Garchomp ex
84750331,Majkel1337,1,1,87,Bloodmoon Ursaluna
84750332,koga_poke,0,1,132,Yveltal
84750332,ei1333,1,0,132,Marnie's Grimmsnarl ex
84750334,koga_poke,0,0,117,Yveltal
84750334,aaa,1,1,117,Fezandipiti ex
84750337,tonakaiiii,0,0,199,Marnie's Grimmsnarl ex
84750337,Yushin Ito,1,1,199,Marnie's Grimmsnarl ex
84750338,tonakaiiii,0,1,144,Marnie's Grimmsnarl ex
84750338,WinDecks,1,0,144,Mega Starmie ex
84750341,ShumpeiNomura,0,1,138,Archaludon ex
84750341,Bozo Boys,1,0,138,Alakazam
84750342,ShumpeiNomura,0,1,145,Archaludon ex
84750342,youtube.com/@BigBugginnings,1,0,145,Dragapult ex
84750345,kashiwashira,0,1,79,Team Rocket's Mewtwo ex
84750345,LiamK,1,0,79,Teal Mask Ogerpon ex
84750351,tw_shin,0,1,180,Marnie's Grimmsnarl ex
84750351,tonakaiiii,1,0,180,Marnie's Grimmsnarl ex
84750352,kazuki0123,0,1,208,Marnie's Grimmsnarl ex
84750352,Rmy,1,0,208,Dudunsparce
84750353,ごんさくよねきち,0,0,141,Marnie's Grimmsnarl ex
84750353,bono,1,1,141,Mega Kangaskhan ex
84750842,junlee789,0,0,98,Mega Kangaskhan ex
84750842,Majkel1337,1,1,98,Dudunsparce
84750849,bono,0,0,103,Mega Kangaskhan ex
84750849,Rmy,1,1,103,Dudunsparce
84750850,tonakaiiii,0,1,184,Marnie's Grimmsnarl ex
84750850,Majkel1337,1,0,184,Bloodmoon Ursaluna
84750851,junlee789,0,1,160,Mega Kangaskhan ex
84750851,wally0593,1,0,160,Dudunsparce
84750852,LiamK,0,0,238,Cornerstone Mask Ogerpon ex
84750852,tonakaiiii,1,1,238,Marnie's Grimmsnarl ex
84750854,wally0593,0,1,119,Dudunsparce
84750854,WinDecks,1,0,119,Mega Starmie ex
84750855,koga_poke,0,1,126,Yveltal
84750855,Star-mine,1,0,126,Chandelure
84750860,tonakaiiii,0,0,183,Marnie's Grimmsnarl ex
84750860,nasuo445,1,1,183,Cynthia's Garchomp ex
84750861,zoroark190,0,1,23,Mega Kangaskhan ex
84750861,LiamK,1,0,23,Teal Mask Ogerpon ex
84750862,Yufeng,0,0,148,Archaludon ex
84750862,matsurih,1,1,148,Dudunsparce
84750864,カドラバ Kadoraba,0,1,130,Fezandipiti ex
84750864,koga_poke,1,0,130,Yveltal
84750865,THIRD PTCG Club,0,0,150,Fezandipiti ex
84750865,bono,1,1,150,Mega Kangaskhan ex
84750866,ShumpeiNomura,0,0,174,Archaludon ex
84750866,aaa,1,1,174,Fezandipiti ex
84750867,bono,0,1,162,Fezandipiti ex
84750867,aaa,1,0,162,Fezandipiti ex
84750870,koga_poke,0,1,114,Yveltal
84750870,nasuo445,1,0,114,Cynthia's Garchomp ex
84750873,tonakaiiii,0,1,172,Marnie's Grimmsnarl ex
84750873,youtube.com/@BigBugginnings,1,0,172,Dragapult ex
84750890,ZETADIVISION,0,1,184,Dragapult ex
84750890,bono,1,0,184,Mega Kangaskhan ex
84750915,渡邊征央,0,1,151,Marnie's Grimmsnarl ex
84750915,koga_poke,1,0,151,Yveltal
84751210,niyo,0,0,163,Archaludon ex
84751210,やる気元気ミワハルキ,1,1,163,Mega Lucario ex
84751363,zoroark190,0,0,142,Mega Kangaskhan ex
84751363,lmaffei,1,1,142,Mega Lopunny ex
84751379,Yushin Ito,0,1,98,Mega Starmie ex
84751379,Majkel1337,1,0,98,Dudunsparce
84751384,Yushin Ito,0,0,167,Marnie's Grimmsnarl ex
84751384,matsurih,1,1,167,Dudunsparce
84751385,Majkel1337,0,1,154,Bloodmoon Ursaluna
84751385,nasuo445,1,0,154,Cynthia's Garchomp ex
84751386,nasuo445,0,1,107,Cynthia's Garchomp ex
84751386,junlee789,1,0,107,Mega Kangaskhan ex
84751388,bono,0,1,157,Mega Kangaskhan ex
84751388,やる気元気ミワハルキ,1,0,157,Mega Lucario ex
84751389,btk15049,0,0,165,Cornerstone Mask Ogerpon ex
84751389,koga_poke,1,1,165,Yveltal
84751390,kazuki0123,0,1,175,Marnie's Grimmsnarl ex
84751390,lmaffei,1,0,175,Mega Lopunny ex
84751391,Raihan Ramadistra,0,1,116,Marnie's Grimmsnarl ex
84751391,WinDecks,1,0,116,Mega Starmie ex
84751392,カドラバ Kadoraba,0,1,172,Fezandipiti ex
84751392,zoroark190,1,0,172,Mega Kangaskhan ex
84751393,nasuo445,0,1,121,Cynthia's Garchomp ex
84751393,WinDecks,1,0,121,Mega Starmie ex
84751395,Abhyuday,0,0,90,Dudunsparce
84751395,Yushin Ito,1,1,90,Mega Starmie ex
84751398,tonakaiiii,0,0,180,Marnie's Grimmsnarl ex
84751398,nasuo445,1,1,180,Cynthia's Garchomp ex
84751400,kazuki0123,0,0,172,Marnie's Grimmsnarl ex
84751400,Rmy,1,1,172,Dudunsparce
84751404,ShumpeiNomura,0,0,194,Archaludon ex
84751404,tonakaiiii,1,1,194,Marnie's Grimmsnarl ex
84751405,koga_poke,0,1,105,Yveltal
84751405,ShumpeiNomura,1,0,105,Archaludon ex
84751406,Akira-Ninth,0,1,164,Mega Lucario ex
84751406,渡邊征央,1,0,164,Marnie's Grimmsnarl ex
84751408,ShumpeiNomura,0,1,166,Archaludon ex
84751408,Abhyuday,1,0,166,Dudunsparce
84751409,tonakaiiii,0,1,142,Marnie's Grimmsnarl ex
84751409,Akira-Ninth,1,0,142,Mega Lucario ex
84751411,ZETADIVISION,0,0,221,Dragapult ex
84751411,lmaffei,1,1,221,Mega Lopunny ex
84751442,Akira-Ninth,0,0,177,Mega Lucario ex
84751442,渡邊征央,1,1,177,Marnie's Grimmsnarl ex
84751478,matsurih,0,1,194,Dudunsparce
84751478,5.5,1,0,194,Alakazam
84751668,koga_poke,0,0,123,Yveltal
84751668,Yigit Kayali,1,1,123,Dudunsparce
84751857,Star-mine,0,0,117,Chandelure
84751857,matsurih,1,1,117,Dudunsparce
84751877,LiamK,0,1,118,Teal Mask Ogerpon ex
84751877,kazuki0123,1,0,118,Marnie's Grimmsnarl ex
84751888,ShumpeiNomura,0,1,187,Archaludon ex
84751888,Yushin Ito,1,0,187,Marnie's Grimmsnarl ex
84751890,nasuo445,0,1,204,Cynthia's Garchomp ex
84751890,pokeca2018,1,0,204,Dudunsparce
84751893,Majkel1337,0,1,130,Dudunsparce
84751893,tonakaiiii,1,0,130,Marnie's Grimmsnarl ex
84751896,ShumpeiNomura,0,0,151,Archaludon ex
84751896,nasuo445,1,1,151,Cynthia's Garchomp ex
84751901,LiamK,0,0,82,Cornerstone Mask Ogerpon ex
84751901,junlee789,1,1,82,Mega Kangaskhan ex
84751902,zoroark190,0,0,93,Mega Kangaskhan ex
84751902,THIRD PTCG Club,1,1,93,Fezandipiti ex
84751903,nasuo445,0,0,189,Cynthia's Garchomp ex
84751903,やる気元気ミワハルキ,1,1,189,Mega Lucario ex
84751905,Akira-Ninth,0,0,166,Mega Lucario ex
84751905,Dũng Đỗ,1,1,166,Mega Kangaskhan ex
84751914,WinDecks,0,0,201,Mega Starmie ex
84751914,senkin13,1,1,201,Dudunsparce
84751922,Oleksandr_Savsunenko,0,0,131,Dudunsparce
84751922,tonakaiiii,1,1,131,Marnie's Grimmsnarl ex
84751928,豆本豆豆包,0,0,96,Alakazam
84751928,WinDecks,1,1,96,Mega Starmie ex
84751942,kashiwashira,0,0,167,Team Rocket's Mewtwo ex
84751942,aaa,1,1,167,Fezandipiti ex
84751954,kidekikish,0,0,126,Chandelure
84751954,Akira-Ninth,1,1,126,Mega Lucario ex
84751962,渡邊征央,0,1,177,Marnie's Grimmsnarl ex
84751962,kashiwashira,1,0,177,Team Rocket's Mewtwo ex
84751977,youtube.com/@BigBugginnings,0,1,183,Dragapult ex
84751977,btk15049,1,0,183,Cornerstone Mask Ogerpon ex
84751979,やる気元気ミワハルキ,0,0,139,Mega Lucario ex
84751979,youtube.com/@BigBugginnings,1,1,139,Dragapult ex
84751981,ZETADIVISION,0,1,57,Dragapult ex
84751981,LiamK,1,0,57,Teal Mask Ogerpon ex
84751987,Majkel1337,0,0,158,Bloodmoon Ursaluna
84751987,LiamK,1,1,158,Cornerstone Mask Ogerpon ex
84752004,tonakaiiii,0,1,201,Marnie's Grimmsnarl ex
84752004,Majkel1337,1,0,201,Bloodmoon Ursaluna
84752237,niyo,0,0,120,Archaludon ex
84752237,Rmy,1,1,120,Dudunsparce
84752400,Majkel1337,0,0,204,Dudunsparce
84752400,LiamK,1,1,204,Cornerstone Mask Ogerpon ex
84752410,Yushin Ito,0,1,194,Marnie's Grimmsnarl ex
84752410,LiamK,1,0,194,Cornerstone Mask Ogerpon ex
84752411,junlee789,0,0,98,Mega Kangaskhan ex
84752411,aaa,1,1,98,Fezandipiti ex
84752415,LiamK,0,1,128,Cornerstone Mask Ogerpon ex
84752415,Majkel1337,1,0,128,Bloodmoon Ursaluna
84752417,Majkel1337,0,1,131,Bloodmoon Ursaluna
84752417,koga_poke,1,0,131,Yveltal
84752418,渡邊征央,0,1,81,Marnie's Grimmsnarl ex
84752418,nasuo445,1,0,81,Cynthia's Garchomp ex
84752420,豆本豆豆包,0,0,207,Alakazam
84752420,matsurih,1,1,207,Dudunsparce
84752422,Dũng Đỗ,0,0,107,Mega Kangaskhan ex
84752422,WinDecks,1,1,107,Mega Starmie ex
84752423,koga_poke,0,0,134,Yveltal
84752423,Rmy,1,1,134,Dudunsparce
84752424,Yushin Ito,0,1,85,Mega Starmie ex
84752424,matsurih,1,0,85,Dudunsparce
84752426,kazuki0123,0,0,214,Marnie's Grimmsnarl ex
84752426,lmaffei,1,1,214,Mega Lopunny ex
84752434,aaa,0,1,128,Fezandipiti ex
84752434,nasuo445,1,0,128,Cynthia's Garchomp ex
84752441,Dũng Đỗ,0,1,195,Mega Kangaskhan ex
84752441,ZETADIVISION,1,0,195,Dragapult ex
84752444,Akira-Ninth,0,1,23,Mega Lucario ex
84752444,youtube.com/@BigBugginnings,1,0,23,Dragapult ex
84752447,Rmy,0,1,212,Dudunsparce
84752447,tonakaiiii,1,0,212,Marnie's Grimmsnarl ex
84752451,kidekikish,0,1,124,Chandelure
84752451,ShumpeiNomura,1,0,124,Archaludon ex
84752453,WinDecks,0,1,91,Mega Starmie ex
84752453,LiamK,1,0,91,Teal Mask Ogerpon ex
84752469,senkin13,0,0,120,Dudunsparce
84752469,zoroark190,1,1,120,Mega Kangaskhan ex
84752900,Majkel1337,0,1,1092,Dudunsparce
84752900,LiamK,1,0,1092,Cornerstone Mask Ogerpon ex
84752911,WinDecks,0,1,82,Mega Starmie ex
84752911,LiamK,1,0,82,Cornerstone Mask Ogerpon ex
84752912,bono,0,0,124,Mega Kangaskhan ex
84752912,Dũng Đỗ,1,1,124,Mega Kangaskhan ex
84752914,junlee789,0,1,161,Mega Kangaskhan ex
84752914,Rmy,1,0,161,Dudunsparce
84752917,ごんさくよねきち,0,1,173,Marnie's Grimmsnarl ex
84752917,matsurih,1,0,173,Dudunsparce
84752919,ei1333,0,0,205,Marnie's Grimmsnarl ex
84752919,Majkel1337,1,1,205,Bloodmoon Ursaluna
84752920,Yushin Ito,0,1,122,Marnie's Grimmsnarl ex
84752920,WinDecks,1,0,122,Mega Starmie ex
84752921,Dũng Đỗ,0,0,113,Mega Kangaskhan ex
84752921,kidekikish,1,1,113,Chandelure
84752923,Majkel1337,0,1,100,Bloodmoon Ursaluna
84752923,koga_poke,1,0,100,Yveltal
84752925,btk15049,0,0,275,Cornerstone Mask Ogerpon ex
84752925,kazuki0123,1,1,275,Marnie's Grimmsnarl ex
84752926,Yushin Ito,0,0,112,Mega Starmie ex
84752926,Akira-Ninth,1,1,112,Mega Lucario ex
84752935,koga_poke,0,0,104,Yveltal
84752935,youtube.com/@BigBugginnings,1,1,104,Dragapult ex
84752936,ShumpeiNomura,0,0,153,Archaludon ex
84752936,nasuo445,1,1,153,Cynthia's Garchomp ex
84752937,Yushin Ito,0,0,152,Mega Starmie ex
84752937,youtube.com/@BigBugginnings,1,1,152,Dragapult ex
84752945,WinDecks,0,0,188,Mega Starmie ex
84752945,tonakaiiii,1,1,188,Marnie's Grimmsnarl ex
84752946,ZETADIVISION,0,1,217,Dragapult ex
84752946,btk15049,1,0,217,Cornerstone Mask Ogerpon ex
84752948,youtube.com/@BigBugginnings,0,1,121,Dragapult ex
84752948,Rmy,1,0,121,Dudunsparce
84752953,ShumpeiNomura,0,1,192,Archaludon ex
84752953,ZETADIVISION,1,0,192,Dragapult ex
84752958,youtube.com/@BigBugginnings,0,1,196,Dragapult ex
84752958,koga_poke,1,0,196,Yveltal
84753160,kidekikish,0,0,101,Chandelure
84753160,Budew,1,1,101,Archaludon ex
84753343,kidekikish,0,0,81,Chandelure
84753343,Majkel1337,1,1,81,Bloodmoon Ursaluna
84753406,Majkel1337,0,1,142,Dudunsparce
84753406,Yushin Ito,1,0,142,Marnie's Grimmsnarl ex
84753417,Yushin Ito,0,0,191,Marnie's Grimmsnarl ex
84753417,Majkel1337,1,1,191,Dudunsparce
84753420,Majkel1337,0,1,92,Bloodmoon Ursaluna
84753420,nasuo445,1,0,92,Cynthia's Garchomp ex
84753422,LiamK,0,0,194,Cornerstone Mask Ogerpon ex
84753422,lmaffei,1,1,194,Mega Lopunny ex
84753423,matsurih,0,1,196,Dudunsparce
84753423,Majkel1337,1,0,196,Bloodmoon Ursaluna
84753424,渡邊征央,0,1,141,Marnie's Grimmsnarl ex
84753424,WinDecks,1,0,141,Mega Starmie ex
84753425,nasuo445,0,1,193,Cynthia's Garchomp ex
84753425,kazuki0123,1,0,193,Marnie's Grimmsnarl ex
84753427,aaa,0,1,223,Fezandipiti ex
84753427,Rmy,1,0,223,Dudunsparce
84753428,Yushin Ito,0,0,241,Marnie's Grimmsnarl ex
84753428,Dũng Đỗ,1,1,241,Mega Kangaskhan ex
84753434,カドラバ Kadoraba,0,0,141,Fezandipiti ex
84753434,tonakaiiii,1,1,141,Marnie's Grimmsnarl ex
84753435,nasuo445,0,0,122,Cynthia's Garchomp ex
84753435,Star-mine,1,1,122,Chandelure
84753436,koga_poke,0,1,146,Yveltal
84753436,tonakaiiii,1,0,146,Marnie's Grimmsnarl ex
84753437,Sota Uchiyama,0,0,176,Marnie's Grimmsnarl ex
84753437,aaa,1,1,176,Fezandipiti ex
84753438,zoroark190,0,0,140,Mega Kangaskhan ex
84753438,Majkel1337,1,1,140,Bloodmoon Ursaluna
84753439,Rmy,0,1,118,Dudunsparce
84753439,kazuki0123,1,0,118,Marnie's Grimmsnarl ex
84753440,bono,0,0,136,Fezandipiti ex
84753440,koga_poke,1,1,136,Yveltal
84753442,kashiwashira,0,0,138,Team Rocket's Mewtwo ex
84753442,ShumpeiNomura,1,1,138,Archaludon ex
84753453,youtube.com/@BigBugginnings,0,1,179,Dragapult ex
84753453,ShumpeiNomura,1,0,179,Archaludon ex
84753458,ごんさくよねきち,0,1,128,Marnie's Grimmsnarl ex
84753458,ZETADIVISION,1,0,128,Dragapult ex
84753509,Star-mine,0,0,186,Chandelure
84753509,kazuki0123,1,1,186,Marnie's Grimmsnarl ex
84753757,niyo,0,0,115,Archaludon ex
84753757,ShumpeiNomura,1,1,115,Archaludon ex
84753916,Majkel1337,0,0,210,Dudunsparce
84753916,nasuo445,1,1,210,Cynthia's Garchomp ex
84753921,カドラバ Kadoraba,0,1,186,Fezandipiti ex
84753921,Majkel1337,1,0,186,Bloodmoon Ursaluna
84753924,Yushin Ito,0,0,204,Marnie's Grimmsnarl ex
84753924,junlee789,1,1,204,Mega Kangaskhan ex
84753928,bono,0,0,164,Mega Kangaskhan ex
84753928,Akira-Ninth,1,1,164,Mega Lucario ex
84753930,WinDecks,0,1,40,Mega Starmie ex
84753930,matsurih,1,0,40,Dudunsparce
84753931,nasuo445,0,1,155,Cynthia's Garchomp ex
84753931,Rmy,1,0,155,Dudunsparce
84753934,Yushin Ito,0,0,132,Marnie's Grimmsnarl ex
84753934,koga_poke,1,1,132,Yveltal
84753935,Dũng Đỗ,0,0,170,Mega Kangaskhan ex
84753935,カドラバ Kadoraba,1,1,170,Fezandipiti ex
84753937,Eduardo Rocha de Andrade,0,0,179,Marnie's Grimmsnarl ex
84753937,Yushin Ito,1,1,179,Mega Starmie ex
84753938,aaa,0,0,166,Fezandipiti ex
84753938,youtube.com/@BigBugginnings,1,1,166,Dragapult ex
84753939,zoroark190,0,1,151,Mega Kangaskhan ex
84753939,Rmy,1,0,151,Dudunsparce
84753940,豆本豆豆包,0,1,132,Alakazam
84753940,lmaffei,1,0,132,Mega Lopunny ex
84753943,WinDecks,0,1,70,Mega Starmie ex
84753943,bono,1,0,70,Fezandipiti ex
84753944,tw_shin,0,1,229,Marnie's Grimmsnarl ex
84753944,kazuki0123,1,0,229,Marnie's Grimmsnarl ex
84753945,カドラバ Kadoraba,0,1,92,Fezandipiti ex
84753945,tonakaiiii,1,0,92,Marnie's Grimmsnarl ex
84753947,THIRD PTCG Club,0,1,178,Fezandipiti ex
84753947,matsurih,1,0,178,Dudunsparce
84753949,Rmy,0,1,103,Dudunsparce
84753949,tonakaiiii,1,0,103,Marnie's Grimmsnarl ex
84753950,Akira-Ninth,0,0,126,Mega Lucario ex
84753950,ShumpeiNomura,1,1,126,Archaludon ex
84753951,zoroark190,0,0,175,Mega Kangaskhan ex
84753951,matsurih,1,1,175,Dudunsparce
84753964,LiamK,0,1,134,Teal Mask Ogerpon ex
84753964,カドラバ Kadoraba,1,0,134,Fezandipiti ex
84754002,kidekikish,0,1,184,Chandelure
84754002,ごんさくよねきち,1,0,184,Marnie's Grimmsnarl ex
84754013,btk15049,0,1,191,Cornerstone Mask Ogerpon ex
84754013,aaa,1,0,191,Fezandipiti ex
84754284,Budew,0,0,112,Archaludon ex
84754284,kidekikish,1,1,112,Chandelure
84754411,Budew,0,0,109,Archaludon ex
84754411,Majkel1337,1,1,109,Dudunsparce
84754414,ShumpeiNomura,0,1,101,Archaludon ex
84754414,WinDecks,1,0,101,Mega Starmie ex
84754417,nasuo445,0,1,138,Cynthia's Garchomp ex
84754417,Budew,1,0,138,Archaludon ex
84754420,渡邊征央,0,0,183,Marnie's Grimmsnarl ex
84754420,LiamK,1,1,183,Cornerstone Mask Ogerpon ex
84754423,aaa,0,0,208,Fezandipiti ex
84754423,bono,1,1,208,Mega Kangaskhan ex
84754429,Majkel1337,0,1,32,Bloodmoon Ursaluna
84754429,bono,1,0,32,Mega Kangaskhan ex
84754430,niyo,0,0,103,Archaludon ex
84754430,Yushin Ito,1,1,103,Marnie's Grimmsnarl ex
84754435,THIRD PTCG Club,0,0,127,Fezandipiti ex
84754435,Yushin Ito,1,1,127,Mega Starmie ex
84754438,koga_poke,0,1,156,Yveltal
84754438,youtube.com/@BigBugginnings,1,0,156,Dragapult ex
84754440,bono,0,1,91,Mega Kangaskhan ex
84754440,kazuki0123,1,0,91,Marnie's Grimmsnarl ex
84754441,tonakaiiii,0,1,176,Marnie's Grimmsnarl ex
84754441,tw_shin,1,0,176,Marnie's Grimmsnarl ex
84754442,Eduardo Rocha de Andrade,0,0,186,Marnie's Grimmsnarl ex
84754442,ShumpeiNomura,1,1,186,Archaludon ex
84754444,LiamK,0,1,166,Teal Mask Ogerpon ex
84754444,lmaffei,1,0,166,Mega Lopunny ex
84754446,kashiwashira,0,1,124,Team Rocket's Mewtwo ex
84754446,Rmy,1,0,124,Dudunsparce
84754447,THIRD PTCG Club,0,0,121,Fezandipiti ex
84754447,LiamK,1,1,121,Cornerstone Mask Ogerpon ex
84754448,tonakaiiii,0,0,202,Marnie's Grimmsnarl ex
84754448,btk15049,1,1,202,Cornerstone Mask Ogerpon ex
84754451,Abhyuday,0,0,38,Dudunsparce
84754451,zoroark190,1,1,38,Mega Kangaskhan ex
84754458,カドラバ Kadoraba,0,0,120,Fezandipiti ex
84754458,niyo,1,1,120,Archaludon ex
84754460,tw_shin,0,0,108,Marnie's Grimmsnarl ex
84754460,LiamK,1,1,108,Teal Mask Ogerpon ex
84754468,Bozo Boys,0,1,181,Alakazam
84754468,THIRD PTCG Club,1,0,181,Fezandipiti ex
84754473,LiamK,0,0,81,Teal Mask Ogerpon ex
84754473,Bozo Boys,1,1,81,Alakazam
84754518,THIRD PTCG Club,0,0,19,Fezandipiti ex
84754518,niyo,1,1,19,Archaludon ex
84754529,Abhyuday,0,0,122,Dudunsparce
84754529,kidekikish,1,1,122,Chandelure
84754797,niyo,0,1,24,Archaludon ex
84754797,LiamK,1,0,24,Teal Mask Ogerpon ex
84754890,kidekikish,0,1,98,Chandelure
84754890,Akira-Ninth,1,0,98,Mega Lucario ex
84754943,Yushin Ito,0,1,186,Marnie's Grimmsnarl ex
84754943,Majkel1337,1,0,186,Dudunsparce
84754950,LiamK,0,0,160,Cornerstone Mask Ogerpon ex
84754950,nasuo445,1,1,160,Cynthia's Garchomp ex
84754952,LiamK,0,0,129,Teal Mask Ogerpon ex
84754952,bono,1,1,129,Mega Kangaskhan ex
84754956,Yushin Ito,0,0,97,Marnie's Grimmsnarl ex
84754956,btk15049,1,1,97,Cornerstone Mask Ogerpon ex
84754957,matsurih,0,0,202,Dudunsparce
84754957,nasuo445,1,1,202,Cynthia's Garchomp ex
84754958,bono,0,0,126,Fezandipiti ex
84754958,Yushin Ito,1,1,126,Mega Starmie ex
84754960,WinDecks,0,0,128,Mega Starmie ex
84754960,渡邊征央,1,1,128,Marnie's Grimmsnarl ex
84754961,koga_poke,0,1,131,Yveltal
84754961,pokeca2018,1,0,131,Dudunsparce
84754965,Dũng Đỗ,0,1,175,Mega Kangaskhan ex
84754965,カドラバ Kadoraba,1,0,175,Fezandipiti ex
84754967,youtube.com/@BigBugginnings,0,1,189,Dragapult ex
84754967,bono,1,0,189,Fezandipiti ex
84754968,Yushin Ito,0,0,88,Mega Starmie ex
84754968,aaa,1,1,88,Fezandipiti ex
84754969,Rmy,0,1,143,Dudunsparce
84754969,genki toyama,1,0,143,Mega Lucario ex
84754970,Dũng Đỗ,0,1,176,Mega Kangaskhan ex
84754970,tonakaiiii,1,0,176,Marnie's Grimmsnarl ex
84754971,kazuki0123,0,1,210,Marnie's Grimmsnarl ex
84754971,tonakaiiii,1,0,210,Marnie's Grimmsnarl ex
84754972,bono,0,1,275,Fezandipiti ex
84754972,senkin13,1,0,275,Dudunsparce
84754977,bono,0,1,139,Mega Kangaskhan ex
84754977,tonakaiiii,1,0,139,Marnie's Grimmsnarl ex
84754978,THIRD PTCG Club,0,1,91,Fezandipiti ex
84754978,tonakaiiii,1,0,91,Marnie's Grimmsnarl ex
84754979,aaa,0,1,208,Fezandipiti ex
84754979,Bozo Boys,1,0,208,Alakazam
84754980,lmaffei,0,0,116,Mega Lopunny ex
84754980,nasuo445,1,1,116,Cynthia's Garchomp ex
84755178,Yushin Ito,0,0,78,Mega Starmie ex
84755178,WAKIYA,1,1,78,Alakazam
84755392,Dũng Đỗ,0,0,108,Mega Kangaskhan ex
84755392,kidekikish,1,1,108,Chandelure
84755445,WAKIYA,0,0,18,Alakazam
84755445,Majkel1337,1,1,18,Dudunsparce
84755455,Sota Uchiyama,0,1,160,Marnie's Grimmsnarl ex
84755455,Majkel1337,1,0,160,Bloodmoon Ursaluna
84755456,LiamK,0,0,133,Cornerstone Mask Ogerpon ex
84755456,nasuo445,1,1,133,Cynthia's Garchomp ex
84755459,Yufeng,0,1,137,Archaludon ex
84755459,LiamK,1,0,137,Cornerstone Mask Ogerpon ex
84755460,youtube.com/@BigBugginnings,0,1,138,Dragapult ex
84755460,matsurih,1,0,138,Dudunsparce
84755461,Yushin Ito,0,0,122,Mega Starmie ex
84755461,nasuo445,1,1,122,Cynthia's Garchomp ex
84755462,Yushin Ito,0,0,185,Marnie's Grimmsnarl ex
84755462,tonakaiiii,1,1,185,Marnie's Grimmsnarl ex
84755463,WinDecks,0,1,90,Mega Starmie ex
84755463,Dũng Đỗ,1,0,90,Mega Kangaskhan ex
84755464,koga_poke,0,0,163,Yveltal
84755464,Pixegami,1,1,163,Marnie's Grimmsnarl ex
84755466,trickstar,0,1,174,Fezandipiti ex
84755466,aaa,1,0,174,Fezandipiti ex
84755467,koga_poke,0,0,117,Yveltal
84755467,5.5,1,1,117,Alakazam
84755470,youtube.com/@BigBugginnings,0,1,159,Dragapult ex
84755470,豆本豆豆包,1,0,159,Alakazam
84755471,Rmy,0,1,232,Dudunsparce
84755471,nasuo445,1,0,232,Cynthia's Garchomp ex
84755473,zoroark190,0,1,173,Mega Kangaskhan ex
84755473,WAKIYA,1,0,173,Alakazam
84755481,tonakaiiii,0,1,53,Marnie's Grimmsnarl ex
84755481,ShumpeiNomura,1,0,53,Archaludon ex
84755484,ShumpeiNomura,0,1,147,Archaludon ex
84755484,niyo,1,0,147,Archaludon ex
84755499,Akira-Ninth,0,1,183,Mega Lucario ex
84755499,Bozo Boys,1,0,183,Alakazam
84755714,WAKIYA,0,1,156,Alakazam
84755714,NoOne,1,0,156,Dudunsparce
84755838,tonakaiiii,0,0,166,Marnie's Grimmsnarl ex
84755838,Yufeng,1,1,166,Archaludon ex
84755915,kidekikish,0,1,103,Chandelure
84755915,nasuo445,1,0,103,Cynthia's Garchomp ex
84755965,koga_poke,0,0,104,Yveltal
84755965,Majkel1337,1,1,104,Dudunsparce
84755971,aaa,0,1,211,Fezandipiti ex
84755971,Majkel1337,1,0,211,Bloodmoon Ursaluna
84755976,ShumpeiNomura,0,0,190,Archaludon ex
84755976,nasuo445,1,1,190,Cynthia's Garchomp ex
84755979,ShumpeiNomura,0,0,129,Archaludon ex
84755979,Yushin Ito,1,1,129,Marnie's Grimmsnarl ex
84755980,bono,0,1,159,Mega Kangaskhan ex
84755980,Rmy,1,0,159,Dudunsparce
84755984,matsurih,0,1,182,Dudunsparce
84755984,Majkel1337,1,0,182,Dudunsparce
84755985,kashiwashira,0,1,107,Team Rocket's Mewtwo ex
84755985,LiamK,1,0,107,Cornerstone Mask Ogerpon ex
84755986,Dũng Đỗ,0,1,240,Mega Kangaskhan ex
84755986,youtube.com/@BigBugginnings,1,0,240,Dragapult ex
84755987,Yushin Ito,0,1,98,Mega Starmie ex
84755987,aaa,1,0,98,Fezandipiti ex
84755988,lmaffei,0,1,138,Mega Lopunny ex
84755988,ShumpeiNomura,1,0,138,Archaludon ex
84755989,Yushin Ito,0,1,129,Marnie's Grimmsnarl ex
84755989,koga_poke,1,0,129,Yveltal
84755990,niyo,0,0,104,Archaludon ex
84755990,Dũng Đỗ,1,1,104,Mega Kangaskhan ex
84755991,aaa,0,1,118,Fezandipiti ex
84755991,nasuo445,1,0,118,Cynthia's Garchomp ex
84755993,nasuo445,0,0,230,Cynthia's Garchomp ex
84755993,Majkel1337,1,1,230,Bloodmoon Ursaluna
84755996,kuromoka,0,0,109,Cynthia's Garchomp ex
84755996,koga_poke,1,1,109,Yveltal
84755997,Rmy,0,1,53,Dudunsparce
84755997,THIRD PTCG Club,1,0,53,Fezandipiti ex
84756000,Yushin Ito,0,0,129,Marnie's Grimmsnarl ex
84756000,zoroark190,1,1,129,Mega Kangaskhan ex
84756004,lmaffei,0,1,92,Mega Lopunny ex
84756004,Yufeng,1,0,92,Archaludon ex
84756005,kazuki0123,0,0,191,Marnie's Grimmsnarl ex
84756005,nasuo445,1,1,191,Cynthia's Garchomp ex
84756062,ShumpeiNomura,0,1,119,Archaludon ex
84756062,Bozo Boys,1,0,119,Alakazam
84756252,WAKIYA,0,0,126,Alakazam
84756252,zoroark190,1,1,126,Mega Kangaskhan ex
84756447,kidekikish,0,1,150,Chandelure
84756447,ImANoob1122,1,0,150,Mega Lucario ex
84756494,zoroark190,0,1,43,Mega Kangaskhan ex
84756494,Majkel1337,1,0,43,Dudunsparce
84756507,WAKIYA,0,0,182,Alakazam
84756507,nasuo445,1,1,182,Cynthia's Garchomp ex
84756508,bono,0,0,78,Mega Kangaskhan ex
84756508,Yufeng,1,1,78,Archaludon ex
84756509,nasuo445,0,1,213,Cynthia's Garchomp ex
84756509,Majkel1337,1,0,213,Bloodmoon Ursaluna
84756511,tw_shin,0,1,224,Marnie's Grimmsnarl ex
84756511,Yushin Ito,1,0,224,Marnie's Grimmsnarl ex
84756515,aaa,0,0,107,Fezandipiti ex
84756515,THIRD PTCG Club,1,1,107,Marnie's Grimmsnarl ex
84756516,Majkel1337,0,1,199,Dudunsparce
84756516,matsurih,1,0,199,Dudunsparce
84756519,Yushin Ito,0,1,167,Mega Starmie ex
84756519,Sota Uchiyama,1,0,167,Marnie's Grimmsnarl ex
84756520,LiamK,0,1,194,Cornerstone Mask Ogerpon ex
84756520,Rmy,1,0,194,Dudunsparce
84756522,Bozo Boys,0,1,108,Alakazam
84756522,koga_poke,1,0,108,Yveltal
84756528,zoroark190,0,1,136,Mega Kangaskhan ex
84756528,lmaffei,1,0,136,Mega Lopunny ex
84756533,koga_poke,0,0,103,Yveltal
84756533,senkin13,1,1,103,Dudunsparce
84756550,ShumpeiNomura,0,0,33,Archaludon ex
84756550,渡邊征央,1,1,33,Marnie's Grimmsnarl ex
84756587,ShumpeiNomura,0,1,155,Archaludon ex
84756587,tw_shin,1,0,155,Marnie's Grimmsnarl ex
84756593,tw_shin,0,0,189,Marnie's Grimmsnarl ex
84756593,THIRD PTCG Club,1,1,189,Fezandipiti ex
84756916,Rmy,0,1,117,Dudunsparce
84756916,niyo,1,0,117,Archaludon ex
84756979,やる気元気ミワハルキ,0,0,121,Mega Lucario ex
84756979,kidekikish,1,1,121,Chandelure
84757025,Majkel1337,0,0,150,Dudunsparce
84757025,Yushin Ito,1,1,150,Marnie's Grimmsnarl ex
84757035,nasuo445,0,1,160,Cynthia's Garchomp ex
84757035,suwat513,1,0,160,Fezandipiti ex
84757040,Yushin Ito,0,1,139,Marnie's Grimmsnarl ex
84757040,kuromoka,1,0,139,Cynthia's Garchomp ex
84757044,Dũng Đỗ,0,1,80,Mega Kangaskhan ex
84757044,ShumpeiNomura,1,0,80,Archaludon ex
84757046,Majkel1337,0,0,92,Dudunsparce
84757046,Yushin Ito,1,1,92,Mega Starmie ex
84757050,aaa,0,0,154,Fezandipiti ex
84757050,Sota Uchiyama,1,1,154,Marnie's Grimmsnarl ex
84757051,Akira-Ninth,0,1,29,Mega Lucario ex
84757051,youtube.com/@BigBugginnings,1,0,29,Dragapult ex
84757052,Yushin Ito,0,1,185,Mega Starmie ex
84757052,koga_poke,1,0,185,Yveltal
84757055,koga_poke,0,0,119,Yveltal
84757055,Rmy,1,1,119,Dudunsparce
84757090,THIRD PTCG Club,0,0,112,Fezandipiti ex
84757090,koga_poke,1,1,112,Yveltal
84757092,ShumpeiNomura,0,1,188,Archaludon ex
84757092,btk15049,1,0,188,Cornerstone Mask Ogerpon ex
84757098,WinDecks,0,1,104,Mega Starmie ex
84757098,THIRD PTCG Club,1,0,104,Fezandipiti ex
84757109,koga_poke,0,1,168,Yveltal
84757109,ShumpeiNomura,1,0,168,Archaludon ex
84757110,WinDecks,0,1,80,Mega Starmie ex
84757110,LiamK,1,0,80,Cornerstone Mask Ogerpon ex
84757518,カドラバ Kadoraba,0,1,92,Fezandipiti ex
84757518,kidekikish,1,0,92,Chandelure
84757563,Majkel1337,0,0,194,Dudunsparce
84757563,Dũng Đỗ,1,1,194,Mega Kangaskhan ex
84757576,ZETADIVISION,0,0,185,Dragapult ex
84757576,bono,1,1,185,Mega Kangaskhan ex
84757577,matsurih,0,0,247,Dudunsparce
84757577,Majkel1337,1,1,247,Bloodmoon Ursaluna
84757580,WinDecks,0,1,111,Mega Starmie ex
84757580,Yushin Ito,1,0,111,Mega Starmie ex
84757581,Abhyuday,0,0,165,Dudunsparce
84757581,zoroark190,1,1,165,Mega Kangaskhan ex
84757582,kidekikish,0,0,141,Chandelure
84757582,Yushin Ito,1,1,141,Marnie's Grimmsnarl ex
84757584,matsurih,0,0,133,Dudunsparce
84757584,zoroark190,1,1,133,Mega Kangaskhan ex
84757588,kazuki0123,0,0,111,Marnie's Grimmsnarl ex
84757588,Rmy,1,1,111,Dudunsparce
84757589,youtube.com/@BigBugginnings,0,0,137,Dragapult ex
84757589,trickstar,1,1,137,Fezandipiti ex
84757595,WinDecks,0,0,141,Mega Starmie ex
84757595,youtube.com/@BigBugginnings,1,1,141,Dragapult ex
84757597,koga_poke,0,1,104,Yveltal
84757597,カドラバ Kadoraba,1,0,104,Fezandipiti ex
84757632,Yushin Ito,0,1,81,Mega Starmie ex
84757632,nasuo445,1,0,81,Cynthia's Garchomp ex
84757916,koga_poke,0,1,109,Yveltal
84757916,matsurih,1,0,109,Dudunsparce
84757921,Yufeng,0,0,222,Archaludon ex
84757921,youtube.com/@BigBugginnings,1,1,222,Dragapult ex
84757928,WinDecks,0,0,48,Mega Starmie ex
84757928,btk15049,1,1,48,Cornerstone Mask Ogerpon ex
84757941,ShumpeiNomura,0,0,95,Archaludon ex
84757941,Sota Uchiyama,1,1,95,Marnie's Grimmsnarl ex
84758061,ShumpeiNomura,0,0,102,Archaludon ex
84758061,niyo,1,1,102,Archaludon ex
84758108,Dũng Đỗ,0,0,112,Mega Kangaskhan ex
84758108,kidekikish,1,1,112,Chandelure
84758114,Bozo Boys,0,1,660,Alakazam
84758114,LiamK,1,0,660,Cornerstone Mask Ogerpon ex
84758148,5.5,0,0,197,Alakazam
84758148,Majkel1337,1,1,197,Bloodmoon Ursaluna
84758156,Majkel1337,0,1,74,Dudunsparce
84758156,senkin13,1,0,74,Dudunsparce
84758160,Yushin Ito,0,0,142,Mega Starmie ex
84758160,nasuo445,1,1,142,Cynthia's Garchomp ex
84758162,kazuki0123,0,1,214,Marnie's Grimmsnarl ex
84758162,Yushin Ito,1,0,214,Marnie's Grimmsnarl ex
84758165,Majkel1337,0,0,134,Bloodmoon Ursaluna
84758165,Yushin Ito,1,1,134,Mega Starmie ex
84758166,tw_shin,0,0,182,Marnie's Grimmsnarl ex
84758166,Dũng Đỗ,1,1,182,Mega Kangaskhan ex
84758172,zoroark190,0,0,163,Mega Kangaskhan ex
84758172,matsurih,1,1,163,Dudunsparce
84758175,youtube.com/@BigBugginnings,0,0,202,Dragapult ex
84758175,bono,1,1,202,Mega Kangaskhan ex
84758405,WAKIYA,0,0,119,Alakazam
84758405,koga_poke,1,1,119,Yveltal
84758451,wally0593,0,0,209,Dudunsparce
84758451,junlee789,1,1,209,Marnie's Grimmsnarl ex
84758521,youtube.com/@BigBugginnings,0,0,167,Dragapult ex
84758521,Sota Uchiyama,1,1,167,Marnie's Grimmsnarl ex
84758602,kidekikish,0,0,101,Chandelure
84758602,豆本豆豆包,1,1,101,Alakazam
84758645,Majkel1337,0,0,180,Dudunsparce
84758645,matsurih,1,1,180,Dudunsparce
84758648,Sota Uchiyama,0,1,139,Marnie's Grimmsnarl ex
84758648,nasuo445,1,0,139,Cynthia's Garchomp ex
84758651,Yushin Ito,0,1,164,Marnie's Grimmsnarl ex
84758651,渡邊征央,1,0,164,Marnie's Grimmsnarl ex
84758652,bono,0,0,133,Mega Kangaskhan ex
84758652,WinDecks,1,1,133,Mega Starmie ex
84758658,zoroark190,0,1,56,Mega Kangaskhan ex
84758658,tonakaiiii,1,0,56,Marnie's Grimmsnarl ex
84758661,koga_poke,0,1,99,Yveltal
84758661,Dũng Đỗ,1,0,99,Mega Kangaskhan ex
84758680,Yigit Kayali,0,1,114,Dudunsparce
84758680,koga_poke,1,0,114,Yveltal
84758706,matsurih,0,0,614,Dudunsparce
84758706,LiamK,1,1,614,Cornerstone Mask Ogerpon ex
84758708,youtube.com/@BigBugginnings,0,1,198,Dragapult ex
84758708,カドラバ Kadoraba,1,0,198,Fezandipiti ex
84758714,Rmy,0,1,60,Dudunsparce
84758714,Banjo,1,0,60,Mega Starmie ex
84758717,LiamK,0,0,154,Cornerstone Mask Ogerpon ex
84758717,ShumpeiNomura,1,1,154,Archaludon ex
84758950,Rmy,0,1,153,Dudunsparce
84758950,WAKIYA,1,0,153,Alakazam
84758996,wally0593,0,1,122,Dudunsparce
84758996,btk15049,1,0,122,Cornerstone Mask Ogerpon ex
84759099,koga_poke,0,0,119,Yveltal
84759099,Sota Uchiyama,1,1,119,Marnie's Grimmsnarl ex
84759179,Majkel1337,0,0,83,Dudunsparce
84759179,Yushin Ito,1,1,83,Mega Starmie ex
84759190,nasuo445,0,1,140,Cynthia's Garchomp ex
84759190,tonakaiiii,1,0,140,Marnie's Grimmsnarl ex
84759193,koga_poke,0,0,110,Yveltal
84759193,Majkel1337,1,1,110,Bloodmoon Ursaluna
84759194,Oleksandr_Savsunenko,0,0,127,Dudunsparce
84759194,bono,1,1,127,Mega Kangaskhan ex
84759195,Bozo Boys,0,1,118,Alakazam
84759195,Yushin Ito,1,0,118,Marnie's Grimmsnarl ex
84759196,kidekikish,0,0,118,Chandelure
84759196,zoroark190,1,1,118,Mega Kangaskhan ex
84759200,ZETADIVISION,0,1,139,Dragapult ex
84759200,Dũng Đỗ,1,0,139,Mega Kangaskhan ex
84759239,koga_poke,0,0,85,Yveltal
84759239,Rmy,1,1,85,Dudunsparce
84759255,Yushin Ito,0,1,32,Marnie's Grimmsnarl ex
84759255,youtube.com/@BigBugginnings,1,0,32,Dragapult ex
84759265,Majkel1337,0,0,166,Bloodmoon Ursaluna
84759265,Rmy,1,1,166,Dudunsparce
84759438,kami,0,1,159,Fezandipiti ex
84759438,カドラバ Kadoraba,1,0,159,Fezandipiti ex
84759532,wally0593,0,0,213,Dudunsparce
84759532,btk15049,1,1,213,Cornerstone Mask Ogerpon ex
84759735,Yushin Ito,0,1,130,Marnie's Grimmsnarl ex
84759735,Rmy,1,0,130,Dudunsparce
84759741,nasuo445,0,0,51,Cynthia's Garchomp ex
84759741,Rmy,1,1,51,Dudunsparce
84759743,koga_poke,0,0,99,Yveltal
84759743,Majkel1337,1,1,99,Dudunsparce
84759750,Rmy,0,1,180,Dudunsparce
84759750,bono,1,0,180,Mega Kangaskhan ex
84759754,kashiwashira,0,0,168,Team Rocket's Mewtwo ex
84759754,zoroark190,1,1,168,Mega Kangaskhan ex
84759773,lmaffei,0,0,186,Mega Lopunny ex
84759773,Rmy,1,1,186,Dudunsparce
84759799,Bozo Boys,0,1,189,Alakazam
84759799,Majkel1337,1,0,189,Bloodmoon Ursaluna
84759805,Yushin Ito,0,0,101,Mega Starmie ex
84759805,nasuo445,1,1,101,Cynthia's Garchomp ex
84760062,wally0593,0,0,127,Dudunsparce
84760062,koga_poke,1,1,127,Yveltal
84760152,Star-mine,0,0,120,Chandelure
84760152,Sota Uchiyama,1,1,120,Marnie's Grimmsnarl ex
84760231,kidekikish,0,0,117,Chandelure
84760231,LiamK,1,1,117,Teal Mask Ogerpon ex
84760234,nasuo445,0,1,208,Cynthia's Garchomp ex
84760234,Majkel1337,1,0,208,Dudunsparce
84760243,kami,0,1,176,Fezandipiti ex
84760243,nasuo445,1,0,176,Cynthia's Garchomp ex
84760244,zoroark190,0,1,93,Mega Kangaskhan ex
84760244,Akira-Ninth,1,0,93,Mega Lucario ex
84760253,kazuki0123,0,1,163,Marnie's Grimmsnarl ex
84760253,Rmy,1,0,163,Dudunsparce
84760254,Majkel1337,0,1,159,Bloodmoon Ursaluna
84760254,Kento Umeda,1,0,159,Dudunsparce
84760255,ZETADIVISION,0,1,97,Dragapult ex
84760255,bono,1,0,97,Mega Kangaskhan ex
84760326,LiamK,0,0,142,Cornerstone Mask Ogerpon ex
84760326,ZETADIVISION,1,1,142,Dragapult ex
84760507,kami,0,0,161,Fezandipiti ex
84760507,bono,1,1,161,Mega Kangaskhan ex
84760604,wally0593,0,1,108,Dudunsparce
84760604,zoroark190,1,0,108,Mega Kangaskhan ex
84760696,Sota Uchiyama,0,0,176,Marnie's Grimmsnarl ex
84760696,youtube.com/@BigBugginnings,1,1,176,Dragapult ex
84760770,Majkel1337,0,0,154,Dudunsparce
84760770,Yushin Ito,1,1,154,Marnie's Grimmsnarl ex
84760781,tonakaiiii,0,1,158,Marnie's Grimmsnarl ex
84760781,zoroark190,1,0,158,Mega Kangaskhan ex
84760782,nasuo445,0,0,165,Cynthia's Garchomp ex
84760782,ShumpeiNomura,1,1,165,Archaludon ex
84760784,Majkel1337,0,0,212,Bloodmoon Ursaluna
84760784,Yushin Ito,1,1,212,Marnie's Grimmsnarl ex
84760788,Majkel1337,0,0,239,Bloodmoon Ursaluna
84760788,THIRD PTCG Club,1,1,239,Marnie's Grimmsnarl ex
84760792,Rmy,0,1,96,Dudunsparce
84760792,ImANoob1122,1,0,96,Mega Lucario ex
84760827,zoroark190,0,1,123,Mega Kangaskhan ex
84760827,nasuo445,1,0,123,Cynthia's Garchomp ex
84760838,tw_shin,0,0,237,Marnie's Grimmsnarl ex
84760838,Dũng Đỗ,1,1,237,Mega Kangaskhan ex
84760853,bono,0,0,160,Mega Kangaskhan ex
84760853,WinDecks,1,1,160,Mega Starmie ex
84761166,nasuo445,0,0,145,Cynthia's Garchomp ex
84761166,Majkel1337,1,1,145,Dudunsparce
84761167,Yushin Ito,0,0,122,Marnie's Grimmsnarl ex
84761167,zoroark190,1,1,122,Mega Kangaskhan ex
84761177,bono,0,0,122,Mega Kangaskhan ex
84761177,kidekikish,1,1,122,Chandelure
84761200,Majkel1337,0,1,188,Bloodmoon Ursaluna
84761200,5.5,1,0,188,Alakazam
84761220,wally0593,0,0,317,Dudunsparce
84761220,ShumpeiNomura,1,1,317,Archaludon ex
84761255,Dũng Đỗ,0,1,151,Mega Kangaskhan ex
84761255,tonakaiiii,1,0,151,Marnie's Grimmsnarl ex
84761288,WinDecks,0,0,149,Mega Starmie ex
84761288,Sota Uchiyama,1,1,149,Marnie's Grimmsnarl ex
84761296,Sota Uchiyama,0,1,33,Marnie's Grimmsnarl ex
84761296,Moegi,1,0,33,Archaludon ex
84761351,btk15049,0,0,185,Cornerstone Mask Ogerpon ex
84761351,Rmy,1,1,185,Dudunsparce
84761576,Sota Uchiyama,0,0,86,Marnie's Grimmsnarl ex
84761576,Raihan Ramadistra,1,1,86,Mega Kangaskhan ex
84761736,Sota Uchiyama,0,1,222,Marnie's Grimmsnarl ex
84761736,wally0593,1,0,222,Dudunsparce
84761802,Akira-Ninth,0,0,156,Mega Lucario ex
84761802,Majkel1337,1,1,156,Dudunsparce
84761806,bono,0,1,114,Fezandipiti ex
84761806,Yushin Ito,1,0,114,Marnie's Grimmsnarl ex
84761808,zoroark190,0,1,163,Mega Kangaskhan ex
84761808,Rmy,1,0,163,Dudunsparce
84761809,nasuo445,0,0,233,Cynthia's Garchomp ex
84761809,trickstar,1,1,233,Fezandipiti ex
84761841,bono,0,1,156,Mega Kangaskhan ex
84761841,Dũng Đỗ,1,0,156,Mega Kangaskhan ex
84761847,Majkel1337,0,1,99,Bloodmoon Ursaluna
84761847,Gotem Penguin,1,0,99,Mega Froslass ex
84761848,ShumpeiNomura,0,1,67,Archaludon ex
84761848,Dũng Đỗ,1,0,67,Mega Kangaskhan ex
84762073,koga_poke,0,0,39,Yveltal
84762073,junlee789,1,1,39,Marnie's Grimmsnarl ex
84762238,5.5,0,0,158,Alakazam
84762238,Sota Uchiyama,1,1,158,Marnie's Grimmsnarl ex
84762298,zoroark190,0,1,172,Mega Kangaskhan ex
84762298,Majkel1337,1,0,172,Dudunsparce
84762305,Yushin Ito,0,0,203,Marnie's Grimmsnarl ex
84762305,Dũng Đỗ,1,1,203,Mega Kangaskhan ex
84762306,kuromoka,0,0,140,Cynthia's Garchomp ex
84762306,zoroark190,1,1,140,Mega Kangaskhan ex
84762315,Rmy,0,1,195,Dudunsparce
84762315,Sota Uchiyama,1,0,195,Marnie's Grimmsnarl ex
84762321,nasuo445,0,1,149,Cynthia's Garchomp ex
84762321,Raihan Ramadistra,1,0,149,Mega Kangaskhan ex
84762329,bono,0,1,31,Mega Kangaskhan ex
84762329,Yushin Ito,1,0,31,Marnie's Grimmsnarl ex
84762380,koga_poke,0,0,148,Yveltal
84762380,zoroark190,1,1,148,Mega Kangaskhan ex
84762560,junlee789,0,0,119,Marnie's Grimmsnarl ex
84762560,Bozo Boys,1,1,119,Alakazam
84762585,Majkel1337,0,1,36,Bloodmoon Ursaluna
84762585,Raihan Ramadistra,1,0,36,Mega Kangaskhan ex
84762745,genki toyama,0,1,195,Mega Lucario ex
84762745,Sota Uchiyama,1,0,195,Marnie's Grimmsnarl ex
84762798,Majkel1337,0,0,200,Dudunsparce
84762798,bono,1,1,200,Fezandipiti ex
84762803,zoroark190,0,0,171,Mega Kangaskhan ex
84762803,nasuo445,1,1,171,Cynthia's Garchomp ex
84762807,豆本豆豆包,0,0,60,Alakazam
84762807,Rmy,1,1,60,Dudunsparce
84762809,koga_poke,0,1,146,Yveltal
84762809,nasuo445,1,0,146,Cynthia's Garchomp ex
84762813,bono,0,1,129,Mega Kangaskhan ex
84762813,youtube.com/@BigBugginnings,1,0,129,Dragapult ex
84762817,lmaffei,0,1,207,Mega Lopunny ex
84762817,Yushin Ito,1,0,207,Marnie's Grimmsnarl ex
84762837,Majkel1337,0,1,99,Bloodmoon Ursaluna
84762837,senkin13,1,0,99,Dudunsparce
84762872,matsurih,0,1,128,Dudunsparce
84762872,kidekikish,1,0,128,Chandelure
84763230,Sota Uchiyama,0,1,162,Marnie's Grimmsnarl ex
84763230,bono,1,0,162,Fezandipiti ex
84763264,Sota Uchiyama,0,1,169,Marnie's Grimmsnarl ex
84763264,senkin13,1,0,169,Dudunsparce
84763300,Majkel1337,0,1,175,Dudunsparce
84763300,Sota Uchiyama,1,0,175,Marnie's Grimmsnarl ex
84763307,zoroark190,0,1,100,Mega Kangaskhan ex
84763307,btk15049,1,0,100,Cornerstone Mask Ogerpon ex
84763309,Star-mine,0,1,116,Chandelure
84763309,Rmy,1,0,116,Dudunsparce
84763317,youtube.com/@BigBugginnings,0,0,136,Dragapult ex
84763317,bono,1,1,136,Mega Kangaskhan ex
84763320,nasuo445,0,1,152,Cynthia's Garchomp ex
84763320,MtN,1,0,152,Cornerstone Mask Ogerpon ex
84763352,Yushin Ito,0,1,202,Marnie's Grimmsnarl ex
84763352,tonakaiiii,1,0,202,Marnie's Grimmsnarl ex
84763659,wally0593,0,0,92,Dudunsparce
84763659,Yushin Ito,1,1,92,Mega Starmie ex
84763763,THIRD PTCG Club,0,1,128,Fezandipiti ex
84763763,Sota Uchiyama,1,0,128,Marnie's Grimmsnarl ex
84763801,zoroark190,0,1,158,Mega Kangaskhan ex
84763801,Majkel1337,1,0,158,Dudunsparce
84763804,bono,0,0,99,Mega Kangaskhan ex
84763804,matsurih,1,1,99,Dudunsparce
84763807,koga_poke,0,1,186,Yveltal
84763807,zoroark190,1,0,186,Mega Kangaskhan ex
84763810,Rmy,0,0,213,Dudunsparce
84763810,kazuki0123,1,1,213,Marnie's Grimmsnarl ex
84763860,youtube.com/@BigBugginnings,0,1,151,Dragapult ex
84763860,Yushin Ito,1,0,151,Mega Starmie ex
84763865,junlee789,0,0,182,Marnie's Grimmsnarl ex
84763865,Yushin Ito,1,1,182,Marnie's Grimmsnarl ex
84764146,LiamK,0,0,108,Cornerstone Mask Ogerpon ex
84764146,Raihan Ramadistra,1,1,108,Mega Kangaskhan ex
84764297,Majkel1337,0,1,454,Dudunsparce
84764297,ShumpeiNomura,1,0,454,Archaludon ex
84764301,btk15049,0,0,193,Cornerstone Mask Ogerpon ex
84764301,zoroark190,1,1,193,Mega Kangaskhan ex
84764311,Majkel1337,0,0,160,Bloodmoon Ursaluna
84764311,Bozo Boys,1,1,160,Alakazam
84764328,Rmy,0,1,65,Dudunsparce
84764328,Dũng Đỗ,1,0,65,Mega Kangaskhan ex
84764340,Ajishio,0,0,116,Alakazam
84764340,Yushin Ito,1,1,116,Marnie's Grimmsnarl ex
84764365,WinDecks,0,1,47,Mega Starmie ex
84764365,THIRD PTCG Club,1,0,47,Fezandipiti ex
84764376,nasuo445,0,0,122,Cynthia's Garchomp ex
84764376,genki toyama,1,1,122,Mega Lucario ex
84764731,lmaffei,0,1,87,Mega Lopunny ex
84764731,Sota Uchiyama,1,0,87,Marnie's Grimmsnarl ex
84764780,zoroark190,0,1,126,Mega Kangaskhan ex
84764780,5.5,1,0,126,Alakazam
84764803,aaa,0,1,198,Fezandipiti ex
84764803,Rmy,1,0,198,Dudunsparce
84764829,Majkel1337,0,1,61,Bloodmoon Ursaluna
84764829,Yushin Ito,1,0,61,Mega Starmie ex
84764832,nasuo445,0,0,172,Cynthia's Garchomp ex
84764832,Yushin Ito,1,1,172,Marnie's Grimmsnarl ex
84764852,Bozo Boys,0,0,172,Alakazam
84764852,nasuo445,1,1,172,Cynthia's Garchomp ex
84765258,Majkel1337,0,1,133,Dudunsparce
84765258,zoroark190,1,0,133,Mega Kangaskhan ex
84765259,zoroark190,0,1,114,Mega Kangaskhan ex
84765259,Sota Uchiyama,1,0,114,Marnie's Grimmsnarl ex
84765295,Majkel1337,0,0,97,Bloodmoon Ursaluna
84765295,ShumpeiNomura,1,1,97,Archaludon ex
84765299,Yushin Ito,0,1,105,Marnie's Grimmsnarl ex
84765299,Bozo Boys,1,0,105,Alakazam
84765303,Rmy,0,0,198,Dudunsparce
84765303,tonakaiiii,1,1,198,Marnie's Grimmsnarl ex
84765316,tonakaiiii,0,1,137,Marnie's Grimmsnarl ex
84765316,Star-mine,1,0,137,Chandelure
84765340,bono,0,1,171,Mega Kangaskhan ex
84765340,THIRD PTCG Club,1,0,171,Marnie's Grimmsnarl ex
84765724,Yufeng,0,0,129,Archaludon ex
84765724,Majkel1337,1,1,129,Dudunsparce
84765734,zoroark190,0,0,88,Mega Kangaskhan ex
84765734,kawachi,1,1,88,Fezandipiti ex
84765735,Yushin Ito,0,1,125,Marnie's Grimmsnarl ex
84765735,tonakaiiii,1,0,125,Marnie's Grimmsnarl ex
84765782,matsurih,0,1,104,Dudunsparce
84765782,Sota Uchiyama,1,0,104,Marnie's Grimmsnarl ex
84765808,Akira-Ninth,0,1,186,Mega Lucario ex
84765808,youtube.com/@BigBugginnings,1,0,186,Dragapult ex
84765814,豆本豆豆包,0,1,25,Alakazam
84765814,bono,1,0,25,Mega Kangaskhan ex
84766238,Sota Uchiyama,0,0,161,Marnie's Grimmsnarl ex
84766238,nasuo445,1,1,161,Cynthia's Garchomp ex
84766242,Majkel1337,0,1,179,Dudunsparce
84766242,hoshippi,1,0,179,Marnie's Grimmsnarl ex
84766253,zoroark190,0,1,102,Mega Kangaskhan ex
84766253,Sota Uchiyama,1,0,102,Marnie's Grimmsnarl ex
84766291,渡邊征央,0,1,134,Marnie's Grimmsnarl ex
84766291,カドラバ Kadoraba,1,0,134,Fezandipiti ex
84766308,Rmy,0,0,135,Dudunsparce
84766308,LiamK,1,1,135,Teal Mask Ogerpon ex
84767219,aaa,0,1,222,Fezandipiti ex
84767219,Majkel1337,1,0,222,Dudunsparce
84767283,LiamK,0,0,76,Teal Mask Ogerpon ex
84767283,WinDecks,1,1,76,Mega Starmie ex
84767711,Majkel1337,0,0,205,Dudunsparce
84767711,Yushin Ito,1,1,205,Marnie's Grimmsnarl ex
84767717,Bozo Boys,0,1,132,Alakazam
84767717,zoroark190,1,0,132,Mega Kangaskhan ex
84767792,aaa,0,0,228,Fezandipiti ex
84767792,Majkel1337,1,1,228,Bloodmoon Ursaluna
84767797,matsurih,0,1,192,Dudunsparce
84767797,Majkel1337,1,0,192,Bloodmoon Ursaluna
84768205,Kohenyan,0,0,193,Alakazam
84768205,Majkel1337,1,1,193,Dudunsparce
84768212,koga_poke,0,1,167,Yveltal
84768212,zoroark190,1,0,167,Mega Kangaskhan ex
84768213,Yushin Ito,0,1,148,Marnie's Grimmsnarl ex
84768213,aaa,1,0,148,Fezandipiti ex
84768251,genki toyama,0,1,189,Mega Lucario ex
84768251,koga_poke,1,0,189,Yveltal
84768264,nasuo445,0,1,142,Cynthia's Garchomp ex
84768264,youtube.com/@BigBugginnings,1,0,142,Dragapult ex
84768265,tw_shin,0,1,240,Marnie's Grimmsnarl ex
84768265,kazuki0123,1,0,240,Marnie's Grimmsnarl ex
84768273,bono,0,1,134,Mega Kangaskhan ex
84768273,Oshbocker,1,0,134,Marnie's Grimmsnarl ex
84768708,Majkel1337,0,1,181,Dudunsparce
84768708,matsurih,1,0,181,Dudunsparce
84768713,Yushin Ito,0,0,157,Marnie's Grimmsnarl ex
84768713,Majkel1337,1,1,157,Dudunsparce
84768714,bono,0,1,153,Mega Kangaskhan ex
84768714,zoroark190,1,0,153,Mega Kangaskhan ex
84768768,Rmy,0,0,127,Dudunsparce
84768768,LiamK,1,1,127,Cornerstone Mask Ogerpon ex
84768782,junlee789,0,1,134,Marnie's Grimmsnarl ex
84768782,Yushin Ito,1,0,134,Mega Starmie ex
84768793,wally0593,0,0,149,Dudunsparce
84768793,LiamK,1,1,149,Cornerstone Mask Ogerpon ex
84768796,Rmy,0,1,134,Dudunsparce
84768796,nasuo445,1,0,134,Cynthia's Garchomp ex
84769210,Majkel1337,0,1,111,Dudunsparce
84769210,Akira-Ninth,1,0,111,Mega Lucario ex
84769219,Yushin Ito,0,0,143,Marnie's Grimmsnarl ex
84769219,zoroark190,1,1,143,Mega Kangaskhan ex
84769250,zoroark190,0,0,142,Mega Kangaskhan ex
84769250,Rmy,1,1,142,Dudunsparce
84769273,ShumpeiNomura,0,1,157,Archaludon ex
84769273,Sota Uchiyama,1,0,157,Marnie's Grimmsnarl ex
84769283,ごんさくよねきち,0,0,137,Marnie's Grimmsnarl ex
84769283,bono,1,1,137,Fezandipiti ex
84769289,bono,0,0,186,Mega Kangaskhan ex
84769289,youtube.com/@BigBugginnings,1,1,186,Dragapult ex
84769296,youtube.com/@BigBugginnings,0,1,169,Dragapult ex
84769296,matsurih,1,0,169,Dudunsparce
84769301,THIRD PTCG Club,0,1,113,Fezandipiti ex
84769301,LiamK,1,0,113,Cornerstone Mask Ogerpon ex
84769526,tonakaiiii,0,1,123,Marnie's Grimmsnarl ex
84769526,ojicat,1,0,123,Dragapult ex
84769720,youtube.com/@BigBugginnings,0,1,165,Dragapult ex
84769720,Majkel1337,1,0,165,Dudunsparce
84769729,Yushin Ito,0,1,104,Marnie's Grimmsnarl ex
84769729,koga_poke,1,0,104,Yveltal
84769808,kidekikish,0,1,145,Chandelure
84769808,nasuo445,1,0,145,Cynthia's Garchomp ex
84769810,zoroark190,0,0,119,Mega Kangaskhan ex
84769810,bono,1,1,119,Mega Kangaskhan ex
84770234,Majkel1337,0,0,87,Dudunsparce
84770234,WinDecks,1,1,87,Mega Starmie ex
84770284,bono,0,1,124,Mega Kangaskhan ex
84770284,kazuki0123,1,0,124,Marnie's Grimmsnarl ex
84770317,aaa,0,0,173,Fezandipiti ex
84770317,tonakaiiii,1,1,173,Marnie's Grimmsnarl ex
84770576,ojicat,0,1,57,Dragapult ex
84770576,カドラバ Kadoraba,1,0,57,Fezandipiti ex
84770653,kidekikish,0,1,98,Chandelure
84770653,Raihan Ramadistra,1,0,98,Mega Kangaskhan ex
84770761,Majkel1337,0,1,98,Dudunsparce
84770761,koga_poke,1,0,98,Yveltal
84770764,tonakaiiii,0,0,134,Marnie's Grimmsnarl ex
84770764,Yushin Ito,1,1,134,Marnie's Grimmsnarl ex
84770779,bono,0,0,156,Mega Kangaskhan ex
84770779,lmaffei,1,1,156,Mega Lopunny ex
84770794,Yigit Kayali,0,1,151,Dudunsparce
84770794,lmaffei,1,0,151,Mega Lopunny ex
84770817,Abhyuday,0,0,201,Dudunsparce
84770817,Rmy,1,1,201,Dudunsparce
84770829,youtube.com/@BigBugginnings,0,0,181,Dragapult ex
84770829,zoroark190,1,1,181,Mega Kangaskhan ex
84770840,WinDecks,0,0,113,Mega Starmie ex
84770840,Yushin Ito,1,1,113,Marnie's Grimmsnarl ex
84771149,LiamK,0,1,162,Cornerstone Mask Ogerpon ex
84771149,suwat513,1,0,162,Fezandipiti ex
84771284,aaa,0,1,207,Fezandipiti ex
84771284,wally0593,1,0,207,Dudunsparce
84771306,Majkel1337,0,1,139,Dudunsparce
84771306,zoroark190,1,0,139,Mega Kangaskhan ex
84771319,ShumpeiNomura,0,1,186,Archaludon ex
84771319,Yushin Ito,1,0,186,Marnie's Grimmsnarl ex
84771349,bono,0,0,197,Mega Kangaskhan ex
84771349,Moegi,1,1,197,Archaludon ex
84771350,ojicat,0,0,141,Dragapult ex
84771350,Rmy,1,1,141,Dudunsparce
84771361,kashiwashira,0,0,141,Team Rocket's Mewtwo ex
84771361,zoroark190,1,1,141,Mega Kangaskhan ex
84771393,Bozo Boys,0,1,112,Alakazam
84771393,koga_poke,1,0,112,Yveltal
84771396,trickstar,0,0,100,Fezandipiti ex
84771396,WinDecks,1,1,100,Mega Starmie ex
84771795,Majkel1337,0,1,208,Dudunsparce
84771795,豆本豆豆包,1,0,208,Alakazam
84771855,nasuo445,0,1,114,Cynthia's Garchomp ex
84771855,Akira-Ninth,1,0,114,Mega Lucario ex
84771856,bono,0,0,108,Mega Kangaskhan ex
84771856,Majkel1337,1,1,108,Bloodmoon Ursaluna
84771862,tonakaiiii,0,1,148,Marnie's Grimmsnarl ex
84771862,matsurih,1,0,148,Dudunsparce
84771880,Rmy,0,0,164,Dudunsparce
84771880,Sota Uchiyama,1,1,164,Marnie's Grimmsnarl ex
84772311,wally0593,0,1,101,Dudunsparce
84772311,THIRD PTCG Club,1,0,101,Fezandipiti ex
84772318,Majkel1337,0,1,109,Dudunsparce
84772318,btk15049,1,0,109,Cornerstone Mask Ogerpon ex
84772328,Star-mine,0,0,41,Chandelure
84772328,Yushin Ito,1,1,41,Marnie's Grimmsnarl ex
84772370,zoroark190,0,1,171,Mega Kangaskhan ex
84772370,Bozo Boys,1,0,171,Alakazam
84772371,LiamK,0,1,407,Cornerstone Mask Ogerpon ex
84772371,Rmy,1,0,407,Dudunsparce
84772386,ShumpeiNomura,0,1,125,Archaludon ex
84772386,tw_shin,1,0,125,Marnie's Grimmsnarl ex
84772399,bono,0,1,93,Fezandipiti ex
84772399,nasuo445,1,0,93,Cynthia's Garchomp ex
84772609,bono,0,1,161,Mega Kangaskhan ex
84772609,Ketchum Alt,1,0,161,Dudunsparce
84772680,lmaffei,0,1,175,Mega Lopunny ex
84772680,ojicat,1,0,175,Dragapult ex
84772832,ShumpeiNomura,0,1,236,Archaludon ex
84772832,Majkel1337,1,0,236,Dudunsparce
84772840,kazuki0123,0,0,237,Marnie's Grimmsnarl ex
84772840,Yushin Ito,1,1,237,Marnie's Grimmsnarl ex
84772860,zoroark190,0,1,141,Mega Kangaskhan ex
84772860,LiamK,1,0,141,Cornerstone Mask Ogerpon ex
84772898,lmaffei,0,0,150,Mega Lopunny ex
84772898,Rmy,1,1,150,Dudunsparce
84772916,Bozo Boys,0,1,101,Alakazam
84772916,bono,1,0,101,Mega Kangaskhan ex
84772917,aaa,0,1,170,Fezandipiti ex
84772917,bono,1,0,170,Fezandipiti ex
84773327,wally0593,0,1,42,Dudunsparce
84773327,zoroark190,1,0,42,Mega Kangaskhan ex
84773330,kazuki0123,0,0,113,Marnie's Grimmsnarl ex
84773330,Majkel1337,1,1,113,Dudunsparce
84773343,Yushin Ito,0,0,159,Marnie's Grimmsnarl ex
84773343,nasuo445,1,1,159,Cynthia's Garchomp ex
84773347,zoroark190,0,1,176,Mega Kangaskhan ex
84773347,suwat513,1,0,176,Fezandipiti ex
84773404,aaa,0,0,204,Fezandipiti ex
84773404,Bozo Boys,1,1,204,Alakazam
84773424,koga_poke,0,0,87,Yveltal
84773424,Majkel1337,1,1,87,Bloodmoon Ursaluna
84773429,nasuo445,0,0,209,Cynthia's Garchomp ex
84773429,tonakaiiii,1,1,209,Marnie's Grimmsnarl ex
84773828,Majkel1337,0,1,115,Dudunsparce
84773828,tonakaiiii,1,0,115,Marnie's Grimmsnarl ex
84773840,tonakaiiii,0,1,179,Marnie's Grimmsnarl ex
84773840,Yushin Ito,1,0,179,Marnie's Grimmsnarl ex
84773857,zoroark190,0,0,157,Mega Kangaskhan ex
84773857,Ketchum Alt,1,1,157,Dudunsparce
84773895,kidekikish,0,0,103,Chandelure
84773895,Majkel1337,1,1,103,Bloodmoon Ursaluna
84773899,カドラバ Kadoraba,0,0,163,Fezandipiti ex
84773899,tonakaiiii,1,1,163,Marnie's Grimmsnarl ex
84773907,Rmy,0,1,171,Dudunsparce
84773907,Majkel1337,1,0,171,Bloodmoon Ursaluna
84773918,LiamK,0,1,56,Teal Mask Ogerpon ex
84773918,WinDecks,1,0,56,Mega Starmie ex
84773921,Yufeng,0,1,160,Archaludon ex
84773921,aaa,1,0,160,Fezandipiti ex
84774269,LiamK,0,1,167,Teal Mask Ogerpon ex
84774269,Raihan Ramadistra,1,0,167,Mega Kangaskhan ex
84774325,MPGaming,0,0,137,Mega Kangaskhan ex
84774325,Majkel1337,1,1,137,Dudunsparce
84774336,ShumpeiNomura,0,1,191,Archaludon ex
84774336,Yushin Ito,1,0,191,Marnie's Grimmsnarl ex
84774377,mitomeat823,0,1,99,Mega Lucario ex
84774377,zoroark190,1,0,99,Mega Kangaskhan ex
84774401,LiamK,0,1,145,Cornerstone Mask Ogerpon ex
84774401,Majkel1337,1,0,145,Bloodmoon Ursaluna
84774414,nasuo445,0,1,126,Cynthia's Garchomp ex
84774414,Sota Uchiyama,1,0,126,Marnie's Grimmsnarl ex
84774416,Sota Uchiyama,0,1,161,Marnie's Grimmsnarl ex
84774416,matsurih,1,0,161,Dudunsparce
84774418,bono,0,0,86,Mega Kangaskhan ex
84774418,trickstar,1,1,86,Fezandipiti ex
84774419,Rmy,0,0,214,Dudunsparce
84774419,Bozo Boys,1,1,214,Alakazam
84774425,Bozo Boys,0,1,197,Alakazam
84774425,Majkel1337,1,0,197,Bloodmoon Ursaluna
84774824,kidekikish,0,0,132,Chandelure
84774824,Majkel1337,1,1,132,Dudunsparce
84774838,Bozo Boys,0,0,107,Alakazam
84774838,Yushin Ito,1,1,107,Marnie's Grimmsnarl ex
84774855,zoroark190,0,1,133,Mega Kangaskhan ex
84774855,e-toppo,1,0,133,Fezandipiti ex
84774867,Star-mine,0,0,127,Chandelure
84774867,nasuo445,1,1,127,Cynthia's Garchomp ex
84774877,Raihan Ramadistra,0,0,121,Mega Kangaskhan ex
84774877,Bozo Boys,1,1,121,Alakazam
84774903,LiamK,0,1,268,Cornerstone Mask Ogerpon ex
84774903,Rmy,1,0,268,Dudunsparce
84774921,nasuo445,0,1,231,Cynthia's Garchomp ex
84774921,aaa,1,0,231,Fezandipiti ex
84774924,Abhyuday,0,1,228,Dudunsparce
84774924,Rmy,1,0,228,Dudunsparce
84774926,koga_poke,0,0,120,Yveltal
84774926,bono,1,1,120,Mega Kangaskhan ex
84775075,matsurih,0,0,127,Dudunsparce
84775075,rurumi,1,1,127,Archaludon ex
84775120,LiamK,0,0,151,Cornerstone Mask Ogerpon ex
84775120,Michael Long,1,1,151,Fezandipiti ex
84775323,渡邊征央,0,0,162,Marnie's Grimmsnarl ex
84775323,Majkel1337,1,1,162,Dudunsparce
84775335,koga_poke,0,0,136,Yveltal
84775335,Yushin Ito,1,1,136,Marnie's Grimmsnarl ex
84775344,Bozo Boys,0,1,138,Alakazam
84775344,genki toyama,1,0,138,Mega Lucario ex
84775356,zoroark190,0,1,153,Mega Kangaskhan ex
84775356,ezreal77,1,0,153,Archaludon ex
84775360,btk15049,0,0,132,Cornerstone Mask Ogerpon ex
84775360,nasuo445,1,1,132,Cynthia's Garchomp ex
84775378,Abhyuday,0,1,457,Dudunsparce
84775378,LiamK,1,0,457,Cornerstone Mask Ogerpon ex
84775383,bono,0,0,205,Mega Kangaskhan ex
84775383,youtube.com/@BigBugginnings,1,1,205,Dragapult ex
84775407,Majkel1337,0,1,132,Bloodmoon Ursaluna
84775407,WinDecks,1,0,132,Mega Starmie ex
84775421,matsurih,0,0,197,Dudunsparce
84775421,tonakaiiii,1,1,197,Marnie's Grimmsnarl ex
84775611,Michael Long,0,0,174,Fezandipiti ex
84775611,tw_shin,1,1,174,Marnie's Grimmsnarl ex
84775810,nasuo445,0,1,191,Cynthia's Garchomp ex
84775810,Majkel1337,1,0,191,Dudunsparce
84775830,zoroark190,0,0,114,Mega Kangaskhan ex
84775830,bono,1,1,114,Fezandipiti ex
84775831,nasuo445,0,0,20,Cynthia's Garchomp ex
84775831,やる気元気ミワハルキ,1,1,20,Mega Lucario ex
84775876,ShumpeiNomura,0,1,129,Archaludon ex
84775876,Michael Long,1,0,129,Fezandipiti ex
84775886,nasuo445,0,0,202,Cynthia's Garchomp ex
84775886,btk15049,1,1,202,Cornerstone Mask Ogerpon ex
84775896,bono,0,1,113,Mega Kangaskhan ex
84775896,genki toyama,1,0,113,Mega Lucario ex
84776141,Yigit Kayali,0,0,201,Dudunsparce
84776141,nasuo445,1,1,201,Cynthia's Garchomp ex
84776145,ごんさくよねきち,0,0,142,Marnie's Grimmsnarl ex
84776145,Bozo Boys,1,1,142,Alakazam
84776185,于笑非lilishyxf,0,1,129,Mega Lucario ex
84776185,Klein Houmani,1,0,129,Fezandipiti ex
84776188,XtraLearning,0,0,113,Dudunsparce
84776188,bono,1,1,113,Mega Kangaskhan ex
84776342,Majkel1337,0,1,193,Dudunsparce
84776342,bono,1,0,193,Mega Kangaskhan ex
84776367,bono,0,1,210,Fezandipiti ex
84776367,zoroark190,1,0,210,Mega Kangaskhan ex
84776368,nasuo445,0,0,207,Cynthia's Garchomp ex
84776368,Oleksandr_Savsunenko,1,1,207,Dudunsparce
84776369,ShumpeiNomura,0,1,32,Archaludon ex
84776369,zoroark190,1,0,32,Mega Kangaskhan ex
84776385,bono,0,0,100,Mega Kangaskhan ex
84776385,Majkel1337,1,1,100,Bloodmoon Ursaluna
84776395,lmaffei,0,1,187,Mega Lopunny ex
84776395,tonakaiiii,1,0,187,Marnie's Grimmsnarl ex
84776593,Klein Houmani,0,1,137,Fezandipiti ex
84776593,btk15049,1,0,137,Cornerstone Mask Ogerpon ex
84776795,kuromoka,0,1,181,Cynthia's Garchomp ex
84776795,Majkel1337,1,0,181,Dudunsparce
84776813,Yushin Ito,0,1,145,Marnie's Grimmsnarl ex
84776813,LiamK,1,0,145,Teal Mask Ogerpon ex
84776832,Bozo Boys,0,1,210,Alakazam
84776832,Ajishio,1,0,210,Alakazam
84776846,Gotem Penguin,0,1,88,Mega Froslass ex
84776846,zoroark190,1,0,88,Mega Kangaskhan ex
84776850,senkin13,0,1,209,Dudunsparce
84776850,bono,1,0,209,Fezandipiti ex
84776852,LiamK,0,0,76,Teal Mask Ogerpon ex
84776852,nasuo445,1,1,76,Cynthia's Garchomp ex
84776876,Yushin Ito,0,1,46,Mega Starmie ex
84776876,LiamK,1,0,46,Teal Mask Ogerpon ex
84776885,btk15049,0,0,196,Cornerstone Mask Ogerpon ex
84776885,LiamK,1,1,196,Cornerstone Mask Ogerpon ex
84776887,aaa,0,0,213,Fezandipiti ex
84776887,Akira-Ninth,1,1,213,Mega Lucario ex
84777044,于笑非lilishyxf,0,0,208,Mega Lucario ex
84777044,matsurih,1,1,208,Dudunsparce
84777071,rurumi,0,0,168,Archaludon ex
84777071,Klein Houmani,1,1,168,Fezandipiti ex
84777250,junlee789,0,1,188,Marnie's Grimmsnarl ex
84777250,lmaffei,1,0,188,Mega Lopunny ex
84777254,Klein Houmani,0,1,124,Fezandipiti ex
84777254,Raihan Ramadistra,1,0,124,Mega Kangaskhan ex
84777298,Sota Uchiyama,0,0,166,Marnie's Grimmsnarl ex
84777298,Majkel1337,1,1,166,Dudunsparce
84777309,Yushin Ito,0,1,149,Marnie's Grimmsnarl ex
84777309,nasuo445,1,0,149,Cynthia's Garchomp ex
84777318,渡邊征央,0,0,152,Marnie's Grimmsnarl ex
84777318,ShumpeiNomura,1,1,152,Archaludon ex
84777320,やる気元気ミワハルキ,0,1,180,Mega Lucario ex
84777320,Bozo Boys,1,0,180,Alakazam
84777328,Akira-Ninth,0,0,134,Mega Lucario ex
84777328,nasuo445,1,1,134,Cynthia's Garchomp ex
84777364,Klein Houmani,0,0,155,Fezandipiti ex
84777364,bono,1,1,155,Mega Kangaskhan ex
84777381,youtube.com/@BigBugginnings,0,0,173,Dragapult ex
84777381,ZETADIVISION,1,1,173,Dragapult ex
84777382,bono,0,0,171,Fezandipiti ex
84777382,youtube.com/@BigBugginnings,1,1,171,Dragapult ex
84777389,LiamK,0,0,103,Cornerstone Mask Ogerpon ex
84777389,WinDecks,1,1,103,Mega Starmie ex
84777546,koga_poke,0,0,36,Yveltal
84777546,于笑非lilishyxf,1,1,36,Mega Lucario ex
84777646,WinDecks,0,0,122,Mega Starmie ex
84777646,Klein Houmani,1,1,122,Fezandipiti ex
84777672,nasuo445,0,0,191,Cynthia's Garchomp ex
84777672,Majkel1337,1,1,191,Dudunsparce
84777685,kawachi,0,1,37,Fezandipiti ex
84777685,bono,1,0,37,Mega Kangaskhan ex
84777689,Majkel1337,0,0,256,Bloodmoon Ursaluna
84777689,Yushin Ito,1,1,256,Marnie's Grimmsnarl ex
84777701,kazuki0123,0,0,152,Marnie's Grimmsnarl ex
84777701,zoroark190,1,1,152,Mega Kangaskhan ex
84777703,bono,0,1,206,Fezandipiti ex
84777703,Rmy,1,0,206,Dudunsparce
84777726,wally0593,0,1,193,Dudunsparce
84777726,Rmy,1,0,193,Dudunsparce
84777839,nasuo445,0,1,126,Cynthia's Garchomp ex
84777839,ShumpeiNomura,1,0,126,Archaludon ex
84777843,btk15049,0,0,235,Cornerstone Mask Ogerpon ex
84777843,Yushin Ito,1,1,235,Marnie's Grimmsnarl ex
84777855,LiamK,0,0,159,Cornerstone Mask Ogerpon ex
84777855,nasuo445,1,1,159,Cynthia's Garchomp ex
84778056,于笑非lilishyxf,0,0,105,Mega Lucario ex
84778056,Klein Houmani,1,1,105,Fezandipiti ex
84778111,Klein Houmani,0,0,198,Fezandipiti ex
84778111,Rmy,1,1,198,Dudunsparce
84778302,WinDecks,0,1,86,Mega Starmie ex
84778302,Majkel1337,1,0,86,Dudunsparce
84778307,Yushin Ito,0,1,220,Marnie's Grimmsnarl ex
84778307,youtube.com/@BigBugginnings,1,0,220,Dragapult ex
84778318,nasuo445,0,1,166,Cynthia's Garchomp ex
84778318,rurumi,1,0,166,Archaludon ex
84778323,ShumpeiNomura,0,1,187,Archaludon ex
84778323,tonakaiiii,1,0,187,Marnie's Grimmsnarl ex
84778364,tonakaiiii,0,1,99,Marnie's Grimmsnarl ex
84778364,koga_poke,1,0,99,Yveltal
84778374,LiamK,0,0,143,Teal Mask Ogerpon ex
84778374,bono,1,1,143,Mega Kangaskhan ex
84778377,nasuo445,0,1,151,Cynthia's Garchomp ex
84778377,Sota Uchiyama,1,0,151,Marnie's Grimmsnarl ex
84778379,bono,0,1,127,Fezandipiti ex
84778379,kidekikish,1,0,127,Chandelure
84778383,LiamK,0,1,119,Cornerstone Mask Ogerpon ex
84778383,THIRD PTCG Club,1,0,119,Fezandipiti ex
84778561,tonakaiiii,0,0,182,Marnie's Grimmsnarl ex
84778561,于笑非lilishyxf,1,1,182,Mega Lucario ex
84778621,Klein Houmani,0,1,106,Fezandipiti ex
84778621,kazuki0123,1,0,106,Marnie's Grimmsnarl ex
84778662,ojicat,0,0,196,Dragapult ex
84778662,youtube.com/@BigBugginnings,1,1,196,Dragapult ex
84778791,Majkel1337,0,1,182,Dudunsparce
84778791,THIRD PTCG Club,1,0,182,Fezandipiti ex
84778802,Yushin Ito,0,0,212,Marnie's Grimmsnarl ex
84778802,bono,1,1,212,Mega Kangaskhan ex
84778819,ShumpeiNomura,0,1,328,Archaludon ex
84778819,豆本豆豆包,1,0,328,Alakazam
84778822,nasuo445,0,0,158,Cynthia's Garchomp ex
84778822,kidekikish,1,1,158,Chandelure
84778823,Bozo Boys,0,0,219,Alakazam
84778823,bono,1,1,219,Mega Kangaskhan ex
84778843,Majkel1337,0,1,213,Bloodmoon Ursaluna
84778843,tw_shin,1,0,213,Marnie's Grimmsnarl ex
84778846,bono,0,1,179,Mega Kangaskhan ex
84778846,tonakaiiii,1,0,179,Marnie's Grimmsnarl ex
84778855,LiamK,0,0,101,Cornerstone Mask Ogerpon ex
84778855,WinDecks,1,1,101,Mega Starmie ex
84778862,bono,0,0,148,Mega Kangaskhan ex
84778862,nasuo445,1,1,148,Cynthia's Garchomp ex
84778867,LiamK,0,0,64,Teal Mask Ogerpon ex
84778867,WinDecks,1,1,64,Mega Starmie ex
84778884,kazuki0123,0,0,130,Marnie's Grimmsnarl ex
84778884,bono,1,1,130,Fezandipiti ex
84779071,于笑非lilishyxf,0,1,205,Mega Lucario ex
84779071,kazuki0123,1,0,205,Marnie's Grimmsnarl ex
84779124,Klein Houmani,0,0,201,Fezandipiti ex
84779124,nasuo445,1,1,201,Cynthia's Garchomp ex
84779295,lmaffei,0,1,179,Mega Lopunny ex
84779295,Majkel1337,1,0,179,Dudunsparce
84779301,aaa,0,0,132,Fezandipiti ex
84779301,LiamK,1,1,132,Teal Mask Ogerpon ex
84779302,Yushin Ito,0,1,238,Marnie's Grimmsnarl ex
84779302,tw_shin,1,0,238,Marnie's Grimmsnarl ex
84779318,ShumpeiNomura,0,0,189,Archaludon ex
84779318,Sota Uchiyama,1,1,189,Marnie's Grimmsnarl ex
84779339,aaa,0,0,205,Fezandipiti ex
84779339,nasuo445,1,1,205,Cynthia's Garchomp ex
84779340,bono,0,1,179,Mega Kangaskhan ex
84779340,capbloo,1,0,179,Alakazam
84779341,btk15049,0,1,222,Cornerstone Mask Ogerpon ex
84779341,Majkel1337,1,0,222,Bloodmoon Ursaluna
84779344,Bozo Boys,0,0,149,Alakazam
84779344,kazuki0123,1,1,149,Marnie's Grimmsnarl ex
84779354,nasuo445,0,0,155,Cynthia's Garchomp ex
84779354,koga_poke,1,1,155,Yveltal
84779583,于笑非lilishyxf,0,0,107,Mega Lucario ex
84779583,kuromoka,1,1,107,Cynthia's Garchomp ex
84779645,ごんさくよねきち,0,1,41,Marnie's Grimmsnarl ex
84779645,Klein Houmani,1,0,41,Fezandipiti ex
84779790,junlee789,0,1,197,Marnie's Grimmsnarl ex
84779790,Raihan Ramadistra,1,0,197,Mega Kangaskhan ex
84779804,Majkel1337,0,1,135,Dudunsparce
84779804,koga_poke,1,0,135,Yveltal
84779822,Peng Wang,0,0,107,Archaludon ex
84779822,bono,1,1,107,Mega Kangaskhan ex
84779824,NoOne,0,1,167,Dudunsparce
84779824,nasuo445,1,0,167,Cynthia's Garchomp ex
84779836,tonakaiiii,0,1,101,Marnie's Grimmsnarl ex
84779836,ShumpeiNomura,1,0,101,Archaludon ex
84779857,aaa,0,0,151,Fezandipiti ex
84779857,Majkel1337,1,1,151,Bloodmoon Ursaluna
84779878,senkin13,0,0,145,Dudunsparce
84779878,Bozo Boys,1,1,145,Alakazam
84779891,bono,0,0,112,Fezandipiti ex
84779891,koga_poke,1,1,112,Yveltal
84779908,Yushin Ito,0,1,89,Mega Starmie ex
84779908,LiamK,1,0,89,Cornerstone Mask Ogerpon ex
84780091,kawachi,0,0,218,Fezandipiti ex
84780091,于笑非lilishyxf,1,1,218,Mega Lucario ex
84780158,ZETADIVISION,0,0,173,Dragapult ex
84780158,Klein Houmani,1,1,173,Fezandipiti ex
84780227,ojicat,0,1,183,Dragapult ex
84780227,LiamK,1,0,183,Cornerstone Mask Ogerpon ex
84780304,Majkel1337,0,1,131,Dudunsparce
84780304,Michael Long,1,0,131,Fezandipiti ex
84780308,Yushin Ito,0,1,97,Marnie's Grimmsnarl ex
84780308,WinDecks,1,0,97,Mega Starmie ex
84780310,ZETADIVISION,0,0,208,Dragapult ex
84780310,junlee789,1,1,208,Marnie's Grimmsnarl ex
84780316,ZETADIVISION,0,1,135,Dragapult ex
84780316,bono,1,0,135,Mega Kangaskhan ex
84780330,nasuo445,0,1,141,Cynthia's Garchomp ex
84780330,ごんさくよねきち,1,0,141,Marnie's Grimmsnarl ex
84780352,ShumpeiNomura,0,0,220,Archaludon ex
84780352,kazuki0123,1,1,220,Marnie's Grimmsnarl ex
84780372,Yushin Ito,0,0,84,Mega Starmie ex
84780372,Bozo Boys,1,1,84,Alakazam
84780401,tonakaiiii,0,1,124,Marnie's Grimmsnarl ex
84780401,aaa,1,0,124,Fezandipiti ex
84780406,LiamK,0,1,53,Cornerstone Mask Ogerpon ex
84780406,ZETADIVISION,1,0,53,Dragapult ex
84780604,于笑非lilishyxf,0,0,160,Mega Lucario ex
84780604,Sota Uchiyama,1,1,160,Marnie's Grimmsnarl ex
84780625,trickstar,0,1,184,Fezandipiti ex
84780625,Klein Houmani,1,0,184,Fezandipiti ex
84780667,Yushin Ito,0,1,83,Marnie's Grimmsnarl ex
84780667,ShumpeiNomura,1,0,83,Archaludon ex
84780676,WinDecks,0,0,142,Mega Starmie ex
84780676,youtube.com/@BigBugginnings,1,1,142,Dragapult ex
84780677,nasuo445,0,0,194,Cynthia's Garchomp ex
84780677,Majkel1337,1,1,194,Dudunsparce
84780678,Bozo Boys,0,1,142,Alakazam
84780678,Majkel1337,1,0,142,Bloodmoon Ursaluna
84780697,Star-mine,0,0,90,Chandelure
84780697,koga_poke,1,1,90,Yveltal
84780705,Rmy,0,0,108,Dudunsparce
84780705,koga_poke,1,1,108,Yveltal
84780855,渡邊征央,0,1,194,Marnie's Grimmsnarl ex
84780855,Majkel1337,1,0,194,Dudunsparce
84780882,nasuo445,0,0,167,Cynthia's Garchomp ex
84780882,THIRD PTCG Club,1,1,167,Fezandipiti ex
84780900,ShumpeiNomura,0,1,136,Archaludon ex
84780900,kawachi,1,0,136,Fezandipiti ex
84781121,Peng Wang,0,1,209,Archaludon ex
84781121,youtube.com/@BigBugginnings,1,0,209,Dragapult ex
84781171,Klein Houmani,0,0,132,Fezandipiti ex
84781171,kashiwashira,1,1,132,Team Rocket's Mewtwo ex
84781322,Majkel1337,0,1,208,Dudunsparce
84781322,nasuo445,1,0,208,Cynthia's Garchomp ex
84781323,Bozo Boys,0,1,82,Alakazam
84781323,Yushin Ito,1,0,82,Marnie's Grimmsnarl ex
84781324,LiamK,0,0,214,Cornerstone Mask Ogerpon ex
84781324,junlee789,1,1,214,Marnie's Grimmsnarl ex
84781339,Bozo Boys,0,0,198,Alakazam
84781339,Michael Long,1,1,198,Fezandipiti ex
84781353,nasuo445,0,0,121,Cynthia's Garchomp ex
84781353,WinDecks,1,1,121,Mega Starmie ex
84781354,nasuo445,0,1,156,Cynthia's Garchomp ex
84781354,LiamK,1,0,156,Cornerstone Mask Ogerpon ex
84781357,bono,0,1,130,Mega Kangaskhan ex
84781357,kidekikish,1,0,130,Chandelure
84781359,tonakaiiii,0,0,178,Marnie's Grimmsnarl ex
84781359,ShumpeiNomura,1,1,178,Archaludon ex
84781374,kidekikish,0,0,109,Chandelure
84781374,WinDecks,1,1,109,Mega Starmie ex
84781403,lmaffei,0,0,242,Mega Lopunny ex
84781403,kazuki0123,1,1,242,Marnie's Grimmsnarl ex
84781407,LiamK,0,1,117,Cornerstone Mask Ogerpon ex
84781407,Klein Houmani,1,0,117,Fezandipiti ex
84781616,koga_poke,0,1,130,Yveltal
84781616,Peng Wang,1,0,130,Archaludon ex
84781621,于笑非lilishyxf,0,0,135,Mega Lucario ex
84781621,Peng Wang,1,1,135,Archaludon ex
84781824,matsurih,0,0,172,Dudunsparce
84781824,Yushin Ito,1,1,172,Marnie's Grimmsnarl ex
84781830,Michael Long,0,1,202,Fezandipiti ex
84781830,Bozo Boys,1,0,202,Alakazam
84781831,WinDecks,0,1,117,Mega Starmie ex
84781831,カドラバ Kadoraba,1,0,117,Fezandipiti ex
84781833,bono,0,1,119,Mega Kangaskhan ex
84781833,Sota Uchiyama,1,0,119,Marnie's Grimmsnarl ex
84781837,nasuo445,0,1,43,Cynthia's Garchomp ex
84781837,MPGaming,1,0,43,Mega Kangaskhan ex
84781850,ShumpeiNomura,0,1,128,Archaludon ex
84781850,THIRD PTCG Club,1,0,128,Fezandipiti ex
84781851,ごんさくよねきち,0,0,183,Marnie's Grimmsnarl ex
84781851,junlee789,1,1,183,Marnie's Grimmsnarl ex
84781865,tonakaiiii,0,1,101,Marnie's Grimmsnarl ex
84781865,Peng Wang,1,0,101,Archaludon ex
84781879,Majkel1337,0,1,110,Bloodmoon Ursaluna
84781879,youtube.com/@BigBugginnings,1,0,110,Dragapult ex
84781893,zoroark190,0,1,148,Mega Kangaskhan ex
84781893,ShumpeiNomura,1,0,148,Archaludon ex
84781913,bono,0,1,34,Fezandipiti ex
84781913,junlee789,1,0,34,Marnie's Grimmsnarl ex
84781929,Yushin Ito,0,0,204,Marnie's Grimmsnarl ex
84781929,LiamK,1,1,204,Cornerstone Mask Ogerpon ex
84782138,Klein Houmani,0,0,185,Fezandipiti ex
84782138,于笑非lilishyxf,1,1,185,Mega Lucario ex
84782174,kidekikish,0,1,145,Chandelure
84782174,Peng Wang,1,0,145,Archaludon ex
84782188,Majkel1337,0,0,187,Bloodmoon Ursaluna
84782188,Michael Long,1,1,187,Fezandipiti ex
84782327,junlee789,0,0,73,Marnie's Grimmsnarl ex
84782327,Majkel1337,1,1,73,Dudunsparce
84782335,WinDecks,0,1,105,Mega Starmie ex
84782335,LiamK,1,0,105,Cornerstone Mask Ogerpon ex
84782341,koga_poke,0,1,115,Yveltal
84782341,bono,1,0,115,Mega Kangaskhan ex
84782342,nasuo445,0,0,197,Cynthia's Garchomp ex
84782342,Rmy,1,1,197,Dudunsparce
84782344,kashiwashira,0,1,41,Team Rocket's Mewtwo ex
84782344,Bozo Boys,1,0,41,Alakazam
84782348,LiamK,0,1,80,Cornerstone Mask Ogerpon ex
84782348,junlee789,1,0,80,Marnie's Grimmsnarl ex
84782353,tonakaiiii,0,1,143,Marnie's Grimmsnarl ex
84782353,suwat513,1,0,143,Fezandipiti ex
84782365,tonakaiiii,0,0,128,Marnie's Grimmsnarl ex
84782365,Majkel1337,1,1,128,Bloodmoon Ursaluna
84782390,zoroark190,0,0,159,Mega Kangaskhan ex
84782390,koga_poke,1,1,159,Yveltal
84782396,LiamK,0,1,152,Cornerstone Mask Ogerpon ex
84782396,渡邊征央,1,0,152,Marnie's Grimmsnarl ex
84782401,Oleksandr_Savsunenko,0,0,165,Dudunsparce
84782401,youtube.com/@BigBugginnings,1,1,165,Dragapult ex
84782405,senkin13,0,0,63,Dudunsparce
84782405,bono,1,1,63,Fezandipiti ex
84782422,koga_poke,0,0,176,Yveltal
84782422,Banjo,1,1,176,Mega Starmie ex
84782639,Peng Wang,0,0,173,Archaludon ex
84782639,junlee789,1,1,173,Marnie's Grimmsnarl ex
84782696,于笑非lilishyxf,0,0,116,Mega Lucario ex
84782696,Michael Long,1,1,116,Fezandipiti ex
84782776,Sergei Fironov,0,1,98,Mega Starmie ex
84782776,suwat513,1,0,98,Fezandipiti ex
84782814,Rmy,0,0,158,Dudunsparce
84782814,Yushin Ito,1,1,158,Marnie's Grimmsnarl ex
84782822,Majkel1337,0,0,203,Dudunsparce
84782822,bono,1,1,203,Fezandipiti ex
84782827,Gotem Penguin,0,0,128,Mega Froslass ex
84782827,bono,1,1,128,Mega Kangaskhan ex
84782829,bono,0,1,85,Fezandipiti ex
84782829,WinDecks,1,0,85,Mega Starmie ex
84782830,zoroark190,0,0,135,Mega Kangaskhan ex
84782830,ShumpeiNomura,1,1,135,Archaludon ex
84782833,nasuo445,0,1,202,Cynthia's Garchomp ex
84782833,Bozo Boys,1,0,202,Alakazam
84782836,nasuo445,0,1,115,Cynthia's Garchomp ex
84782836,于笑非lilishyxf,1,0,115,Mega Lucario ex
84782837,LiamK,0,0,146,Cornerstone Mask Ogerpon ex
84782837,youtube.com/@BigBugginnings,1,1,146,Dragapult ex
84782840,やる気元気ミワハルキ,0,0,185,Mega Lucario ex
84782840,tonakaiiii,1,1,185,Marnie's Grimmsnarl ex
84782845,Oleksandr_Savsunenko,0,0,190,Dudunsparce
84782845,Bozo Boys,1,1,190,Alakazam
84782869,bono,0,1,170,Fezandipiti ex
84782869,btk15049,1,0,170,Cornerstone Mask Ogerpon ex
84782878,koga_poke,0,0,55,Yveltal
84782878,Bozo Boys,1,1,55,Alakazam
84782890,koga_poke,0,1,148,Yveltal
84782890,Akira-Ninth,1,0,148,Mega Lucario ex
84782910,lmaffei,0,0,120,Mega Lopunny ex
84782910,btk15049,1,1,120,Cornerstone Mask Ogerpon ex
84783132,Peng Wang,0,0,127,Archaludon ex
84783132,aaa,1,1,127,Fezandipiti ex
84783175,Michael Long,0,1,190,Fezandipiti ex
84783175,Rmy,1,0,190,Dudunsparce
84783293,THIRD PTCG Club,0,1,201,Fezandipiti ex
84783293,Majkel1337,1,0,201,Dudunsparce
84783310,Majkel1337,0,1,70,Dudunsparce
84783310,WinDecks,1,0,70,Mega Starmie ex
84783311,ShumpeiNomura,0,1,96,Archaludon ex
84783311,Eduardo Rocha de Andrade,1,0,96,Marnie's Grimmsnarl ex
84783312,nasuo445,0,0,196,Cynthia's Garchomp ex
84783312,trickstar,1,1,196,Fezandipiti ex
84783313,bono,0,1,184,Mega Kangaskhan ex
84783313,Yushin Ito,1,0,184,Marnie's Grimmsnarl ex
84783314,Majkel1337,0,0,230,Bloodmoon Ursaluna
84783314,tonakaiiii,1,1,230,Marnie's Grimmsnarl ex
84783316,nasuo445,0,1,192,Cynthia's Garchomp ex
84783316,tw_shin,1,0,192,Marnie's Grimmsnarl ex
84783325,LiamK,0,0,61,Cornerstone Mask Ogerpon ex
84783325,Sergei Fironov,1,1,61,Mega Starmie ex
84783382,LiamK,0,0,13,Teal Mask Ogerpon ex
84783382,Jiachen Li,1,1,13,Archaludon ex
84783396,koga_poke,0,0,183,Yveltal
84783396,tw_shin,1,1,183,Marnie's Grimmsnarl ex
84783782,koga_poke,0,0,96,Yveltal
84783782,Majkel1337,1,1,96,Dudunsparce
84783786,Yushin Ito,0,1,286,Marnie's Grimmsnarl ex
84783786,btk15049,1,0,286,Cornerstone Mask Ogerpon ex
84783797,koga_poke,0,1,145,Yveltal
84783797,tonakaiiii,1,0,145,Marnie's Grimmsnarl ex
84783798,kashiwashira,0,1,125,Team Rocket's Mewtwo ex
84783798,ShumpeiNomura,1,0,125,Archaludon ex
84783801,wally0593,0,0,207,Dudunsparce
84783801,nasuo445,1,1,207,Cynthia's Garchomp ex
84783803,bono,0,1,1051,Fezandipiti ex
84783803,Gotem Penguin,1,0,1051,Mega Froslass ex
84783804,Klein Houmani,0,1,112,Fezandipiti ex
84783804,bono,1,0,112,Mega Kangaskhan ex
84783810,bono,0,1,170,Fezandipiti ex
84783810,nasuo445,1,0,170,Cynthia's Garchomp ex
84783830,Bozo Boys,0,0,169,Alakazam
84783830,zoroark190,1,1,169,Mega Kangaskhan ex
84783874,junlee789,0,1,165,Marnie's Grimmsnarl ex
84783874,zoroark190,1,0,165,Mega Kangaskhan ex
84783879,btk15049,0,0,235,Cornerstone Mask Ogerpon ex
84783879,Majkel1337,1,1,235,Bloodmoon Ursaluna
84784183,bono,0,1,179,Fezandipiti ex
84784183,Michael Long,1,0,179,Fezandipiti ex
84784269,nasuo445,0,1,195,Cynthia's Garchomp ex
84784269,Majkel1337,1,0,195,Dudunsparce
84784277,Yushin Ito,0,1,138,Marnie's Grimmsnarl ex
84784277,nasuo445,1,0,138,Cynthia's Garchomp ex
84784284,Eduardo Rocha de Andrade,0,0,135,Marnie's Grimmsnarl ex
84784284,nasuo445,1,1,135,Cynthia's Garchomp ex
84784289,WinDecks,0,1,122,Mega Starmie ex
84784289,jiatu.l,1,0,122,Marnie's Grimmsnarl ex
84784290,bono,0,1,183,Mega Kangaskhan ex
84784290,suwat513,1,0,183,Fezandipiti ex
84784291,LiamK,0,1,109,Teal Mask Ogerpon ex
84784291,tonakaiiii,1,0,109,Marnie's Grimmsnarl ex
84784293,ShumpeiNomura,0,0,147,Archaludon ex
84784293,Sota Uchiyama,1,1,147,Marnie's Grimmsnarl ex
84784305,Gotem Penguin,0,1,101,Mega Froslass ex
84784305,nasuo445,1,0,101,Cynthia's Garchomp ex
84784316,Bozo Boys,0,0,126,Alakazam
84784316,LiamK,1,1,126,Cornerstone Mask Ogerpon ex
84784336,Yigit Kayali,0,0,231,Dudunsparce
84784336,Bozo Boys,1,1,231,Alakazam
84784357,Star-mine,0,1,164,Chandelure
84784357,kazuki0123,1,0,164,Marnie's Grimmsnarl ex
84784364,aaa,0,0,209,Fezandipiti ex
84784364,Rmy,1,1,209,Dudunsparce
84784383,THIRD PTCG Club,0,1,101,Fezandipiti ex
84784383,tw_shin,1,0,101,Marnie's Grimmsnarl ex
84784668,Klein Houmani,0,0,171,Fezandipiti ex
84784668,THIRD PTCG Club,1,1,171,Fezandipiti ex
84784678,Michael Long,0,0,184,Fezandipiti ex
84784678,kashiwashira,1,1,184,Team Rocket's Mewtwo ex
84784761,Majkel1337,0,1,76,Dudunsparce
84784761,kazuki0123,1,0,76,Marnie's Grimmsnarl ex
84784764,LiamK,0,1,202,Cornerstone Mask Ogerpon ex
84784764,Yushin Ito,1,0,202,Marnie's Grimmsnarl ex
84784775,nasuo445,0,0,181,Cynthia's Garchomp ex
84784775,bono,1,1,181,Mega Kangaskhan ex
84784780,koga_poke,0,1,111,Yveltal
84784780,bono,1,0,111,Fezandipiti ex
84784781,WinDecks,0,1,77,Mega Starmie ex
84784781,Bozo Boys,1,0,77,Alakazam
84784783,bono,0,1,114,Mega Kangaskhan ex
84784783,Star-mine,1,0,114,Chandelure
84784788,ShumpeiNomura,0,0,61,Archaludon ex
84784788,Michael Long,1,1,61,Fezandipiti ex
84784789,Banjo,0,1,93,Mega Starmie ex
84784789,LiamK,1,0,93,Cornerstone Mask Ogerpon ex
84784808,nasuo445,0,0,221,Cynthia's Garchomp ex
84784808,Majkel1337,1,1,221,Bloodmoon Ursaluna
84784821,nasuo445,0,1,141,Cynthia's Garchomp ex
84784821,MPGaming,1,0,141,Mega Kangaskhan ex
84784829,Rmy,0,1,222,Dudunsparce
84784829,Abhyuday,1,0,222,Dudunsparce
84784872,koga_poke,0,0,106,Yveltal
84784872,Michael Long,1,1,106,Fezandipiti ex
84784880,kidekikish,0,1,131,Chandelure
84784880,Klein Houmani,1,0,131,Fezandipiti ex
84784884,kuromoka,0,1,180,Cynthia's Garchomp ex
84784884,Rmy,1,0,180,Dudunsparce
84785192,Abhyuday,0,0,213,Dudunsparce
84785192,Michael Long,1,1,213,Fezandipiti ex
84785194,やる気元気ミワハルキ,0,0,163,Mega Lucario ex
84785194,Klein Houmani,1,1,163,Fezandipiti ex
84785262,Majkel1337,0,0,198,Dudunsparce
84785262,nasuo445,1,1,198,Cynthia's Garchomp ex
84785265,ShumpeiNomura,0,1,144,Archaludon ex
84785265,Yushin Ito,1,0,144,Marnie's Grimmsnarl ex
84785273,kashiwashira,0,0,126,Team Rocket's Mewtwo ex
84785273,bono,1,1,126,Mega Kangaskhan ex
84785275,junlee789,0,1,132,Marnie's Grimmsnarl ex
84785275,WinDecks,1,0,132,Mega Starmie ex
84785280,Akira-Ninth,0,1,157,Mega Lucario ex
84785280,nasuo445,1,0,157,Cynthia's Garchomp ex
84785281,bono,0,0,153,Fezandipiti ex
84785281,Sota Uchiyama,1,1,153,Marnie's Grimmsnarl ex
84785302,Raihan Ramadistra,0,1,86,Mega Kangaskhan ex
84785302,LiamK,1,0,86,Cornerstone Mask Ogerpon ex
84785306,kazuki0123,0,1,172,Marnie's Grimmsnarl ex
84785306,Rmy,1,0,172,Dudunsparce
84785318,trickstar,0,1,84,Fezandipiti ex
84785318,Yushin Ito,1,0,84,Mega Starmie ex
84785350,ごんさくよねきち,0,1,31,Marnie's Grimmsnarl ex
84785350,koga_poke,1,0,31,Yveltal
84785541,koga_poke,0,0,115,Yveltal
84785541,SantaClaws,1,1,115,Dudunsparce
84785708,やる気元気ミワハルキ,0,0,83,Mega Lucario ex
84785708,Michael Long,1,1,83,Fezandipiti ex
84785744,nasuo445,0,0,217,Cynthia's Garchomp ex
84785744,ojicat,1,1,217,Dragapult ex
84785769,bono,0,0,171,Fezandipiti ex
84785769,Yushin Ito,1,1,171,Marnie's Grimmsnarl ex
84785772,渡邊征央,0,0,187,Marnie's Grimmsnarl ex
84785772,Majkel1337,1,1,187,Dudunsparce
84785776,bono,0,1,113,Mega Kangaskhan ex
84785776,Akira-Ninth,1,0,113,Mega Lucario ex
84785784,Rmy,0,1,60,Dudunsparce
84785784,nasuo445,1,0,60,Cynthia's Garchomp ex
84785789,ShumpeiNomura,0,1,175,Archaludon ex
84785789,Ajishio,1,0,175,Alakazam
84785797,Majkel1337,0,1,298,Dudunsparce
84785797,LiamK,1,0,298,Cornerstone Mask Ogerpon ex
84785802,Klein Houmani,0,0,148,Fezandipiti ex
84785802,bono,1,1,148,Fezandipiti ex
84785803,Majkel1337,0,1,247,Bloodmoon Ursaluna
84785803,btk15049,1,0,247,Cornerstone Mask Ogerpon ex
84785827,Rmy,0,0,161,Dudunsparce
84785827,MPGaming,1,1,161,Mega Kangaskhan ex
84785847,渡邊征央,0,1,101,Marnie's Grimmsnarl ex
84785847,koga_poke,1,0,101,Yveltal
84785855,zoroark190,0,1,132,Mega Kangaskhan ex
84785855,junlee789,1,0,132,Marnie's Grimmsnarl ex
84785856,THIRD PTCG Club,0,1,143,Fezandipiti ex
84785856,tw_shin,1,0,143,Marnie's Grimmsnarl ex
84785857,zoroark190,0,1,168,Mega Kangaskhan ex
84785857,koga_poke,1,0,168,Yveltal
84786041,SantaClaws,0,1,47,Dudunsparce
84786041,Hase2727,1,0,47,Mega Kangaskhan ex
84786211,Yushin Ito,0,1,149,Marnie's Grimmsnarl ex
84786211,Michael Long,1,0,149,Fezandipiti ex
84786241,Yushin Ito,0,1,67,Mega Starmie ex
84786241,ojicat,1,0,67,Dragapult ex
84786281,bono,0,1,83,Mega Kangaskhan ex
84786281,koga_poke,1,0,83,Yveltal
84786284,SantaClaws,0,0,109,Dudunsparce
84786284,WinDecks,1,1,109,Mega Starmie ex
84786285,tonakaiiii,0,0,130,Marnie's Grimmsnarl ex
84786285,THIRD PTCG Club,1,1,130,Fezandipiti ex
84786288,ShumpeiNomura,0,0,135,Archaludon ex
84786288,nasuo445,1,1,135,Cynthia's Garchomp ex
84786290,Moegi,0,1,135,Archaludon ex
84786290,bono,1,0,135,Fezandipiti ex
84786291,nasuo445,0,1,158,Cynthia's Garchomp ex
84786291,zoroark190,1,0,158,Mega Kangaskhan ex
84786296,nasuo445,0,1,253,Cynthia's Garchomp ex
84786296,matsurih,1,0,253,Dudunsparce
84786314,Rmy,0,0,153,Dudunsparce
84786314,LiamK,1,1,153,Cornerstone Mask Ogerpon ex
84786320,Star-mine,0,0,74,Chandelure
84786320,zoroark190,1,1,74,Mega Kangaskhan ex
84786336,Rmy,0,0,104,Dudunsparce
84786336,koga_poke,1,1,104,Yveltal
84786339,Yushin Ito,0,0,126,Mega Starmie ex
84786339,WinDecks,1,1,126,Mega Starmie ex
84786353,Majkel1337,0,1,211,Bloodmoon Ursaluna
84786353,Bozo Boys,1,0,211,Alakazam
84786727,btk15049,0,1,69,Cornerstone Mask Ogerpon ex
84786727,bono,1,0,69,Mega Kangaskhan ex
84786731,変化の書ゾロアーク,0,1,99,Alakazam
84786731,WinDecks,1,0,99,Mega Starmie ex
84786738,Sota Uchiyama,0,0,198,Marnie's Grimmsnarl ex
84786738,tonakaiiii,1,1,198,Marnie's Grimmsnarl ex
84786743,Hase2727,0,0,202,Mega Kangaskhan ex
84786743,bono,1,1,202,Fezandipiti ex
84786744,ShumpeiNomura,0,1,204,Archaludon ex
84786744,kazuki0123,1,0,204,Marnie's Grimmsnarl ex
84786745,nasuo445,0,1,97,Cynthia's Garchomp ex
84786745,Akira-Ninth,1,0,97,Mega Lucario ex
84786754,Sota Uchiyama,0,0,136,Marnie's Grimmsnarl ex
84786754,THIRD PTCG Club,1,1,136,Fezandipiti ex
84786771,aaa,0,0,177,Fezandipiti ex
84786771,nasuo445,1,1,177,Cynthia's Garchomp ex
84786772,Sota Uchiyama,0,1,166,Marnie's Grimmsnarl ex
84786772,koga_poke,1,0,166,Yveltal
84786774,Michael Long,0,1,139,Fezandipiti ex
84786774,junlee789,1,0,139,Marnie's Grimmsnarl ex
84786800,Yushin Ito,0,1,87,Mega Starmie ex
84786800,nasuo445,1,0,87,Cynthia's Garchomp ex
84786809,Klein Houmani,0,0,206,Fezandipiti ex
84786809,Yushin Ito,1,1,206,Marnie's Grimmsnarl ex
84786811,junlee789,0,1,232,Marnie's Grimmsnarl ex
84786811,Majkel1337,1,0,232,Dudunsparce
84786845,zoroark190,0,1,61,Mega Kangaskhan ex
84786845,Yushin Ito,1,0,61,Mega Starmie ex
84786890,Klein Houmani,0,0,148,Fezandipiti ex
84786890,ShumpeiNomura,1,1,148,Archaludon ex
84787045,Hase2727,0,1,131,Mega Kangaskhan ex
84787045,ojicat,1,0,131,Dragapult ex
84787269,Majkel1337,0,1,100,Dudunsparce
84787269,zoroark190,1,0,100,Mega Kangaskhan ex
84787272,matsurih,0,0,127,Dudunsparce
84787272,Yushin Ito,1,1,127,Marnie's Grimmsnarl ex
84787278,Banjo,0,0,101,Mega Starmie ex
84787278,bono,1,1,101,Mega Kangaskhan ex
84787283,koga_poke,0,1,152,Yveltal
84787283,WinDecks,1,0,152,Mega Starmie ex
84787291,Akira-Ninth,0,0,138,Mega Lucario ex
84787291,suwat513,1,1,138,Fezandipiti ex
84787294,nasuo445,0,1,178,Cynthia's Garchomp ex
84787294,tw_shin,1,0,178,Marnie's Grimmsnarl ex
84787296,junlee789,0,1,164,Marnie's Grimmsnarl ex
84787296,bono,1,0,164,Fezandipiti ex
84787297,Majkel1337,0,1,189,Bloodmoon Ursaluna
84787297,THIRD PTCG Club,1,0,189,Fezandipiti ex
84787299,Michael Long,0,0,170,Fezandipiti ex
84787299,zoroark190,1,1,170,Mega Kangaskhan ex
84787315,kidekikish,0,1,115,Chandelure
84787315,Abhyuday,1,0,115,Dudunsparce
84787324,Majkel1337,0,0,20,Bloodmoon Ursaluna
84787324,Yushin Ito,1,1,20,Mega Starmie ex
84787352,lmaffei,0,1,169,Mega Lopunny ex
84787352,junlee789,1,0,169,Marnie's Grimmsnarl ex
84787386,koga_poke,0,1,157,Yveltal
84787386,ojicat,1,0,157,Dragapult ex
84787777,tonakaiiii,0,0,149,Marnie's Grimmsnarl ex
84787777,Majkel1337,1,1,149,Dudunsparce
84787780,Yushin Ito,0,0,205,Marnie's Grimmsnarl ex
84787780,Hase2727,1,1,205,Mega Kangaskhan ex
84787782,bono,0,1,142,Mega Kangaskhan ex
84787782,aaa,1,0,142,Fezandipiti ex
84787789,tonakaiiii,0,0,168,Marnie's Grimmsnarl ex
84787789,junlee789,1,1,168,Marnie's Grimmsnarl ex
84787794,WinDecks,0,0,121,Mega Starmie ex
84787794,Xander,1,1,121,Archaludon ex
84787797,Bozo Boys,0,0,129,Alakazam
84787797,ShumpeiNomura,1,1,129,Archaludon ex
84787805,bono,0,1,200,Fezandipiti ex
84787805,Majkel1337,1,0,200,Bloodmoon Ursaluna
84787812,THIRD PTCG Club,0,1,145,Fezandipiti ex
84787812,Sota Uchiyama,1,0,145,Marnie's Grimmsnarl ex
84787824,LiamK,0,0,834,Cornerstone Mask Ogerpon ex
84787824,Majkel1337,1,1,834,Dudunsparce
84787866,koga_poke,0,1,184,Yveltal
84787866,tonakaiiii,1,0,184,Marnie's Grimmsnarl ex
84787867,Bozo Boys,0,0,179,Alakazam
84787867,zoroark190,1,1,179,Mega Kangaskhan ex
84787887,junlee789,0,0,173,Marnie's Grimmsnarl ex
84787887,Raihan Ramadistra,1,1,173,Mega Kangaskhan ex
84788070,Hase2727,0,1,121,Mega Kangaskhan ex
84788070,yt0914,1,0,121,Archaludon ex
84788118,tonakaiiii,0,1,144,Marnie's Grimmsnarl ex
84788118,Xander,1,0,144,Archaludon ex
84788254,Michael Long,0,0,187,Fezandipiti ex
84788254,Eduardo Rocha de Andrade,1,1,187,Marnie's Grimmsnarl ex
84788293,junlee789,0,0,213,Marnie's Grimmsnarl ex
84788293,ojicat,1,1,213,Dragapult ex
84788295,Majkel1337,0,0,169,Dudunsparce
84788295,Sota Uchiyama,1,1,169,Marnie's Grimmsnarl ex
84788299,zoroark190,0,1,151,Mega Kangaskhan ex
84788299,Yushin Ito,1,0,151,Marnie's Grimmsnarl ex
84788302,bono,0,1,111,Mega Kangaskhan ex
84788302,ezreal77,1,0,111,Archaludon ex
84788305,btk15049,0,1,172,Cornerstone Mask Ogerpon ex
84788305,nasuo445,1,0,172,Cynthia's Garchomp ex
84788307,junlee789,0,1,133,Marnie's Grimmsnarl ex
84788307,ShumpeiNomura,1,0,133,Archaludon ex
84788311,Akira-Ninth,0,0,141,Mega Lucario ex
84788311,zoroark190,1,1,141,Mega Kangaskhan ex
84788312,ZETADIVISION,0,1,94,Dragapult ex
84788312,WinDecks,1,0,94,Mega Starmie ex
84788313,zoroark190,0,1,118,Mega Kangaskhan ex
84788313,nasuo445,1,0,118,Cynthia's Garchomp ex
84788316,THIRD PTCG Club,0,0,189,Fezandipiti ex
84788316,Michael Long,1,1,189,Fezandipiti ex
84788318,tonakaiiii,0,0,209,Marnie's Grimmsnarl ex
84788318,kuromoka,1,1,209,Cynthia's Garchomp ex
84788327,junlee789,0,1,192,Marnie's Grimmsnarl ex
84788327,LiamK,1,0,192,Cornerstone Mask Ogerpon ex
84788337,koga_poke,0,1,167,Yveltal
84788337,Akira-Ninth,1,0,167,Mega Lucario ex
84788399,junlee789,0,0,187,Marnie's Grimmsnarl ex
84788399,kuromoka,1,1,187,Cynthia's Garchomp ex
84788417,Rmy,0,1,150,Dudunsparce
84788417,Hase2727,1,0,150,Mega Kangaskhan ex
84788590,Hase2727,0,1,147,Mega Kangaskhan ex
84788590,THIRD PTCG Club,1,0,147,Fezandipiti ex
84788628,LiamK,0,1,106,Cornerstone Mask Ogerpon ex
84788628,Xander,1,0,106,Archaludon ex
84788772,tonakaiiii,0,0,153,Marnie's Grimmsnarl ex
84788772,Michael Long,1,1,153,Fezandipiti ex
84788802,Majkel1337,0,1,127,Dudunsparce
84788802,tonakaiiii,1,0,127,Marnie's Grimmsnarl ex
84788807,tonakaiiii,0,0,213,Marnie's Grimmsnarl ex
84788807,Yushin Ito,1,1,213,Marnie's Grimmsnarl ex
84788808,ojicat,0,0,223,Dragapult ex
84788808,aaa,1,1,223,Fezandipiti ex
84788809,bono,0,1,166,Mega Kangaskhan ex
84788809,wally0593,1,0,166,Dudunsparce
84788813,LiamK,0,1,123,Teal Mask Ogerpon ex
84788813,zoroark190,1,0,123,Mega Kangaskhan ex
84788815,nasuo445,0,0,214,Cynthia's Garchomp ex
84788815,junlee789,1,1,214,Marnie's Grimmsnarl ex
84788818,WinDecks,0,1,95,Mega Starmie ex
84788818,Abhyuday,1,0,95,Dudunsparce
84788819,nasuo445,0,1,198,Cynthia's Garchomp ex
84788819,Voyager,1,0,198,Fezandipiti ex
84788820,lmaffei,0,0,136,Mega Lopunny ex
84788820,bono,1,1,136,Fezandipiti ex
84788821,Yushin Ito,0,1,122,Mega Starmie ex
84788821,bono,1,0,122,Mega Kangaskhan ex
84788822,ShumpeiNomura,0,1,220,Archaludon ex
84788822,bono,1,0,220,Fezandipiti ex
84788823,Sota Uchiyama,0,0,178,Marnie's Grimmsnarl ex
84788823,Majkel1337,1,1,178,Bloodmoon Ursaluna
84788824,tonakaiiii,0,1,146,Marnie's Grimmsnarl ex
84788824,豆本豆豆包,1,0,146,Alakazam
84788829,koga_poke,0,0,142,Yveltal
84788829,tonakaiiii,1,1,142,Marnie's Grimmsnarl ex
84788838,Gotem Penguin,0,0,137,Mega Froslass ex
84788838,kidekikish,1,1,137,Chandelure
84788844,suwat513,0,0,161,Fezandipiti ex
84788844,ZETADIVISION,1,1,161,Dragapult ex
84788877,LiamK,0,1,150,Cornerstone Mask Ogerpon ex
84788877,matsurih,1,0,150,Dudunsparce
84788924,Sota Uchiyama,0,1,116,Marnie's Grimmsnarl ex
84788924,matsurih,1,0,116,Dudunsparce
84789143,Hase2727,0,0,123,Mega Kangaskhan ex
84789143,Raihan Ramadistra,1,1,123,Mega Kangaskhan ex
84789325,Majkel1337,0,1,175,Bloodmoon Ursaluna
84789325,Michael Long,1,0,175,Fezandipiti ex
84789351,Michael Long,0,1,195,Fezandipiti ex
84789351,Majkel1337,1,0,195,Dudunsparce
84789357,LiamK,0,0,182,Cornerstone Mask Ogerpon ex
84789357,Yushin Ito,1,1,182,Marnie's Grimmsnarl ex
84789367,Raihan Ramadistra,0,0,42,Mega Kangaskhan ex
84789367,zoroark190,1,1,42,Mega Kangaskhan ex
84789369,ShumpeiNomura,0,1,100,Archaludon ex
84789369,Sota Uchiyama,1,0,100,Marnie's Grimmsnarl ex
84789374,Akira-Ninth,0,1,139,Mega Lucario ex
84789374,bono,1,0,139,Fezandipiti ex
84789375,WinDecks,0,1,21,Mega Starmie ex
84789375,kidekikish,1,0,21,Chandelure
84789377,tonakaiiii,0,0,156,Marnie's Grimmsnarl ex
84789377,Yushin Ito,1,1,156,Mega Starmie ex
84789381,ごんさくよねきち,0,1,94,Marnie's Grimmsnarl ex
84789381,kidekikish,1,0,94,Chandelure
84789390,nasuo445,0,1,157,Cynthia's Garchomp ex
84789390,tonakaiiii,1,0,157,Marnie's Grimmsnarl ex
84789391,Sota Uchiyama,0,1,168,Marnie's Grimmsnarl ex
84789391,LiamK,1,0,168,Cornerstone Mask Ogerpon ex
84789394,koga_poke,0,0,23,Yveltal
84789394,zoroark190,1,1,23,Mega Kangaskhan ex
84789446,LiamK,0,1,154,Teal Mask Ogerpon ex
84789446,bono,1,0,154,Mega Kangaskhan ex
84789656,Hase2727,0,1,150,Mega Kangaskhan ex
84789656,ZETADIVISION,1,0,150,Dragapult ex
84789845,Michael Long,0,1,160,Fezandipiti ex
84789845,kuromoka,1,0,160,Cynthia's Garchomp ex
84789860,Majkel1337,0,1,125,Dudunsparce
84789860,junlee789,1,0,125,Marnie's Grimmsnarl ex
84789876,tw_shin,0,0,173,Marnie's Grimmsnarl ex
84789876,bono,1,1,173,Mega Kangaskhan ex
84789880,Yushin Ito,0,1,126,Mega Starmie ex
84789880,zoroark190,1,0,126,Mega Kangaskhan ex
84789881,nasuo445,0,1,139,Cynthia's Garchomp ex
84789881,Yushin Ito,1,0,139,Mega Starmie ex
84789882,matsurih,0,1,126,Dudunsparce
84789882,WinDecks,1,0,126,Mega Starmie ex
84789883,Sota Uchiyama,0,0,207,Marnie's Grimmsnarl ex
84789883,ojicat,1,1,207,Dragapult ex
84789884,nasuo445,0,1,222,Cynthia's Garchomp ex
84789884,Voyager,1,0,222,Fezandipiti ex
84789885,tonakaiiii,0,1,93,Marnie's Grimmsnarl ex
84789885,Yushin Ito,1,0,93,Mega Starmie ex
84789888,aaa,0,1,128,Fezandipiti ex
84789888,ShumpeiNomura,1,0,128,Archaludon ex
84789889,bono,0,0,148,Fezandipiti ex
84789889,Hase2727,1,1,148,Mega Kangaskhan ex
84789890,THIRD PTCG Club,0,1,108,Fezandipiti ex
84789890,tonakaiiii,1,0,108,Marnie's Grimmsnarl ex
84789891,Majkel1337,0,1,135,Bloodmoon Ursaluna
84789891,やる気元気ミワハルキ,1,0,135,Mega Lucario ex
84789893,suwat513,0,0,191,Fezandipiti ex
84789893,Sota Uchiyama,1,1,191,Marnie's Grimmsnarl ex
84789907,LiamK,0,1,161,Cornerstone Mask Ogerpon ex
84789907,tonakaiiii,1,0,161,Marnie's Grimmsnarl ex
84789918,kidekikish,0,0,125,Chandelure
84789918,hikaru_ishihara46,1,1,125,Fezandipiti ex
84789923,koga_poke,0,0,116,Yveltal
84789923,Sota Uchiyama,1,1,116,Marnie's Grimmsnarl ex
84789959,Sota Uchiyama,0,0,179,Marnie's Grimmsnarl ex
84789959,やる気元気ミワハルキ,1,1,179,Mega Lucario ex
84790199,matsurih,0,0,184,Dudunsparce
84790199,Michael Long,1,1,184,Fezandipiti ex
84790200,Majkel1337,0,0,126,Dudunsparce
84790200,WinDecks,1,1,126,Mega Starmie ex
84790218,nasuo445,0,0,133,Cynthia's Garchomp ex
84790218,kidekikish,1,1,133,Chandelure
84790221,hikaru_ishihara46,0,1,132,Fezandipiti ex
84790221,Majkel1337,1,0,132,Bloodmoon Ursaluna
84790222,lmaffei,0,0,162,Mega Lopunny ex
84790222,THIRD PTCG Club,1,1,162,Fezandipiti ex
84790226,bono,0,1,57,Fezandipiti ex
84790226,Yushin Ito,1,0,57,Mega Starmie ex
84790230,Majkel1337,0,1,107,Bloodmoon Ursaluna
84790230,Sota Uchiyama,1,0,107,Marnie's Grimmsnarl ex
84790250,LiamK,0,1,139,Teal Mask Ogerpon ex
84790250,Rmy,1,0,139,Dudunsparce
84790394,kidekikish,0,0,137,Chandelure
84790394,zoroark190,1,1,137,Mega Kangaskhan ex
84790398,bono,0,1,101,Fezandipiti ex
84790398,kidekikish,1,0,101,Chandelure
84790416,bono,0,0,317,Mega Kangaskhan ex
84790416,XP3RiX,1,1,317,Dudunsparce
84790418,nasuo445,0,1,145,Cynthia's Garchomp ex
84790418,koga_poke,1,0,145,Yveltal
84790423,WinDecks,0,0,82,Mega Starmie ex
84790423,Sota Uchiyama,1,1,82,Marnie's Grimmsnarl ex
84790464,koga_poke,0,1,177,Yveltal
84790464,nasuo445,1,0,177,Cynthia's Garchomp ex
84790592,Mikhail Breikin,0,1,150,Dudunsparce
84790592,junlee789,1,0,150,Marnie's Grimmsnarl ex
84790639,hikaru_ishihara46,0,0,198,Fezandipiti ex
84790639,lmaffei,1,1,198,Mega Lopunny ex
84790647,zoroark190,0,0,148,Mega Kangaskhan ex
84790647,Hase2727,1,1,148,Mega Kangaskhan ex
84790826,Majkel1337,0,0,214,Bloodmoon Ursaluna
84790826,Michael Long,1,1,214,Fezandipiti ex
84790848,bono,0,1,236,Mega Kangaskhan ex
84790848,Yushin Ito,1,0,236,Marnie's Grimmsnarl ex
84790850,nasuo445,0,0,143,Cynthia's Garchomp ex
84790850,Majkel1337,1,1,143,Dudunsparce
84790856,zoroark190,0,0,151,Mega Kangaskhan ex
84790856,Majkel1337,1,1,151,Bloodmoon Ursaluna
84790857,nasuo445,0,0,19,Cynthia's Garchomp ex
84790857,Majkel1337,1,1,19,Bloodmoon Ursaluna
84790864,Rmy,0,0,124,Dudunsparce
84790864,WinDecks,1,1,124,Mega Starmie ex
84790865,nasuo445,0,0,211,Cynthia's Garchomp ex
84790865,bono,1,1,211,Fezandipiti ex
84790872,Banjo,0,1,105,Mega Starmie ex
84790872,ojicat,1,0,105,Dragapult ex
84790873,lmaffei,0,1,189,Mega Lopunny ex
84790873,ShumpeiNomura,1,0,189,Archaludon ex
84790882,Rmy,0,1,209,Dudunsparce
84790882,wally0593,1,0,209,Dudunsparce
84790886,Hase2727,0,1,153,Mega Kangaskhan ex
84790886,LiamK,1,0,153,Teal Mask Ogerpon ex
84790888,junlee789,0,1,174,Marnie's Grimmsnarl ex
84790888,tonakaiiii,1,0,174,Marnie's Grimmsnarl ex
84790897,Sota Uchiyama,0,0,145,Marnie's Grimmsnarl ex
84790897,nasuo445,1,1,145,Cynthia's Garchomp ex
84790912,koga_poke,0,0,104,Yveltal
84790912,Kento Umeda,1,1,104,Dudunsparce
84790938,Abhyuday,0,1,92,Dudunsparce
84790938,koga_poke,1,0,92,Yveltal
84790946,Majkel1337,0,1,108,Bloodmoon Ursaluna
84790946,kidekikish,1,0,108,Chandelure
84790971,bono,0,1,174,Fezandipiti ex
84790971,aaa,1,0,174,Fezandipiti ex
84791140,kazuki0123,0,1,137,Marnie's Grimmsnarl ex
84791140,hikaru_ishihara46,1,0,137,Fezandipiti ex
84791146,Hase2727,0,0,106,Mega Kangaskhan ex
84791146,btk15049,1,1,106,Cornerstone Mask Ogerpon ex
84791231,Yushin Ito,0,1,149,Marnie's Grimmsnarl ex
84791231,Majkel1337,1,0,149,Bloodmoon Ursaluna
84791235,bono,0,1,160,Mega Kangaskhan ex
84791235,Hase2727,1,0,160,Mega Kangaskhan ex
84791247,zoroark190,0,0,123,Mega Kangaskhan ex
84791247,bono,1,1,123,Fezandipiti ex
84791248,nasuo445,0,1,159,Cynthia's Garchomp ex
84791248,ZETADIVISION,1,0,159,Dragapult ex
84791251,于笑非lilishyxf,0,1,43,Mega Lucario ex
84791251,nasuo445,1,0,43,Cynthia's Garchomp ex
84791252,WinDecks,0,0,149,Mega Starmie ex
84791252,junlee789,1,1,149,Marnie's Grimmsnarl ex
84791253,LiamK,0,0,176,Cornerstone Mask Ogerpon ex
84791253,tonakaiiii,1,1,176,Marnie's Grimmsnarl ex
84791262,Sota Uchiyama,0,1,142,Marnie's Grimmsnarl ex
84791262,Rmy,1,0,142,Dudunsparce
84791336,kazuki0123,0,1,227,Marnie's Grimmsnarl ex
84791336,btk15049,1,0,227,Cornerstone Mask Ogerpon ex
84791404,junlee789,0,0,124,Marnie's Grimmsnarl ex
84791404,Michael Long,1,1,124,Fezandipiti ex
84791413,Sota Uchiyama,0,0,160,Marnie's Grimmsnarl ex
84791413,aaa,1,1,160,Fezandipiti ex
84791414,bono,0,0,179,Fezandipiti ex
84791414,Majkel1337,1,1,179,Dudunsparce
84791432,tonakaiiii,0,0,151,Marnie's Grimmsnarl ex
84791432,MPGaming,1,1,151,Mega Kangaskhan ex
84791584,bono,0,1,171,Fezandipiti ex
84791584,Mikhail Breikin,1,0,171,Dudunsparce
84791647,tonakaiiii,0,1,221,Marnie's Grimmsnarl ex
84791647,Hase2727,1,0,221,Mega Kangaskhan ex
84791818,Majkel1337,0,1,83,Dudunsparce
84791818,ShumpeiNomura,1,0,83,Archaludon ex
84791820,Michael Long,0,1,131,Fezandipiti ex
84791820,Akira-Ninth,1,0,131,Mega Lucario ex
84791833,bono,0,1,182,Fezandipiti ex
84791833,kawachi,1,0,182,Fezandipiti ex
84791838,nasuo445,0,0,117,Cynthia's Garchomp ex
84791838,Bozo Boys,1,1,117,Alakazam
84791843,渡邊征央,0,0,195,Marnie's Grimmsnarl ex
84791843,Majkel1337,1,1,195,Bloodmoon Ursaluna
84791846,Hase2727,0,1,217,Mega Kangaskhan ex
84791846,Yushin Ito,1,0,217,Marnie's Grimmsnarl ex
84791847,btk15049,0,1,155,Cornerstone Mask Ogerpon ex
84791847,WinDecks,1,0,155,Mega Starmie ex
84791848,LiamK,0,0,14,Teal Mask Ogerpon ex
84791848,Yushin Ito,1,1,14,Mega Starmie ex
84791850,THIRD PTCG Club,0,1,175,Fezandipiti ex
84791850,Mikhail Breikin,1,0,175,Dudunsparce
84791860,Rmy,0,0,92,Dudunsparce
84791860,MPGaming,1,1,92,Mega Kangaskhan ex
84791875,Sota Uchiyama,0,0,214,Marnie's Grimmsnarl ex
84791875,nasuo445,1,1,214,Cynthia's Garchomp ex
84791937,kidekikish,0,1,135,Chandelure
84791937,lmaffei,1,0,135,Mega Lopunny ex
84792296,Mikhail Breikin,0,1,216,Dudunsparce
84792296,Michael Long,1,0,216,Fezandipiti ex
84792299,Majkel1337,0,1,160,Dudunsparce
84792299,tonakaiiii,1,0,160,Marnie's Grimmsnarl ex
84792303,Michael Long,0,0,171,Fezandipiti ex
84792303,Yushin Ito,1,1,171,Marnie's Grimmsnarl ex
84792311,bono,0,1,128,Mega Kangaskhan ex
84792311,jiatu.l,1,0,128,Marnie's Grimmsnarl ex
84792312,bono,0,1,113,Fezandipiti ex
84792312,koga_poke,1,0,113,Yveltal
84792321,zoroark190,0,1,145,Mega Kangaskhan ex
84792321,THIRD PTCG Club,1,0,145,Fezandipiti ex
84792325,豆本豆豆包,0,0,207,Alakazam
84792325,nasuo445,1,1,207,Cynthia's Garchomp ex
84792328,kazuki0123,0,1,209,Marnie's Grimmsnarl ex
84792328,WinDecks,1,0,209,Mega Starmie ex
84792329,btk15049,0,0,203,Cornerstone Mask Ogerpon ex
84792329,wally0593,1,1,203,Dudunsparce
84792347,tonakaiiii,0,1,167,Marnie's Grimmsnarl ex
84792347,ShumpeiNomura,1,0,167,Archaludon ex
84792349,LiamK,0,1,91,Cornerstone Mask Ogerpon ex
84792349,Mikhail Breikin,1,0,91,Dudunsparce
84792353,nasuo445,0,1,211,Cynthia's Garchomp ex
84792353,btk15049,1,0,211,Cornerstone Mask Ogerpon ex
84792358,kazuki0123,0,0,129,Marnie's Grimmsnarl ex
84792358,Hase2727,1,1,129,Mega Kangaskhan ex
84792360,tonakaiiii,0,1,143,Marnie's Grimmsnarl ex
84792360,koga_poke,1,0,143,Yveltal
84792365,Majkel1337,0,1,231,Dudunsparce
84792365,Rmy,1,0,231,Dudunsparce
84792579,Mikhail Breikin,0,1,102,Dudunsparce
84792579,Banjo,1,0,102,Mega Starmie ex
84792631,Hase2727,0,0,104,Mega Kangaskhan ex
84792631,Rmy,1,1,104,Dudunsparce
84792787,Hase2727,0,0,105,Mega Kangaskhan ex
84792787,Majkel1337,1,1,105,Dudunsparce
84792790,Michael Long,0,0,182,Fezandipiti ex
84792790,Majkel1337,1,1,182,Dudunsparce
84792798,渡邊征央,0,0,203,Marnie's Grimmsnarl ex
84792798,bono,1,1,203,Mega Kangaskhan ex
84792802,ごんさくよねきち,0,0,186,Marnie's Grimmsnarl ex
84792802,Yushin Ito,1,1,186,Marnie's Grimmsnarl ex
84792803,zoroark190,0,0,111,Mega Kangaskhan ex
84792803,渡邊征央,1,1,111,Marnie's Grimmsnarl ex
84792808,Ketchum Alt,0,0,122,Dudunsparce
84792808,Majkel1337,1,1,122,Bloodmoon Ursaluna
84792814,btk15049,0,1,161,Cornerstone Mask Ogerpon ex
84792814,THIRD PTCG Club,1,0,161,Fezandipiti ex
84792817,kuromoka,0,1,225,Cynthia's Garchomp ex
84792817,btk15049,1,0,225,Cornerstone Mask Ogerpon ex
84792820,WinDecks,0,1,93,Mega Starmie ex
84792820,LiamK,1,0,93,Cornerstone Mask Ogerpon ex
84792821,Klein Houmani,0,1,112,Fezandipiti ex
84792821,LiamK,1,0,112,Cornerstone Mask Ogerpon ex
84792852,kidekikish,0,0,146,Chandelure
84792852,btk15049,1,1,146,Cornerstone Mask Ogerpon ex
84792866,LiamK,0,1,113,Teal Mask Ogerpon ex
84792866,Sota Uchiyama,1,0,113,Marnie's Grimmsnarl ex
84792901,matsurih,0,1,162,Dudunsparce
84792901,ojicat,1,0,162,Dragapult ex
84793073,ごんさくよねきち,0,1,165,Marnie's Grimmsnarl ex
84793073,Mikhail Breikin,1,0,165,Dudunsparce
84793130,WinDecks,0,1,63,Mega Starmie ex
84793130,Hase2727,1,0,63,Mega Kangaskhan ex
84793238,nasuo445,0,0,161,Cynthia's Garchomp ex
84793238,于笑非lilishyxf,1,1,161,Mega Lucario ex
84793273,Yushin Ito,0,1,134,Marnie's Grimmsnarl ex
84793273,Majkel1337,1,0,134,Dudunsparce
84793287,bono,0,0,65,Mega Kangaskhan ex
84793287,Rmy,1,1,65,Dudunsparce
84793290,渡邊征央,0,1,115,Marnie's Grimmsnarl ex
84793290,Michael Long,1,0,115,Fezandipiti ex
84793291,bono,0,1,133,Fezandipiti ex
84793291,Mikhail Breikin,1,0,133,Dudunsparce
84793295,Oleksandr_Savsunenko,0,1,211,Dudunsparce
84793295,Majkel1337,1,0,211,Bloodmoon Ursaluna
84793297,zoroark190,0,1,93,Mega Kangaskhan ex
84793297,suguuuuu & hiehie,1,0,93,Fezandipiti ex
84793298,ごんさくよねきち,0,0,160,Marnie's Grimmsnarl ex
84793298,Yushin Ito,1,1,160,Mega Starmie ex
84793301,matsurih,0,0,139,Dudunsparce
84793301,nasuo445,1,1,139,Cynthia's Garchomp ex
84793304,Hase2727,0,0,108,Mega Kangaskhan ex
84793304,THIRD PTCG Club,1,1,108,Fezandipiti ex
84793316,Rmy,0,0,195,Dudunsparce
84793316,btk15049,1,1,195,Cornerstone Mask Ogerpon ex
84793327,Sota Uchiyama,0,1,177,Marnie's Grimmsnarl ex
84793327,kuromoka,1,0,177,Cynthia's Garchomp ex
84793330,ShumpeiNomura,0,0,147,Archaludon ex
84793330,trickstar,1,1,147,Fezandipiti ex
84793343,kidekikish,0,1,94,Chandelure
84793343,Banjo,1,0,94,Mega Starmie ex
84793810,Majkel1337,0,1,196,Dudunsparce
84793810,Yushin Ito,1,0,196,Marnie's Grimmsnarl ex
84793814,Majkel1337,0,0,174,Dudunsparce
84793814,Yushin Ito,1,1,174,Marnie's Grimmsnarl ex
84793821,kazuki0123,0,1,184,Marnie's Grimmsnarl ex
84793821,bono,1,0,184,Fezandipiti ex
84793827,zoroark190,0,1,118,Mega Kangaskhan ex
84793827,tonakaiiii,1,0,118,Marnie's Grimmsnarl ex
84793831,Majkel1337,0,1,123,Bloodmoon Ursaluna
84793831,bono,1,0,123,Mega Kangaskhan ex
84793834,nasuo445,0,0,109,Cynthia's Garchomp ex
84793834,Rmy,1,1,109,Dudunsparce
84793839,WinDecks,0,1,62,Mega Starmie ex
84793839,Abhyuday,1,0,62,Dudunsparce
84793840,matsurih,0,1,147,Dudunsparce
84793840,btk15049,1,0,147,Cornerstone Mask Ogerpon ex
84793851,Rmy,0,1,129,Dudunsparce
84793851,Banjo,1,0,129,Mega Starmie ex
84793873,nasuo445,0,0,250,Cynthia's Garchomp ex
84793873,LiamK,1,1,250,Cornerstone Mask Ogerpon ex
84793878,ShumpeiNomura,0,0,156,Archaludon ex
84793878,btk15049,1,1,156,Cornerstone Mask Ogerpon ex
84793934,Bozo Boys,0,1,97,Alakazam
84793934,koga_poke,1,0,97,Yveltal
84794090,wkonishi,0,1,160,Dudunsparce
84794090,matsurih,1,0,160,Dudunsparce
84794170,Hase2727,0,1,166,Mega Kangaskhan ex
84794170,ojicat,1,0,166,Dragapult ex
84794308,Yushin Ito,0,1,130,Marnie's Grimmsnarl ex
84794308,Banjo,1,0,130,Mega Starmie ex
84794309,Yushin Ito,0,0,92,Mega Starmie ex
84794309,zoroark190,1,1,92,Mega Kangaskhan ex
84794311,Yushin Ito,0,1,181,Marnie's Grimmsnarl ex
84794311,Majkel1337,1,0,181,Dudunsparce
84794314,Dũng Đỗ,0,0,60,Mega Kangaskhan ex
84794314,Yushin Ito,1,1,60,Mega Starmie ex
84794318,THIRD PTCG Club,0,1,172,Fezandipiti ex
84794318,Majkel1337,1,0,172,Bloodmoon Ursaluna
84794323,suwat513,0,0,148,Fezandipiti ex
84794323,kazuki0123,1,1,148,Marnie's Grimmsnarl ex
84794329,tonakaiiii,0,1,244,Marnie's Grimmsnarl ex
84794329,Majkel1337,1,0,244,Bloodmoon Ursaluna
84794332,Abhyuday,0,1,178,Dudunsparce
84794332,Rmy,1,0,178,Dudunsparce
84794347,bono,0,1,164,Mega Kangaskhan ex
84794347,aaa,1,0,164,Fezandipiti ex
84794365,Bozo Boys,0,1,139,Alakazam
84794365,nasuo445,1,0,139,Cynthia's Garchomp ex
84794387,LiamK,0,0,96,Teal Mask Ogerpon ex
84794387,nasuo445,1,1,96,Cynthia's Garchomp ex
84794402,bono,0,0,204,Fezandipiti ex
84794402,Bozo Boys,1,1,204,Alakazam
84794421,WinDecks,0,1,141,Mega Starmie ex
84794421,渡邊征央,1,0,141,Marnie's Grimmsnarl ex
84794431,THIRD PTCG Club,0,1,120,Fezandipiti ex
84794431,kidekikish,1,0,120,Chandelure
84794670,Hase2727,0,1,139,Mega Kangaskhan ex
84794670,Akira-Ninth,1,0,139,Mega Lucario ex
84794800,Majkel1337,0,0,159,Dudunsparce
84794800,Yushin Ito,1,1,159,Marnie's Grimmsnarl ex
84794806,Yushin Ito,0,0,109,Marnie's Grimmsnarl ex
84794806,WinDecks,1,1,109,Mega Starmie ex
84794811,ezreal77,0,1,137,Archaludon ex
84794811,zoroark190,1,0,137,Mega Kangaskhan ex
84794814,bono,0,1,140,Mega Kangaskhan ex
84794814,于笑非lilishyxf,1,0,140,Mega Lucario ex
84794815,bono,0,0,173,Fezandipiti ex
84794815,THIRD PTCG Club,1,1,173,Fezandipiti ex
84794816,bono,0,1,145,Fezandipiti ex
84794816,aaa,1,0,145,Fezandipiti ex
84794818,Yushin Ito,0,1,24,Mega Starmie ex
84794818,trickstar,1,0,24,Fezandipiti ex
84794819,Michael Long,0,0,180,Fezandipiti ex
84794819,ezreal77,1,1,180,Archaludon ex
84794825,Sota Uchiyama,0,1,112,Marnie's Grimmsnarl ex
84794825,WinDecks,1,0,112,Mega Starmie ex
84794826,bono,0,1,148,Fezandipiti ex
84794826,tonakaiiii,1,0,148,Marnie's Grimmsnarl ex
84794827,btk15049,0,0,125,Cornerstone Mask Ogerpon ex
84794827,豆本豆豆包,1,1,125,Alakazam
84794829,LiamK,0,0,168,Cornerstone Mask Ogerpon ex
84794829,ojicat,1,1,168,Dragapult ex
84794852,junlee789,0,1,163,Marnie's Grimmsnarl ex
84794852,kidekikish,1,0,163,Chandelure
84794857,tonakaiiii,0,0,168,Marnie's Grimmsnarl ex
84794857,nasuo445,1,1,168,Cynthia's Garchomp ex
84794873,Yushin Ito,0,0,73,Mega Starmie ex
84794873,ShumpeiNomura,1,1,73,Archaludon ex
84794913,lmaffei,0,0,26,Mega Lopunny ex
84794913,btk15049,1,1,26,Cornerstone Mask Ogerpon ex
84794916,Xander,0,1,152,Archaludon ex
84794916,Rmy,1,0,152,Dudunsparce
84795173,Kohenyan,0,0,208,Alakazam
84795173,Hase2727,1,1,208,Mega Kangaskhan ex
84795245,Dũng Đỗ,0,1,164,Mega Kangaskhan ex
84795245,btk15049,1,0,164,Cornerstone Mask Ogerpon ex
84795302,Majkel1337,0,0,238,Dudunsparce
84795302,ojicat,1,1,238,Dragapult ex
84795306,Yushin Ito,0,0,156,Marnie's Grimmsnarl ex
84795306,bono,1,1,156,Mega Kangaskhan ex
84795314,btk15049,0,1,201,Cornerstone Mask Ogerpon ex
84795314,bono,1,0,201,Mega Kangaskhan ex
84795318,aaa,0,0,205,Fezandipiti ex
84795318,bono,1,1,205,Fezandipiti ex
84795319,zoroark190,0,1,43,Mega Kangaskhan ex
84795319,THIRD PTCG Club,1,0,43,Fezandipiti ex
84795323,Yushin Ito,0,0,24,Mega Starmie ex
84795323,hiro094,1,1,24,Mega Lucario ex
84795324,Michael Long,0,0,159,Fezandipiti ex
84795324,Xander,1,1,159,Archaludon ex
84795326,kazuki0123,0,0,110,Marnie's Grimmsnarl ex
84795326,WinDecks,1,1,110,Mega Starmie ex
84795328,btk15049,0,0,204,Cornerstone Mask Ogerpon ex
84795328,Rmy,1,1,204,Dudunsparce
84795331,kazuki0123,0,1,190,Marnie's Grimmsnarl ex
84795331,Abhyuday,1,0,190,Dudunsparce
84795348,nasuo445,0,0,67,Cynthia's Garchomp ex
84795348,Banjo,1,1,67,Mega Starmie ex
84795362,junlee789,0,1,196,Marnie's Grimmsnarl ex
84795362,Bozo Boys,1,0,196,Alakazam
84795688,Hase2727,0,0,114,Mega Kangaskhan ex
84795688,Majkel1337,1,1,114,Bloodmoon Ursaluna
84795741,ShumpeiNomura,0,0,116,Archaludon ex
84795741,Dũng Đỗ,1,1,116,Mega Kangaskhan ex
84795798,Majkel1337,0,1,129,Dudunsparce
84795798,lmaffei,1,0,129,Mega Lopunny ex
84795801,kuromoka,0,0,118,Cynthia's Garchomp ex
84795801,Yushin Ito,1,1,118,Marnie's Grimmsnarl ex
84795807,matsurih,0,1,99,Dudunsparce
84795807,bono,1,0,99,Mega Kangaskhan ex
84795812,bono,0,0,110,Fezandipiti ex
84795812,koga_poke,1,1,110,Yveltal
84795815,THIRD PTCG Club,0,0,111,Fezandipiti ex
84795815,kidekikish,1,1,111,Chandelure
84795818,Majkel1337,0,1,77,Bloodmoon Ursaluna
84795818,bono,1,0,77,Mega Kangaskhan ex
84795819,zoroark190,0,1,145,Mega Kangaskhan ex
84795819,Yushin Ito,1,0,145,Marnie's Grimmsnarl ex
84795821,Yushin Ito,0,1,14,Mega Starmie ex
84795821,WinDecks,1,0,14,Mega Starmie ex
84795822,koga_poke,0,0,155,Yveltal
84795822,Sota Uchiyama,1,1,155,Marnie's Grimmsnarl ex
84795824,Michael Long,0,0,165,Fezandipiti ex
84795824,Ketchum Alt,1,1,165,Dudunsparce
84795825,LiamK,0,0,112,Teal Mask Ogerpon ex
84795825,Rmy,1,1,112,Dudunsparce
84795830,MPGaming,0,0,77,Mega Kangaskhan ex
84795830,ShumpeiNomura,1,1,77,Archaludon ex
84795831,ShumpeiNomura,0,0,170,Archaludon ex
84795831,btk15049,1,1,170,Cornerstone Mask Ogerpon ex
84795835,aaa,0,0,96,Fezandipiti ex
84795835,kidekikish,1,1,96,Chandelure
84795926,nasuo445,0,1,195,Cynthia's Garchomp ex
84795926,豆本豆豆包,1,0,195,Alakazam
84796188,Hase2727,0,0,96,Mega Kangaskhan ex
84796188,e-toppo,1,1,96,Fezandipiti ex
84796303,zoroark190,0,0,131,Mega Kangaskhan ex
84796303,Majkel1337,1,1,131,Dudunsparce
84796310,yamy893,0,0,110,Chandelure
84796310,Yushin Ito,1,1,110,Marnie's Grimmsnarl ex
84796321,bono,0,0,96,Mega Kangaskhan ex
84796321,lmaffei,1,1,96,Mega Lopunny ex
84796322,Rmy,0,1,62,Dudunsparce
84796322,Star-mine,1,0,62,Chandelure
84796323,Ketchum Alt,0,0,34,Dudunsparce
84796323,Sota Uchiyama,1,1,34,Marnie's Grimmsnarl ex
84796325,WinDecks,0,1,91,Mega Starmie ex
84796325,ShumpeiNomura,1,0,91,Archaludon ex
84796327,zoroark190,0,1,140,Mega Kangaskhan ex
84796327,Xander,1,0,140,Archaludon ex
84796332,bono,0,0,157,Fezandipiti ex
84796332,tonakaiiii,1,1,157,Marnie's Grimmsnarl ex
84796333,Sota Uchiyama,0,0,51,Marnie's Grimmsnarl ex
84796333,Majkel1337,1,1,51,Bloodmoon Ursaluna
84796335,btk15049,0,0,135,Cornerstone Mask Ogerpon ex
84796335,ShumpeiNomura,1,1,135,Archaludon ex
84796336,LiamK,0,0,102,Cornerstone Mask Ogerpon ex
84796336,bono,1,1,102,Mega Kangaskhan ex
84796345,ShumpeiNomura,0,1,189,Archaludon ex
84796345,kazuki0123,1,0,189,Marnie's Grimmsnarl ex
84796348,Star-mine,0,1,103,Chandelure
84796348,Michael Long,1,0,103,Fezandipiti ex
84796390,Bozo Boys,0,1,60,Alakazam
84796390,LiamK,1,0,60,Teal Mask Ogerpon ex
84796391,matsurih,0,0,181,Dudunsparce
84796391,kuromoka,1,1,181,Cynthia's Garchomp ex
84796396,nasuo445,0,1,214,Cynthia's Garchomp ex
84796396,btk15049,1,0,214,Cornerstone Mask Ogerpon ex
84796431,koga_poke,0,0,85,Yveltal
84796431,junlee789,1,1,85,Marnie's Grimmsnarl ex
84796706,Hase2727,0,0,120,Mega Kangaskhan ex
84796706,lmaffei,1,1,120,Mega Lopunny ex
84796817,THIRD PTCG Club,0,0,116,Fezandipiti ex
84796817,Yushin Ito,1,1,116,Marnie's Grimmsnarl ex
84796818,Majkel1337,0,1,124,Dudunsparce
84796818,Yushin Ito,1,0,124,Marnie's Grimmsnarl ex
84796828,zoroark190,0,1,200,Mega Kangaskhan ex
84796828,Oleksandr_Savsunenko,1,0,200,Dudunsparce
84796835,kidekikish,0,0,52,Chandelure
84796835,THIRD PTCG Club,1,1,52,Fezandipiti ex
84796838,WinDecks,0,0,164,Mega Starmie ex
84796838,hoshippi,1,1,164,Marnie's Grimmsnarl ex
84796840,Yushin Ito,0,0,178,Marnie's Grimmsnarl ex
84796840,bono,1,1,178,Fezandipiti ex
84796841,Rmy,0,1,99,Dudunsparce
84796841,zoroark190,1,0,99,Mega Kangaskhan ex
84796844,Sota Uchiyama,0,0,109,Marnie's Grimmsnarl ex
84796844,LiamK,1,1,109,Teal Mask Ogerpon ex
84796849,nasuo445,0,0,165,Cynthia's Garchomp ex
84796849,Michael Long,1,1,165,Fezandipiti ex
84796850,nasuo445,0,1,140,Cynthia's Garchomp ex
84796850,ごんさくよねきち,1,0,140,Marnie's Grimmsnarl ex
84796853,ShumpeiNomura,0,1,201,Archaludon ex
84796853,matsurih,1,0,201,Dudunsparce
84796891,ごんさくよねきち,0,1,244,Marnie's Grimmsnarl ex
84796891,bono,1,0,244,Mega Kangaskhan ex
84796914,Bozo Boys,0,1,178,Alakazam
84796914,Rmy,1,0,178,Dudunsparce
84796926,bono,0,0,180,Mega Kangaskhan ex
84796926,ojicat,1,1,180,Dragapult ex
84797316,THIRD PTCG Club,0,1,147,Fezandipiti ex
84797316,Yushin Ito,1,0,147,Marnie's Grimmsnarl ex
84797318,zoroark190,0,0,118,Mega Kangaskhan ex
84797318,于笑非lilishyxf,1,1,118,Mega Lucario ex
84797319,Bozo Boys,0,0,46,Alakazam
84797319,Majkel1337,1,1,46,Dudunsparce
84797324,Abhyuday,0,0,178,Dudunsparce
84797324,zoroark190,1,1,178,Mega Kangaskhan ex
84797326,Majkel1337,0,1,208,Bloodmoon Ursaluna
84797326,genki toyama,1,0,208,Mega Lucario ex
84797329,Yushin Ito,0,1,89,Mega Starmie ex
84797329,senkin13,1,0,89,Dudunsparce
84797330,bono,0,1,219,Fezandipiti ex
84797330,nasuo445,1,0,219,Cynthia's Garchomp ex
84797332,豆本豆豆包,0,1,228,Alakazam
84797332,Rmy,1,0,228,Dudunsparce
84797333,WinDecks,0,0,100,Mega Starmie ex
84797333,capbloo,1,1,100,Alakazam
84797335,bono,0,1,66,Mega Kangaskhan ex
84797335,tw_shin,1,0,66,Marnie's Grimmsnarl ex
84797336,THIRD PTCG Club,0,1,91,Fezandipiti ex
84797336,Dũng Đỗ,1,0,91,Mega Kangaskhan ex
84797337,junlee789,0,1,177,Marnie's Grimmsnarl ex
84797337,Michael Long,1,0,177,Fezandipiti ex
84797338,THIRD PTCG Club,0,1,141,Fezandipiti ex
84797338,Sota Uchiyama,1,0,141,Marnie's Grimmsnarl ex
84797339,Raihan Ramadistra,0,1,175,Mega Kangaskhan ex
84797339,tonakaiiii,1,0,175,Marnie's Grimmsnarl ex
84797340,Dũng Đỗ,0,0,115,Mega Kangaskhan ex
84797340,kidekikish,1,1,115,Chandelure
84797344,junlee789,0,1,191,Marnie's Grimmsnarl ex
84797344,btk15049,1,0,191,Cornerstone Mask Ogerpon ex
84797346,Akira-Ninth,0,0,210,Mega Lucario ex
84797346,kazuki0123,1,1,210,Marnie's Grimmsnarl ex
84797364,nasuo445,0,0,137,Cynthia's Garchomp ex
84797364,suwat513,1,1,137,Fezandipiti ex
84797378,junlee789,0,1,188,Marnie's Grimmsnarl ex
84797378,渡邊征央,1,0,188,Marnie's Grimmsnarl ex
84797392,Majkel1337,0,1,213,Bloodmoon Ursaluna
84797392,ojicat,1,0,213,Dragapult ex
84797426,lmaffei,0,0,209,Mega Lopunny ex
84797426,kazuki0123,1,1,209,Marnie's Grimmsnarl ex
84797833,Yushin Ito,0,1,82,Mega Starmie ex
84797833,Majkel1337,1,0,82,Dudunsparce
84797839,Yushin Ito,0,0,192,Marnie's Grimmsnarl ex
84797839,MR.h,1,1,192,Crustle
84797845,matsurih,0,0,23,Dudunsparce
84797845,Majkel1337,1,1,23,Bloodmoon Ursaluna
84797850,豆本豆豆包,0,0,52,Alakazam
84797850,zoroark190,1,1,52,Mega Kangaskhan ex
84797851,bono,0,0,152,Fezandipiti ex
84797851,Xander,1,1,152,Archaludon ex
84797852,Yushin Ito,0,1,39,Mega Starmie ex
84797852,Sota Uchiyama,1,0,39,Marnie's Grimmsnarl ex
84797858,Rmy,0,0,149,Dudunsparce
84797858,Moegi,1,1,149,Archaludon ex
84797861,WinDecks,0,1,80,Mega Starmie ex
84797861,THIRD PTCG Club,1,0,80,Fezandipiti ex
84797864,nasuo445,0,1,140,Cynthia's Garchomp ex
84797864,Sota Uchiyama,1,0,140,Marnie's Grimmsnarl ex
84797865,ShumpeiNomura,0,0,196,Archaludon ex
84797865,Yushin Ito,1,1,196,Marnie's Grimmsnarl ex
84797880,nasuo445,0,1,116,Cynthia's Garchomp ex
84797880,渡邊征央,1,0,116,Marnie's Grimmsnarl ex
84797893,Majkel1337,0,1,188,Bloodmoon Ursaluna
84797893,matsurih,1,0,188,Dudunsparce
84797910,tonakaiiii,0,1,197,Marnie's Grimmsnarl ex
84797910,渡邊征央,1,0,197,Marnie's Grimmsnarl ex
84797919,ojicat,0,1,168,Dragapult ex
84797919,Raihan Ramadistra,1,0,168,Mega Kangaskhan ex
84797923,kidekikish,0,0,152,Chandelure
84797923,junlee789,1,1,152,Marnie's Grimmsnarl ex
84798251,koga_poke,0,1,128,Yveltal
84798251,Hase2727,1,0,128,Mega Kangaskhan ex
84798350,zoroark190,0,0,185,Mega Kangaskhan ex
84798350,Majkel1337,1,1,185,Dudunsparce
84798354,Yushin Ito,0,0,303,Marnie's Grimmsnarl ex
84798354,btk15049,1,1,303,Cornerstone Mask Ogerpon ex
84798355,Majkel1337,0,1,129,Bloodmoon Ursaluna
84798355,kuromoka,1,0,129,Cynthia's Garchomp ex
84798358,Hase2727,0,0,38,Mega Kangaskhan ex
84798358,Yushin Ito,1,1,38,Mega Starmie ex
84798359,zoroark190,0,1,167,Mega Kangaskhan ex
84798359,kuromoka,1,0,167,Cynthia's Garchomp ex
84798360,THIRD PTCG Club,0,0,169,Fezandipiti ex
84798360,matsurih,1,1,169,Dudunsparce
84798366,bono,0,1,77,Fezandipiti ex
84798366,WinDecks,1,0,77,Mega Starmie ex
84798367,Raihan Ramadistra,0,0,83,Mega Kangaskhan ex
84798367,WinDecks,1,1,83,Mega Starmie ex
84798372,matsurih,0,1,171,Dudunsparce
84798372,Rmy,1,0,171,Dudunsparce
84798374,btk15049,0,1,306,Cornerstone Mask Ogerpon ex
84798374,kazuki0123,1,0,306,Marnie's Grimmsnarl ex
84798375,kidekikish,0,0,117,Chandelure
84798375,ShumpeiNomura,1,1,117,Archaludon ex
84798377,Michael Long,0,0,214,Fezandipiti ex
84798377,Bozo Boys,1,1,214,Alakazam
84798378,bono,0,1,156,Mega Kangaskhan ex
84798378,tonakaiiii,1,0,156,Marnie's Grimmsnarl ex
84798381,nasuo445,0,0,129,Cynthia's Garchomp ex
84798381,Rmy,1,1,129,Dudunsparce
84798383,Yushin Ito,0,0,161,Mega Starmie ex
84798383,ごんさくよねきち,1,1,161,Marnie's Grimmsnarl ex
84798385,Yushin Ito,0,0,115,Mega Starmie ex
84798385,nasuo445,1,1,115,Cynthia's Garchomp ex
84798394,やる気元気ミワハルキ,0,1,209,Mega Lucario ex
84798394,Bozo Boys,1,0,209,Alakazam
84798423,ojicat,0,0,122,Dragapult ex
84798423,junlee789,1,1,122,Marnie's Grimmsnarl ex
84798438,Rmy,0,1,144,Dudunsparce
84798438,ojicat,1,0,144,Dragapult ex
84798687,wkonishi,0,1,156,Dudunsparce
84798687,渡邊征央,1,0,156,Marnie's Grimmsnarl ex
84798858,Majkel1337,0,0,164,Dudunsparce
84798858,Sota Uchiyama,1,1,164,Marnie's Grimmsnarl ex
84798865,bono,0,0,158,Fezandipiti ex
84798865,Yushin Ito,1,1,158,Marnie's Grimmsnarl ex
84798866,Majkel1337,0,1,148,Bloodmoon Ursaluna
84798866,lmaffei,1,0,148,Mega Lopunny ex
84798869,Ketchum Alt,0,0,239,Dudunsparce
84798869,zoroark190,1,1,239,Mega Kangaskhan ex
84798871,koga_poke,0,1,149,Yveltal
84798871,Yushin Ito,1,0,149,Mega Starmie ex
84798872,bono,0,1,102,Fezandipiti ex
84798872,Star-mine,1,0,102,Chandelure
84798873,THIRD PTCG Club,0,0,195,Fezandipiti ex
84798873,zoroark190,1,1,195,Mega Kangaskhan ex
84798878,WinDecks,0,1,64,Mega Starmie ex
84798878,Banjo,1,0,64,Mega Starmie ex
84798880,Rmy,0,1,93,Dudunsparce
84798880,kuromoka,1,0,93,Cynthia's Garchomp ex
84798884,ShumpeiNomura,0,0,160,Archaludon ex
84798884,nasuo445,1,1,160,Cynthia's Garchomp ex
84798887,MPGaming,0,1,126,Mega Kangaskhan ex
84798887,tonakaiiii,1,0,126,Marnie's Grimmsnarl ex
84798888,Akira-Ninth,0,0,150,Mega Lucario ex
84798888,nasuo445,1,1,150,Cynthia's Garchomp ex
84798891,Michael Long,0,0,157,Fezandipiti ex
84798891,やる気元気ミワハルキ,1,1,157,Mega Lucario ex
84798934,豆本豆豆包,0,0,52,Alakazam
84798934,lmaffei,1,1,52,Mega Lopunny ex
84798938,Hase2727,0,1,175,Mega Kangaskhan ex
84798938,matsurih,1,0,175,Dudunsparce
84799286,Banjo,0,0,80,Mega Starmie ex
84799286,Hase2727,1,1,80,Mega Kangaskhan ex
84799295,THIRD PTCG Club,0,1,144,Fezandipiti ex
84799295,Xander,1,0,144,Archaludon ex
84799367,Star-mine,0,0,135,Chandelure
84799367,Majkel1337,1,1,135,Dudunsparce
84799372,kazuki0123,0,0,142,Marnie's Grimmsnarl ex
84799372,Majkel1337,1,1,142,Bloodmoon Ursaluna
84799373,Yushin Ito,0,1,145,Marnie's Grimmsnarl ex
84799373,Majkel1337,1,0,145,Bloodmoon Ursaluna
84799377,zoroark190,0,0,118,Mega Kangaskhan ex
84799377,LiamK,1,1,118,Teal Mask Ogerpon ex
84799380,bono,0,1,199,Fezandipiti ex
84799380,Majkel1337,1,0,199,Dudunsparce
84799381,zoroark190,0,0,131,Mega Kangaskhan ex
84799381,bono,1,1,131,Mega Kangaskhan ex
84799383,THIRD PTCG Club,0,0,203,Fezandipiti ex
84799383,kazuki0123,1,1,203,Marnie's Grimmsnarl ex
84799385,Yushin Ito,0,1,103,Mega Starmie ex
84799385,kidekikish,1,0,103,Chandelure
84799387,Yushin Ito,0,1,115,Mega Starmie ex
84799387,nasuo445,1,0,115,Cynthia's Garchomp ex
84799388,kidekikish,0,1,109,Chandelure
84799388,Rmy,1,0,109,Dudunsparce
84799389,やる気元気ミワハルキ,0,1,155,Mega Lucario ex
84799389,Sota Uchiyama,1,0,155,Marnie's Grimmsnarl ex
84799396,kazuki0123,0,0,156,Marnie's Grimmsnarl ex
84799396,bono,1,1,156,Mega Kangaskhan ex
84799400,zoroark190,0,0,132,Mega Kangaskhan ex
84799400,tonakaiiii,1,1,132,Marnie's Grimmsnarl ex
84799401,Rmy,0,1,176,Dudunsparce
84799401,ごんさくよねきち,1,0,176,Marnie's Grimmsnarl ex
84799406,matsurih,0,1,164,Dudunsparce
84799406,zoroark190,1,0,164,Mega Kangaskhan ex
84799439,Bozo Boys,0,0,187,Alakazam
84799439,THIRD PTCG Club,1,1,187,Fezandipiti ex
84799440,aaa,0,1,167,Fezandipiti ex
84799440,lmaffei,1,0,167,Mega Lopunny ex
84799633,senkin13,0,1,148,Dudunsparce
84799633,koga_poke,1,0,148,Yveltal
84799870,ShumpeiNomura,0,1,304,Archaludon ex
84799870,Majkel1337,1,0,304,Dudunsparce
84799874,bono,0,1,116,Fezandipiti ex
84799874,Yushin Ito,1,0,116,Marnie's Grimmsnarl ex
84799880,bono,0,1,162,Fezandipiti ex
84799880,btk15049,1,0,162,Cornerstone Mask Ogerpon ex
84799886,nasuo445,0,1,117,Cynthia's Garchomp ex
84799886,WinDecks,1,0,117,Mega Starmie ex
84799890,genki toyama,0,0,120,Mega Lucario ex
84799890,THIRD PTCG Club,1,1,120,Fezandipiti ex
84799897,suwat513,0,0,167,Fezandipiti ex
84799897,tonakaiiii,1,1,167,Marnie's Grimmsnarl ex
84799898,LiamK,0,0,35,Teal Mask Ogerpon ex
84799898,wkonishi,1,1,35,Dudunsparce
84799907,Sota Uchiyama,0,1,179,Marnie's Grimmsnarl ex
84799907,Hase2727,1,0,179,Mega Kangaskhan ex
84799909,trickstar,0,0,95,Fezandipiti ex
84799909,kidekikish,1,1,95,Chandelure
84799918,ShumpeiNomura,0,1,115,Archaludon ex
84799918,Rmy,1,0,115,Dudunsparce
84799928,matsurih,0,0,188,Dudunsparce
84799928,nasuo445,1,1,188,Cynthia's Garchomp ex
84799930,kazuki0123,0,0,146,Marnie's Grimmsnarl ex
84799930,LiamK,1,1,146,Teal Mask Ogerpon ex
84800131,senkin13,0,1,152,Dudunsparce
84800131,Abhyuday,1,0,152,Dudunsparce
84800296,Hase2727,0,0,47,Mega Kangaskhan ex
84800296,Bozo Boys,1,1,47,Alakazam
84800357,wkonishi,0,1,75,Dudunsparce
84800357,Dũng Đỗ,1,0,75,Mega Kangaskhan ex
84800365,Rmy,0,1,193,Dudunsparce
84800365,Majkel1337,1,0,193,Dudunsparce
84800369,Majkel1337,0,0,168,Bloodmoon Ursaluna
84800369,bono,1,1,168,Fezandipiti ex
84800371,Abhyuday,0,0,152,Dudunsparce
84800371,Yushin Ito,1,1,152,Marnie's Grimmsnarl ex
84800373,Rmy,0,1,107,Dudunsparce
84800373,Yushin Ito,1,0,107,Mega Starmie ex
84800375,matsurih,0,1,65,Dudunsparce
84800375,bono,1,0,65,Mega Kangaskhan ex
84800376,btk15049,0,1,189,Cornerstone Mask Ogerpon ex
84800376,THIRD PTCG Club,1,0,189,Fezandipiti ex
84800380,bono,0,0,149,Fezandipiti ex
84800380,nasuo445,1,1,149,Cynthia's Garchomp ex
84800385,tonakaiiii,0,1,199,Marnie's Grimmsnarl ex
84800385,ShumpeiNomura,1,0,199,Archaludon ex
84800388,Rmy,0,1,205,Dudunsparce
84800388,tw_shin,1,0,205,Marnie's Grimmsnarl ex
84800396,豆本豆豆包,0,0,145,Alakazam
84800396,tonakaiiii,1,1,145,Marnie's Grimmsnarl ex
84800397,LiamK,0,0,54,Teal Mask Ogerpon ex
84800397,WinDecks,1,1,54,Mega Starmie ex
84800417,ShumpeiNomura,0,0,109,Archaludon ex
84800417,LiamK,1,1,109,Cornerstone Mask Ogerpon ex
84800418,Michael Long,0,0,148,Fezandipiti ex
84800418,于笑非lilishyxf,1,1,148,Mega Lucario ex
84800429,Rmy,0,0,166,Dudunsparce
84800429,ShumpeiNomura,1,1,166,Archaludon ex
84800441,kazuki0123,0,1,155,Marnie's Grimmsnarl ex
84800441,やる気元気ミワハルキ,1,0,155,Mega Lucario ex
84800467,btk15049,0,0,199,Cornerstone Mask Ogerpon ex
84800467,豆本豆豆包,1,1,199,Alakazam
84800611,yamy893,0,0,130,Chandelure
84800611,senkin13,1,1,130,Dudunsparce
84800704,tw_shin,0,1,163,Marnie's Grimmsnarl ex
84800704,wkonishi,1,0,163,Dudunsparce
84800796,Hase2727,0,1,107,Mega Kangaskhan ex
84800796,ごんさくよねきち,1,0,107,Marnie's Grimmsnarl ex
84800860,Majkel1337,0,1,80,Bloodmoon Ursaluna
84800860,zoroark190,1,0,80,Mega Kangaskhan ex
84800861,tonakaiiii,0,0,251,Marnie's Grimmsnarl ex
84800861,Yushin Ito,1,1,251,Marnie's Grimmsnarl ex
84800863,Majkel1337,0,1,171,Dudunsparce
84800863,Yushin Ito,1,0,171,Marnie's Grimmsnarl ex
84800867,matsurih,0,0,170,Dudunsparce
84800867,bono,1,1,170,Fezandipiti ex
84800871,Bozo Boys,0,0,109,Alakazam
84800871,Yushin Ito,1,1,109,Mega Starmie ex
84800874,bono,0,1,114,Mega Kangaskhan ex
84800874,koga_poke,1,0,114,Yveltal
84800876,THIRD PTCG Club,0,1,96,Fezandipiti ex
84800876,koga_poke,1,0,96,Yveltal
84800877,Hase2727,0,0,61,Mega Kangaskhan ex
84800877,Rmy,1,1,61,Dudunsparce
84800879,WinDecks,0,0,151,Mega Starmie ex
84800879,于笑非lilishyxf,1,1,151,Mega Lucario ex
84800880,Raihan Ramadistra,0,0,112,Mega Kangaskhan ex
84800880,nasuo445,1,1,112,Cynthia's Garchomp ex
84800883,zoroark190,0,0,107,Mega Kangaskhan ex
84800883,ImANoob1122,1,1,107,Mega Lucario ex
84800898,Raihan Ramadistra,0,1,140,Mega Kangaskhan ex
84800898,LiamK,1,0,140,Teal Mask Ogerpon ex
84800903,NoOne,0,1,178,Dudunsparce
84800903,Sota Uchiyama,1,0,178,Marnie's Grimmsnarl ex
84800904,Bozo Boys,0,1,141,Alakazam
84800904,zoroark190,1,0,141,Mega Kangaskhan ex
84800930,senkin13,0,0,176,Dudunsparce
84800930,tonakaiiii,1,1,176,Marnie's Grimmsnarl ex
84800980,lmaffei,0,0,105,Mega Lopunny ex
84800980,btk15049,1,1,105,Cornerstone Mask Ogerpon ex
84801133,btk15049,0,1,157,Cornerstone Mask Ogerpon ex
84801133,senkin13,1,0,157,Dudunsparce
84801203,nasuo445,0,0,105,Cynthia's Garchomp ex
84801203,wkonishi,1,1,105,Dudunsparce
84801295,Hase2727,0,0,119,Mega Kangaskhan ex
84801295,豆本豆豆包,1,1,119,Alakazam
84801348,Michael Long,0,0,191,Fezandipiti ex
84801348,Majkel1337,1,1,191,Dudunsparce
84801355,bono,0,0,82,Mega Kangaskhan ex
84801355,Majkel1337,1,1,82,Bloodmoon Ursaluna
84801358,Bozo Boys,0,1,62,Alakazam
84801358,Yushin Ito,1,0,62,Marnie's Grimmsnarl ex
84801360,bono,0,1,128,Fezandipiti ex
84801360,ojicat,1,0,128,Dragapult ex
84801362,bono,0,0,119,Mega Kangaskhan ex
84801362,Yushin Ito,1,1,119,Mega Starmie ex
84801365,nasuo445,0,1,189,Cynthia's Garchomp ex
84801365,junlee789,1,0,189,Marnie's Grimmsnarl ex
84801374,tonakaiiii,0,1,153,Marnie's Grimmsnarl ex
84801374,Shardul Gharat,1,0,153,Marnie's Grimmsnarl ex
84801377,btk15049,0,0,143,Cornerstone Mask Ogerpon ex
84801377,zoroark190,1,1,143,Mega Kangaskhan ex
84801379,btk15049,0,0,164,Cornerstone Mask Ogerpon ex
84801379,LiamK,1,1,164,Cornerstone Mask Ogerpon ex
84801380,lmaffei,0,0,150,Mega Lopunny ex
84801380,matsurih,1,1,150,Dudunsparce
84801403,kazuki0123,0,1,225,Marnie's Grimmsnarl ex
84801403,Sota Uchiyama,1,0,225,Marnie's Grimmsnarl ex
84801416,Michael Long,0,0,195,Fezandipiti ex
84801416,nasuo445,1,1,195,Cynthia's Garchomp ex
84801418,wkonishi,0,0,138,Dudunsparce
84801418,LiamK,1,1,138,Teal Mask Ogerpon ex
84801423,Sota Uchiyama,0,0,202,Marnie's Grimmsnarl ex
84801423,Michael Long,1,1,202,Fezandipiti ex
84801439,ojicat,0,0,168,Dragapult ex
84801439,kidekikish,1,1,168,Chandelure
84801451,aaa,0,0,140,Fezandipiti ex
84801451,nasuo445,1,1,140,Cynthia's Garchomp ex
84801709,wkonishi,0,1,171,Dudunsparce
84801709,matsurih,1,0,171,Dudunsparce
84801799,Xander,0,0,163,Archaludon ex
84801799,btk15049,1,1,163,Cornerstone Mask Ogerpon ex
84801800,tonakaiiii,0,0,197,Marnie's Grimmsnarl ex
84801800,Hase2727,1,1,197,Mega Kangaskhan ex
84801842,Majkel1337,0,0,127,Dudunsparce
84801842,WinDecks,1,1,127,Mega Starmie ex
84801846,Majkel1337,0,1,162,Bloodmoon Ursaluna
84801846,豆本豆豆包,1,0,162,Alakazam
84801853,Bozo Boys,0,1,168,Alakazam
84801853,bono,1,0,168,Fezandipiti ex
84801855,Yushin Ito,0,1,113,Marnie's Grimmsnarl ex
84801855,Hase2727,1,0,113,Mega Kangaskhan ex
84801859,Yushin Ito,0,1,28,Mega Starmie ex
84801859,Rmy,1,0,28,Dudunsparce
84801863,nasuo445,0,0,149,Cynthia's Garchomp ex
84801863,koga_poke,1,1,149,Yveltal
84801866,THIRD PTCG Club,0,1,121,Fezandipiti ex
84801866,Eduardo Rocha de Andrade,1,0,121,Marnie's Grimmsnarl ex
84801869,bono,0,1,99,Mega Kangaskhan ex
84801869,tonakaiiii,1,0,99,Marnie's Grimmsnarl ex
84801870,Sota Uchiyama,0,0,143,Marnie's Grimmsnarl ex
84801870,bono,1,1,143,Mega Kangaskhan ex
84801875,tonakaiiii,0,0,142,Marnie's Grimmsnarl ex
84801875,zoroark190,1,1,142,Mega Kangaskhan ex
84801877,matsurih,0,0,120,Dudunsparce
84801877,ShumpeiNomura,1,1,120,Archaludon ex
84801880,kazuki0123,0,1,231,Marnie's Grimmsnarl ex
84801880,Bozo Boys,1,0,231,Alakazam
84801887,Yushin Ito,0,0,186,Marnie's Grimmsnarl ex
84801887,LiamK,1,1,186,Teal Mask Ogerpon ex
84801905,junlee789,0,0,129,Marnie's Grimmsnarl ex
84801905,kidekikish,1,1,129,Chandelure
84801921,Michael Long,0,1,132,Fezandipiti ex
84801921,LiamK,1,0,132,Cornerstone Mask Ogerpon ex
84802231,豆本豆豆包,0,1,182,Alakazam
84802231,wkonishi,1,0,182,Dudunsparce
84802246,Bozo Boys,0,1,201,Alakazam
84802246,NoOne,1,0,201,Dudunsparce
84802366,Hase2727,0,0,97,Mega Kangaskhan ex
84802366,Majkel1337,1,1,97,Bloodmoon Ursaluna
84802367,Yushin Ito,0,1,150,Marnie's Grimmsnarl ex
84802367,変化の書ゾロアーク,1,0,150,Alakazam
84802371,bono,0,1,166,Fezandipiti ex
84802371,Rmy,1,0,166,Dudunsparce
84802372,koga_poke,0,0,102,Yveltal
84802372,Yushin Ito,1,1,102,Mega Starmie ex
84802376,noikaret,0,1,23,Cornerstone Mask Ogerpon ex
84802376,bono,1,0,23,Mega Kangaskhan ex
84802377,WinDecks,0,1,79,Mega Starmie ex
84802377,THIRD PTCG Club,1,0,79,Fezandipiti ex
84802379,btk15049,0,0,151,Cornerstone Mask Ogerpon ex
84802379,Rmy,1,1,151,Dudunsparce
84802381,senkin13,0,0,130,Dudunsparce
84802381,nasuo445,1,1,130,Cynthia's Garchomp ex
84802386,zoroark190,0,0,96,Mega Kangaskhan ex
84802386,Moegi,1,1,96,Archaludon ex
84802388,tonakaiiii,0,0,194,Marnie's Grimmsnarl ex
84802388,aaa,1,1,194,Fezandipiti ex
84802391,matsurih,0,0,113,Dudunsparce
84802391,WinDecks,1,1,113,Mega Starmie ex
84802396,Bozo Boys,0,0,179,Alakazam
84802396,tw_shin,1,1,179,Marnie's Grimmsnarl ex
84802412,kidekikish,0,0,81,Chandelure
84802412,nasuo445,1,1,81,Cynthia's Garchomp ex
84802423,nasuo445,0,0,163,Cynthia's Garchomp ex
84802423,Michael Long,1,1,163,Fezandipiti ex
84802739,Kohenyan,0,0,185,Alakazam
84802739,wkonishi,1,1,185,Dudunsparce
84802860,Majkel1337,0,1,227,Dudunsparce
84802860,Rmy,1,0,227,Dudunsparce
84802864,Majkel1337,0,1,122,Bloodmoon Ursaluna
84802864,WinDecks,1,0,122,Mega Starmie ex
84802868,bono,0,1,182,Fezandipiti ex
84802868,aaa,1,0,182,Fezandipiti ex
84802870,koga_poke,0,0,147,Yveltal
84802870,Yushin Ito,1,1,147,Marnie's Grimmsnarl ex
84802874,Yushin Ito,0,0,125,Mega Starmie ex
84802874,渡邊征央,1,1,125,Marnie's Grimmsnarl ex
84802875,nasuo445,0,1,183,Cynthia's Garchomp ex
84802875,ShumpeiNomura,1,0,183,Archaludon ex
84802877,bono,0,0,167,Mega Kangaskhan ex
84802877,WinDecks,1,1,167,Mega Starmie ex
84802879,THIRD PTCG Club,0,1,177,Fezandipiti ex
84802879,aaa,1,0,177,Fezandipiti ex
84802883,Rmy,0,0,120,Dudunsparce
84802883,koga_poke,1,1,120,Yveltal
84802884,nasuo445,0,1,136,Cynthia's Garchomp ex
84802884,bono,1,0,136,Mega Kangaskhan ex
84802889,wkonishi,0,1,54,Dudunsparce
84802889,zoroark190,1,0,54,Mega Kangaskhan ex
84802890,于笑非lilishyxf,0,1,157,Mega Lucario ex
84802890,ShumpeiNomura,1,0,157,Archaludon ex
84802891,tonakaiiii,0,1,72,Marnie's Grimmsnarl ex
84802891,ShumpeiNomura,1,0,72,Archaludon ex
84802892,渡邊征央,0,1,175,Marnie's Grimmsnarl ex
84802892,Bozo Boys,1,0,175,Alakazam
84802902,Michael Long,0,1,182,Fezandipiti ex
84802902,wally0593,1,0,182,Dudunsparce
84802903,NoOne,0,0,176,Dudunsparce
84802903,kazuki0123,1,1,176,Marnie's Grimmsnarl ex
84802904,Raihan Ramadistra,0,0,42,Mega Kangaskhan ex
84802904,matsurih,1,1,42,Dudunsparce
84802948,aaa,0,1,163,Fezandipiti ex
84802948,btk15049,1,0,163,Cornerstone Mask Ogerpon ex
84803165,senkin13,0,1,135,Dudunsparce
84803165,Hase2727,1,0,135,Mega Kangaskhan ex
84803251,wkonishi,0,0,214,Dudunsparce
84803251,btk15049,1,1,214,Cornerstone Mask Ogerpon ex
84803368,Majkel1337,0,1,119,Bloodmoon Ursaluna
84803368,ShumpeiNomura,1,0,119,Archaludon ex
84803369,LiamK,0,0,30,Teal Mask Ogerpon ex
84803369,Majkel1337,1,1,30,Dudunsparce
84803375,Yushin Ito,0,1,106,Marnie's Grimmsnarl ex
84803375,THIRD PTCG Club,1,0,106,Fezandipiti ex
84803377,Yushin Ito,0,0,185,Mega Starmie ex
84803377,渡邊征央,1,1,185,Marnie's Grimmsnarl ex
84803380,豆本豆豆包,0,0,101,Alakazam
84803380,WinDecks,1,1,101,Mega Starmie ex
84803381,nasuo445,0,1,202,Cynthia's Garchomp ex
84803381,Michael Long,1,0,202,Fezandipiti ex
84803387,Rmy,0,0,169,Dudunsparce
84803387,aaa,1,1,169,Fezandipiti ex
84803392,tonakaiiii,0,1,158,Marnie's Grimmsnarl ex
84803392,Akira-Ninth,1,0,158,Mega Lucario ex
84803393,monnu,0,1,65,Dudunsparce
84803393,bono,1,0,65,Mega Kangaskhan ex
84803397,Bozo Boys,0,1,168,Alakazam
84803397,THIRD PTCG Club,1,0,168,Fezandipiti ex
84803400,Sota Uchiyama,0,1,139,Marnie's Grimmsnarl ex
84803400,LiamK,1,0,139,Cornerstone Mask Ogerpon ex
84803402,zoroark190,0,0,135,Mega Kangaskhan ex
84803402,Michael Long,1,1,135,Fezandipiti ex
84803403,LiamK,0,1,89,Teal Mask Ogerpon ex
84803403,koga_poke,1,0,89,Yveltal
84803413,THIRD PTCG Club,0,0,176,Fezandipiti ex
84803413,Bozo Boys,1,1,176,Alakazam
84803414,matsurih,0,1,162,Dudunsparce
84803414,suwat513,1,0,162,Fezandipiti ex
84803420,ShumpeiNomura,0,1,123,Archaludon ex
84803420,WinDecks,1,0,123,Mega Starmie ex
84803686,豆本豆豆包,0,1,397,Alakazam
84803686,senkin13,1,0,397,Dudunsparce
84803763,渡邊征央,0,1,117,Marnie's Grimmsnarl ex
84803763,wkonishi,1,0,117,Dudunsparce
84803856,suwat513,0,0,175,Fezandipiti ex
84803856,Majkel1337,1,1,175,Bloodmoon Ursaluna
84803863,bono,0,1,181,Fezandipiti ex
84803863,nasuo445,1,0,181,Cynthia's Garchomp ex
84803868,nasuo445,0,0,188,Cynthia's Garchomp ex
84803868,于笑非lilishyxf,1,1,188,Mega Lucario ex
84803869,THIRD PTCG Club,0,1,168,Fezandipiti ex
84803869,aaa,1,0,168,Fezandipiti ex
84803878,Rmy,0,0,103,Dudunsparce
84803878,kidekikish,1,1,103,Chandelure
84803880,kazuki0123,0,0,285,Marnie's Grimmsnarl ex
84803880,tonakaiiii,1,1,285,Marnie's Grimmsnarl ex
84803881,Yushin Ito,0,1,104,Mega Starmie ex
84803881,Bozo Boys,1,0,104,Alakazam
84803882,Bozo Boys,0,0,154,Alakazam
84803882,bono,1,1,154,Mega Kangaskhan ex
84803887,kazuki0123,0,0,221,Marnie's Grimmsnarl ex
84803887,LiamK,1,1,221,Cornerstone Mask Ogerpon ex
84803890,やる気元気ミワハルキ,0,0,199,Mega Lucario ex
84803890,Michael Long,1,1,199,Fezandipiti ex
84803899,ShumpeiNomura,0,0,466,Archaludon ex
84803899,Rmy,1,1,466,Dudunsparce
84803915,Kohenyan,0,1,154,Alakazam
84803915,Yushin Ito,1,0,154,Marnie's Grimmsnarl ex
84803939,豆本豆豆包,0,1,85,Alakazam
84803939,LiamK,1,0,85,Teal Mask Ogerpon ex
84803964,ojicat,0,1,199,Dragapult ex
84803964,btk15049,1,0,199,Cornerstone Mask Ogerpon ex
84803973,nasuo445,0,1,190,Cynthia's Garchomp ex
84803973,Bozo Boys,1,0,190,Alakazam
84804374,matsurih,0,1,167,Dudunsparce
84804374,Majkel1337,1,0,167,Dudunsparce
84804375,bono,0,0,50,Mega Kangaskhan ex
84804375,Majkel1337,1,1,50,Bloodmoon Ursaluna
84804380,kazuki0123,0,1,267,Marnie's Grimmsnarl ex
84804380,Yushin Ito,1,0,267,Marnie's Grimmsnarl ex
84804384,bono,0,0,210,Fezandipiti ex
84804384,nasuo445,1,1,210,Cynthia's Garchomp ex
84804388,THIRD PTCG Club,0,1,115,Fezandipiti ex
84804388,Yushin Ito,1,0,115,Mega Starmie ex
84804392,Yushin Ito,0,0,98,Mega Starmie ex
84804392,nasuo445,1,1,98,Cynthia's Garchomp ex
84804399,THIRD PTCG Club,0,1,183,Fezandipiti ex
84804399,aidy,1,0,183,Dudunsparce
84804400,bono,0,1,149,Mega Kangaskhan ex
84804400,junlee789,1,0,149,Marnie's Grimmsnarl ex
84804403,Rmy,0,1,192,Dudunsparce
84804403,Michael Long,1,0,192,Fezandipiti ex
84804405,koga_poke,0,1,140,Yveltal
84804405,zoroark190,1,0,140,Mega Kangaskhan ex
84804420,tonakaiiii,0,1,31,Marnie's Grimmsnarl ex
84804420,Bozo Boys,1,0,31,Alakazam
84804426,matsurih,0,0,180,Dudunsparce
84804426,tonakaiiii,1,1,180,Marnie's Grimmsnarl ex
84804489,渡邊征央,0,0,114,Marnie's Grimmsnarl ex
84804489,LiamK,1,1,114,Teal Mask Ogerpon ex
84804800,wkonishi,0,1,190,Dudunsparce
84804800,zoroark190,1,0,190,Mega Kangaskhan ex
84804807,wkonishi,0,1,167,Dudunsparce
84804807,bono,1,0,167,Fezandipiti ex
84804811,LiamK,0,1,242,Teal Mask Ogerpon ex
84804811,Majkel1337,1,0,242,Dudunsparce
84804813,Yushin Ito,0,0,111,Marnie's Grimmsnarl ex
84804813,LiamK,1,1,111,Teal Mask Ogerpon ex
84804817,nasuo445,0,1,130,Cynthia's Garchomp ex
84804817,Sota Uchiyama,1,0,130,Marnie's Grimmsnarl ex
84804827,WinDecks,0,1,89,Mega Starmie ex
84804827,shosemaru,1,0,89,Dudunsparce
84804831,Yushin Ito,0,1,54,Mega Starmie ex
84804831,Xander,1,0,54,Archaludon ex
84804833,wally0593,0,1,74,Dudunsparce
84804833,bono,1,0,74,Mega Kangaskhan ex
84804856,kazuki0123,0,0,245,Marnie's Grimmsnarl ex
84804856,junlee789,1,1,245,Marnie's Grimmsnarl ex
84804880,matsurih,0,1,177,Dudunsparce
84804880,Rmy,1,0,177,Dudunsparce
84804893,junlee789,0,0,199,Marnie's Grimmsnarl ex
84804893,btk15049,1,1,199,Cornerstone Mask Ogerpon ex
84804931,tonakaiiii,0,0,174,Marnie's Grimmsnarl ex
84804931,Majkel1337,1,1,174,Bloodmoon Ursaluna
84804961,LiamK,0,1,136,Teal Mask Ogerpon ex
84804961,aaa,1,0,136,Fezandipiti ex
84804980,Majkel1337,0,1,196,Dudunsparce
84804980,THIRD PTCG Club,1,0,196,Fezandipiti ex
84804999,渡邊征央,0,1,144,Marnie's Grimmsnarl ex
84804999,Bozo Boys,1,0,144,Alakazam
84805002,THIRD PTCG Club,0,0,128,Fezandipiti ex
84805002,Sota Uchiyama,1,1,128,Marnie's Grimmsnarl ex
84805388,Majkel1337,0,1,292,Bloodmoon Ursaluna
84805388,Yushin Ito,1,0,292,Marnie's Grimmsnarl ex
84805391,Majkel1337,0,0,182,Dudunsparce
84805391,bono,1,1,182,Fezandipiti ex
84805393,tonakaiiii,0,0,138,Marnie's Grimmsnarl ex
84805393,bono,1,1,138,Fezandipiti ex
84805394,bono,0,1,189,Fezandipiti ex
84805394,Yushin Ito,1,0,189,Marnie's Grimmsnarl ex
84805397,koga_poke,0,0,176,Yveltal
84805397,nasuo445,1,1,176,Cynthia's Garchomp ex
84805401,Yushin Ito,0,1,37,Mega Starmie ex
84805401,Raihan Ramadistra,1,0,37,Mega Kangaskhan ex
84805404,jiatu.l,0,0,206,Marnie's Grimmsnarl ex
84805404,THIRD PTCG Club,1,1,206,Fezandipiti ex
84805405,tonakaiiii,0,1,106,Marnie's Grimmsnarl ex
84805405,WinDecks,1,0,106,Mega Starmie ex
84805409,LiamK,0,0,130,Cornerstone Mask Ogerpon ex
84805409,Hase2727,1,1,130,Mega Kangaskhan ex
84805411,Banjo,0,0,98,Mega Starmie ex
84805411,LiamK,1,1,98,Teal Mask Ogerpon ex
84805412,Rmy,0,1,139,Dudunsparce
84805412,やる気元気ミワハルキ,1,0,139,Mega Lucario ex
84805436,渡邊征央,0,1,160,Marnie's Grimmsnarl ex
84805436,kidekikish,1,0,160,Chandelure
84805448,ShumpeiNomura,0,1,175,Archaludon ex
84805448,ojicat,1,0,175,Dragapult ex
84805489,Xander,0,0,30,Archaludon ex
84805489,Sota Uchiyama,1,1,30,Marnie's Grimmsnarl ex
84805491,btk15049,0,1,135,Cornerstone Mask Ogerpon ex
84805491,やる気元気ミワハルキ,1,0,135,Mega Lucario ex
84805806,junlee789,0,0,142,Marnie's Grimmsnarl ex
84805806,wkonishi,1,1,142,Dudunsparce
84805888,bono,0,0,168,Mega Kangaskhan ex
84805888,Majkel1337,1,1,168,Dudunsparce
84805892,tonakaiiii,0,1,39,Marnie's Grimmsnarl ex
84805892,nasuo445,1,0,39,Cynthia's Garchomp ex
84805896,wkonishi,0,1,88,Dudunsparce
84805896,WinDecks,1,0,88,Mega Starmie ex
84805904,LiamK,0,1,91,Teal Mask Ogerpon ex
84805904,Xander,1,0,91,Archaludon ex
84805906,于笑非lilishyxf,0,0,24,Mega Lucario ex
84805906,Yushin Ito,1,1,24,Mega Starmie ex
84805907,wkonishi,0,0,177,Dudunsparce
84805907,Majkel1337,1,1,177,Bloodmoon Ursaluna
84805908,kuromoka,0,0,167,Cynthia's Garchomp ex
84805908,bono,1,1,167,Mega Kangaskhan ex
84805909,tonakaiiii,0,1,178,Marnie's Grimmsnarl ex
84805909,Yudai Ueno,1,0,178,Marnie's Grimmsnarl ex
84805918,tonakaiiii,0,1,128,Marnie's Grimmsnarl ex
84805918,matsurih,1,0,128,Dudunsparce
84805935,aaa,0,0,170,Fezandipiti ex
84805935,bono,1,1,170,Fezandipiti ex
84805980,bono,0,1,109,Fezandipiti ex
84805980,kidekikish,1,0,109,Chandelure
84806302,Ajishio,0,1,93,Alakazam
84806302,wkonishi,1,0,93,Dudunsparce
84806383,Majkel1337,0,1,131,Bloodmoon Ursaluna
84806383,Yushin Ito,1,0,131,Mega Starmie ex
84806387,Majkel1337,0,0,171,Dudunsparce
84806387,tonakaiiii,1,1,171,Marnie's Grimmsnarl ex
84806397,Yushin Ito,0,1,79,Mega Starmie ex
84806397,豆本豆豆包,1,0,79,Alakazam
84806401,ごんさくよねきち,0,1,159,Marnie's Grimmsnarl ex
84806401,nasuo445,1,0,159,Cynthia's Garchomp ex
84806403,Ajishio,0,1,79,Alakazam
84806403,WinDecks,1,0,79,Mega Starmie ex
84806405,THIRD PTCG Club,0,0,115,Fezandipiti ex
84806405,LiamK,1,1,115,Cornerstone Mask Ogerpon ex
84806414,LiamK,0,1,183,Teal Mask Ogerpon ex
84806414,trickstar,1,0,183,Fezandipiti ex
84806418,koga_poke,0,1,130,Yveltal
84806418,Rmy,1,0,130,Dudunsparce
84806806,wkonishi,0,1,148,Dudunsparce
84806806,Sota Uchiyama,1,0,148,Marnie's Grimmsnarl ex
84806879,Majkel1337,0,0,193,Bloodmoon Ursaluna
84806879,Abhyuday,1,1,193,Dudunsparce
84806884,bono,0,1,158,Fezandipiti ex
84806884,渡邊征央,1,0,158,Marnie's Grimmsnarl ex
84806886,Majkel1337,0,0,210,Dudunsparce
84806886,wkonishi,1,1,210,Dudunsparce
84806891,tonakaiiii,0,0,126,Marnie's Grimmsnarl ex
84806891,Yushin Ito,1,1,126,Mega Starmie ex
84806895,yamy893,0,0,117,Chandelure
84806895,Yushin Ito,1,1,117,Marnie's Grimmsnarl ex
84806900,THIRD PTCG Club,0,1,193,Fezandipiti ex
84806900,Oleksandr_Savsunenko,1,0,193,Dudunsparce
84806902,lmaffei,0,1,134,Mega Lopunny ex
84806902,LiamK,1,0,134,Teal Mask Ogerpon ex
84806906,wally0593,0,0,332,Dudunsparce
84806906,LiamK,1,1,332,Cornerstone Mask Ogerpon ex
84806909,Sota Uchiyama,0,1,178,Marnie's Grimmsnarl ex
84806909,bono,1,0,178,Mega Kangaskhan ex
84806911,Rmy,0,1,168,Dudunsparce
84806911,chamboabi,1,0,168,Mega Starmie ex
84806932,matsurih,0,0,156,Dudunsparce
84806932,aaa,1,1,156,Fezandipiti ex
84806958,koga_poke,0,1,118,Yveltal
84806958,ShumpeiNomura,1,0,118,Archaludon ex
84806970,tonakaiiii,0,0,143,Marnie's Grimmsnarl ex
84806970,kidekikish,1,1,143,Chandelure
84806983,Bozo Boys,0,0,192,Alakazam
84806983,Michael Long,1,1,192,Fezandipiti ex
84806990,Dũng Đỗ,0,1,131,Mega Kangaskhan ex
84806990,Sota Uchiyama,1,0,131,Marnie's Grimmsnarl ex
84807303,ImANoob1122,0,1,181,Mega Lucario ex
84807303,wkonishi,1,0,181,Dudunsparce
84807374,Majkel1337,0,1,91,Bloodmoon Ursaluna
84807374,bono,1,0,91,Mega Kangaskhan ex
84807376,やる気元気ミワハルキ,0,1,140,Mega Lucario ex
84807376,bono,1,0,140,Fezandipiti ex
84807380,Majkel1337,0,0,63,Dudunsparce
84807380,Yushin Ito,1,1,63,Mega Starmie ex
84807383,Yushin Ito,0,0,188,Marnie's Grimmsnarl ex
84807383,bono,1,1,188,Mega Kangaskhan ex
84807386,BluezLee,0,1,172,Dudunsparce
84807386,Yushin Ito,1,0,172,Mega Starmie ex
84807387,THIRD PTCG Club,0,1,180,Fezandipiti ex
84807387,nasuo445,1,0,180,Cynthia's Garchomp ex
84807389,THIRD PTCG Club,0,1,149,Fezandipiti ex
84807389,trickstar,1,0,149,Fezandipiti ex
84807400,LiamK,0,1,163,Teal Mask Ogerpon ex
84807400,bono,1,0,163,Mega Kangaskhan ex
84807402,Michael Long,0,0,168,Fezandipiti ex
84807402,trickstar,1,1,168,Fezandipiti ex
84807465,kidekikish,0,0,128,Chandelure
84807465,Michael Long,1,1,128,Fezandipiti ex
84807793,wkonishi,0,1,146,Dudunsparce
84807793,Yudai Ueno,1,0,146,Marnie's Grimmsnarl ex
84807864,bono,0,1,143,Fezandipiti ex
84807864,Mateusz Pawełczuk,1,0,143,Marnie's Grimmsnarl ex
84807866,Majkel1337,0,1,172,Bloodmoon Ursaluna
84807866,Michael Long,1,0,172,Fezandipiti ex
84807868,Majkel1337,0,1,113,Dudunsparce
84807868,koga_poke,1,0,113,Yveltal
84807872,kuromoka,0,0,99,Cynthia's Garchomp ex
84807872,Yushin Ito,1,1,99,Mega Starmie ex
84807874,Yushin Ito,0,1,157,Marnie's Grimmsnarl ex
84807874,nasuo445,1,0,157,Cynthia's Garchomp ex
84807875,THIRD PTCG Club,0,0,167,Fezandipiti ex
84807875,Michael Long,1,1,167,Fezandipiti ex
84807877,nasuo445,0,1,139,Cynthia's Garchomp ex
84807877,LiamK,1,0,139,Cornerstone Mask Ogerpon ex
84807879,LiamK,0,1,162,Cornerstone Mask Ogerpon ex
84807879,Yushin Ito,1,0,162,Mega Starmie ex
84807883,WinDecks,0,1,95,Mega Starmie ex
84807883,aaa,1,0,95,Fezandipiti ex
84807884,ojicat,0,0,145,Dragapult ex
84807884,Rmy,1,1,145,Dudunsparce
84807889,Michael Long,0,1,120,Fezandipiti ex
84807889,Kento Umeda,1,0,120,Dudunsparce
84807896,渡邊征央,0,0,85,Marnie's Grimmsnarl ex
84807896,bono,1,1,85,Mega Kangaskhan ex
84807902,豆本豆豆包,0,1,224,Alakazam
84807902,btk15049,1,0,224,Cornerstone Mask Ogerpon ex
84807912,btk15049,0,0,190,Cornerstone Mask Ogerpon ex
84807912,豆本豆豆包,1,1,190,Alakazam
84807961,tonakaiiii,0,1,154,Marnie's Grimmsnarl ex
84807961,Sota Uchiyama,1,0,154,Marnie's Grimmsnarl ex
84807968,MPGaming,0,1,99,Mega Kangaskhan ex
84807968,Sota Uchiyama,1,0,99,Marnie's Grimmsnarl ex
84807989,aaa,0,0,175,Fezandipiti ex
84807989,ShumpeiNomura,1,1,175,Archaludon ex
84808294,suwat513,0,0,171,Fezandipiti ex
84808294,wkonishi,1,1,171,Dudunsparce
84808359,bono,0,1,215,Fezandipiti ex
84808359,Majkel1337,1,0,215,Bloodmoon Ursaluna
84808366,koga_poke,0,1,99,Yveltal
84808366,bono,1,0,99,Fezandipiti ex
84808367,lmaffei,0,1,228,Mega Lopunny ex
84808367,Majkel1337,1,0,228,Dudunsparce
84808373,wkonishi,0,1,98,Dudunsparce
84808373,Yushin Ito,1,0,98,Mega Starmie ex
84808376,Abhyuday,0,1,131,Dudunsparce
84808376,Yushin Ito,1,0,131,Marnie's Grimmsnarl ex
84808377,nasuo445,0,1,200,Cynthia's Garchomp ex
84808377,bono,1,0,200,Fezandipiti ex
84808378,THIRD PTCG Club,0,1,123,Fezandipiti ex
84808378,mitomeat823,1,0,123,Mega Lucario ex
84808381,LiamK,0,0,461,Cornerstone Mask Ogerpon ex
84808381,Bozo Boys,1,1,461,Alakazam
84808386,wkonishi,0,0,163,Dudunsparce
84808386,Rmy,1,1,163,Dudunsparce
84808387,bono,0,1,138,Fezandipiti ex
84808387,tonakaiiii,1,0,138,Marnie's Grimmsnarl ex
84808389,matsurih,0,1,144,Dudunsparce
84808389,bono,1,0,144,Mega Kangaskhan ex
84808391,Kohenyan,0,0,174,Alakazam
84808391,kazuki0123,1,1,174,Marnie's Grimmsnarl ex
84808430,matsurih,0,0,75,Dudunsparce
84808430,WinDecks,1,1,75,Mega Starmie ex
84808480,ごんさくよねきち,0,0,143,Marnie's Grimmsnarl ex
84808480,zoroark190,1,1,143,Mega Kangaskhan ex
84808805,Yushin Ito,0,1,156,Marnie's Grimmsnarl ex
84808805,wkonishi,1,0,156,Dudunsparce
84808862,Majkel1337,0,1,68,Bloodmoon Ursaluna
84808862,nasuo445,1,0,68,Cynthia's Garchomp ex
84808871,Majkel1337,0,1,149,Dudunsparce
84808871,THIRD PTCG Club,1,0,149,Fezandipiti ex
84808876,MPGaming,0,0,116,Mega Kangaskhan ex
84808876,Yushin Ito,1,1,116,Mega Starmie ex
84808877,kazuki0123,0,0,124,Marnie's Grimmsnarl ex
84808877,Yushin Ito,1,1,124,Marnie's Grimmsnarl ex
84808881,ごんさくよねきち,0,0,148,Marnie's Grimmsnarl ex
84808881,THIRD PTCG Club,1,1,148,Fezandipiti ex
84808884,LiamK,0,1,152,Cornerstone Mask Ogerpon ex
84808884,kidekikish,1,0,152,Chandelure
84808886,WinDecks,0,1,155,Mega Starmie ex
84808886,junlee789,1,0,155,Marnie's Grimmsnarl ex
84808895,Xander,0,0,124,Archaludon ex
84808895,bono,1,1,124,Mega Kangaskhan ex
84808898,ごんさくよねきち,0,1,153,Marnie's Grimmsnarl ex
84808898,Michael Long,1,0,153,Fezandipiti ex
84808909,Michael Long,0,1,107,Fezandipiti ex
84808909,btk15049,1,0,107,Cornerstone Mask Ogerpon ex
84808918,btk15049,0,0,203,Cornerstone Mask Ogerpon ex
84808918,kuromoka,1,1,203,Cynthia's Garchomp ex
84808919,wally0593,0,1,130,Dudunsparce
84808919,tonakaiiii,1,0,130,Marnie's Grimmsnarl ex
84808940,junlee789,0,0,135,Marnie's Grimmsnarl ex
84808940,zoroark190,1,1,135,Mega Kangaskhan ex
84809298,koga_poke,0,0,97,Yveltal
84809298,wkonishi,1,1,97,Dudunsparce
84809351,Yushin Ito,0,0,124,Mega Starmie ex
84809351,Majkel1337,1,1,124,Bloodmoon Ursaluna
84809363,Majkel1337,0,1,161,Dudunsparce
84809363,hoshippi,1,0,161,Marnie's Grimmsnarl ex
84809367,Michael Long,0,0,101,Fezandipiti ex
84809367,Yushin Ito,1,1,101,Mega Starmie ex
84809369,Yushin Ito,0,1,134,Marnie's Grimmsnarl ex
84809369,Bozo Boys,1,0,134,Alakazam
84809372,lmaffei,0,0,142,Mega Lopunny ex
84809372,THIRD PTCG Club,1,1,142,Fezandipiti ex
84809373,Michael Long,0,1,180,Fezandipiti ex
84809373,Rmy,1,0,180,Dudunsparce
84809374,BluezLee,0,1,192,Dudunsparce
84809374,LiamK,1,0,192,Cornerstone Mask Ogerpon ex
84809375,LiamK,0,0,99,Cornerstone Mask Ogerpon ex
84809375,WinDecks,1,1,99,Mega Starmie ex
84809376,nasuo445,0,1,106,Cynthia's Garchomp ex
84809376,junlee789,1,0,106,Marnie's Grimmsnarl ex
84809378,tonakaiiii,0,0,178,Marnie's Grimmsnarl ex
84809378,nasuo445,1,1,178,Cynthia's Garchomp ex
84809381,LiamK,0,0,66,Teal Mask Ogerpon ex
84809381,bono,1,1,66,Mega Kangaskhan ex
84809399,nasuo445,0,0,160,Cynthia's Garchomp ex
84809399,Michael Long,1,1,160,Fezandipiti ex
84809433,matsurih,0,1,164,Dudunsparce
84809433,Kento Umeda,1,0,164,Dudunsparce
84809815,Majkel1337,0,0,180,Bloodmoon Ursaluna
84809815,LiamK,1,1,180,Cornerstone Mask Ogerpon ex
84809819,wkonishi,0,1,208,Dudunsparce
84809819,Rmy,1,0,208,Dudunsparce
84809825,bono,0,0,137,Fezandipiti ex
84809825,渡邊征央,1,1,137,Marnie's Grimmsnarl ex
84809838,capbloo,0,0,122,Alakazam
84809838,Yushin Ito,1,1,122,Mega Starmie ex
84809842,THIRD PTCG Club,0,0,199,Fezandipiti ex
84809842,豆本豆豆包,1,1,199,Alakazam
84809851,nasuo445,0,1,74,Cynthia's Garchomp ex
84809851,LiamK,1,0,74,Teal Mask Ogerpon ex
84809855,junlee789,0,1,157,Marnie's Grimmsnarl ex
84809855,tonakaiiii,1,0,157,Marnie's Grimmsnarl ex
84809861,LiamK,0,1,188,Cornerstone Mask Ogerpon ex
84809861,渡邊征央,1,0,188,Marnie's Grimmsnarl ex
84809873,trickstar,0,1,218,Fezandipiti ex
84809873,Majkel1337,1,0,218,Dudunsparce
84809883,nasuo445,0,0,137,Cynthia's Garchomp ex
84809883,zoroark190,1,1,137,Mega Kangaskhan ex
84809890,Rmy,0,0,200,Dudunsparce
84809890,bono,1,1,200,Mega Kangaskhan ex
84809905,Michael Long,0,1,128,Fezandipiti ex
84809905,lmaffei,1,0,128,Mega Lopunny ex
84810284,WinDecks,0,1,118,Mega Starmie ex
84810284,wkonishi,1,0,118,Dudunsparce
84810323,Majkel1337,0,1,189,Bloodmoon Ursaluna
84810323,wkonishi,1,0,189,Dudunsparce
84810332,ごんさくよねきち,0,1,204,Marnie's Grimmsnarl ex
84810332,bono,1,0,204,Fezandipiti ex
84810336,aaa,0,1,192,Fezandipiti ex
84810336,Majkel1337,1,0,192,Dudunsparce
84810338,Yushin Ito,0,0,133,Mega Starmie ex
84810338,ごんさくよねきち,1,1,133,Marnie's Grimmsnarl ex
84810339,Yushin Ito,0,1,102,Marnie's Grimmsnarl ex
84810339,Rmy,1,0,102,Dudunsparce
84810345,THIRD PTCG Club,0,0,180,Fezandipiti ex
84810345,wally0593,1,1,180,Dudunsparce
84810347,WinDecks,0,1,77,Mega Starmie ex
84810347,Bozo Boys,1,0,77,Alakazam
84810349,btk15049,0,0,206,Cornerstone Mask Ogerpon ex
84810349,LiamK,1,1,206,Cornerstone Mask Ogerpon ex
84810351,bono,0,1,157,Mega Kangaskhan ex
84810351,Gotem Penguin,1,0,157,Mega Froslass ex
84810353,kazuki0123,0,0,203,Marnie's Grimmsnarl ex
84810353,nasuo445,1,1,203,Cynthia's Garchomp ex
84810354,Michael Long,0,1,150,Fezandipiti ex
84810354,渡邊征央,1,0,150,Marnie's Grimmsnarl ex
84810358,matsurih,0,0,186,Dudunsparce
84810358,Bozo Boys,1,1,186,Alakazam
84810359,LiamK,0,0,129,Teal Mask Ogerpon ex
84810359,やる気元気ミワハルキ,1,1,129,Mega Lucario ex
84810361,trickstar,0,0,121,Fezandipiti ex
84810361,tonakaiiii,1,1,121,Marnie's Grimmsnarl ex
84810385,btk15049,0,1,199,Cornerstone Mask Ogerpon ex
84810385,박강찬,1,0,199,Cynthia's Garchomp ex
84810673,tonakaiiii,0,1,132,Marnie's Grimmsnarl ex
84810673,Majkel1337,1,0,132,Bloodmoon Ursaluna
84810684,bono,0,1,141,Fezandipiti ex
84810684,tonakaiiii,1,0,141,Marnie's Grimmsnarl ex
84810690,Yushin Ito,0,1,67,Marnie's Grimmsnarl ex
84810690,kazuki0123,1,0,67,Marnie's Grimmsnarl ex
84810692,MPGaming,0,0,99,Mega Kangaskhan ex
84810692,Majkel1337,1,1,99,Dudunsparce
84810699,Yushin Ito,0,1,93,Mega Starmie ex
84810699,tonakaiiii,1,0,93,Marnie's Grimmsnarl ex
84810706,LiamK,0,1,122,Cornerstone Mask Ogerpon ex
84810706,Rmy,1,0,122,Dudunsparce
84810712,matsurih,0,1,104,Dudunsparce
84810712,koga_poke,1,0,104,Yveltal
84810719,zoroark190,0,0,140,Mega Kangaskhan ex
84810719,豆本豆豆包,1,1,140,Alakazam
84810826,wkonishi,0,0,191,Dudunsparce
84810826,aaa,1,1,191,Fezandipiti ex
84810845,Klein Houmani,0,0,143,Fezandipiti ex
84810845,THIRD PTCG Club,1,1,143,Fezandipiti ex
84810848,WinDecks,0,1,113,Mega Starmie ex
84810848,やる気元気ミワハルキ,1,0,113,Mega Lucario ex
84810851,ImANoob1122,0,0,151,Mega Lucario ex
84810851,bono,1,1,151,Mega Kangaskhan ex
84810853,nasuo445,0,1,167,Cynthia's Garchomp ex
84810853,박강찬,1,0,167,Cynthia's Garchomp ex
84810856,btk15049,0,0,116,Cornerstone Mask Ogerpon ex
84810856,WinDecks,1,1,116,Mega Starmie ex
84810878,ImANoob1122,0,1,133,Mega Lucario ex
84810878,tonakaiiii,1,0,133,Marnie's Grimmsnarl ex
84810902,Michael Long,0,0,160,Fezandipiti ex
84810902,zoroark190,1,1,160,Mega Kangaskhan ex
84810908,lmaffei,0,1,167,Mega Lopunny ex
84810908,Sota Uchiyama,1,0,167,Marnie's Grimmsnarl ex
84810927,aaa,0,0,91,Fezandipiti ex
84810927,koga_poke,1,1,91,Yveltal
84811126,박강찬,0,1,179,Cynthia's Garchomp ex
84811126,Michael Long,1,0,179,Fezandipiti ex
84811297,wkonishi,0,1,184,Dudunsparce
84811297,カドラバ Kadoraba,1,0,184,Fezandipiti ex
84811317,bono,0,0,18,Mega Kangaskhan ex
84811317,Majkel1337,1,1,18,Bloodmoon Ursaluna
84811328,Yushin Ito,0,1,119,Marnie's Grimmsnarl ex
84811328,kidekikish,1,0,119,Chandelure
84811329,bono,0,1,205,Fezandipiti ex
84811329,豆本豆豆包,1,0,205,Alakazam
84811332,THIRD PTCG Club,0,1,29,Fezandipiti ex
84811332,カドラバ Kadoraba,1,0,29,Fezandipiti ex
84811333,capbloo,0,1,48,Alakazam
84811333,bono,1,0,48,Mega Kangaskhan ex
84811335,btk15049,0,1,162,Cornerstone Mask Ogerpon ex
84811335,Yushin Ito,1,0,162,Mega Starmie ex
84811338,zoroark190,0,1,82,Mega Kangaskhan ex
84811338,nasuo445,1,0,82,Cynthia's Garchomp ex
84811343,LiamK,0,0,466,Cornerstone Mask Ogerpon ex
84811343,豆本豆豆包,1,1,466,Alakazam
84811364,LiamK,0,1,162,Teal Mask Ogerpon ex
84811364,Bozo Boys,1,0,162,Alakazam
84811382,kazuki0123,0,0,157,Marnie's Grimmsnarl ex
84811382,于笑非lilishyxf,1,1,157,Mega Lucario ex
84811384,btk15049,0,0,133,Cornerstone Mask Ogerpon ex
84811384,NoOne,1,1,133,Dudunsparce
84811397,matsurih,0,1,105,Dudunsparce
84811397,kidekikish,1,0,105,Chandelure
84811432,于笑非lilishyxf,0,0,129,Mega Lucario ex
84811432,やる気元気ミワハルキ,1,1,129,Mega Lucario ex
84811438,Majkel1337,0,1,91,Dudunsparce
84811438,Dũng Đỗ,1,0,91,Mega Kangaskhan ex
84811442,wally0593,0,1,126,Dudunsparce
84811442,tonakaiiii,1,0,126,Marnie's Grimmsnarl ex
84811600,Boss's Orders Are All You Need,0,1,147,Shaymin
84811600,tonakaiiii,1,0,147,Marnie's Grimmsnarl ex
84811614,capbloo,0,1,156,Alakazam
84811614,Sota Uchiyama,1,0,156,Marnie's Grimmsnarl ex
84811797,btk15049,0,0,172,Cornerstone Mask Ogerpon ex
84811797,wkonishi,1,1,172,Dudunsparce
84811827,bono,0,1,95,Fezandipiti ex
84811827,btk15049,1,0,95,Cornerstone Mask Ogerpon ex
84811830,Yushin Ito,0,1,287,Marnie's Grimmsnarl ex
84811830,btk15049,1,0,287,Cornerstone Mask Ogerpon ex
84811831,Majkel1337,0,1,65,Dudunsparce
84811831,bono,1,0,65,Mega Kangaskhan ex
84811834,Yushin Ito,0,1,97,Mega Starmie ex
84811834,Abhyuday,1,0,97,Dudunsparce
84811839,THIRD PTCG Club,0,1,157,Fezandipiti ex
84811839,ojicat,1,0,157,Dragapult ex
84811840,Boss's Orders Are All You Need,0,1,133,Shaymin
84811840,nasuo445,1,0,133,Cynthia's Garchomp ex
84811842,LiamK,0,1,134,Cornerstone Mask Ogerpon ex
84811842,Xander,1,0,134,Archaludon ex
84811851,Boss's Orders Are All You Need,0,0,76,Shaymin
84811851,Michael Long,1,1,76,Fezandipiti ex
84811855,Ajishio,0,1,146,Alakazam
84811855,Rmy,1,0,146,Dudunsparce
84811856,Sota Uchiyama,0,0,131,Marnie's Grimmsnarl ex
84811856,LiamK,1,1,131,Teal Mask Ogerpon ex
84811868,matsurih,0,1,179,Dudunsparce
84811868,wally0593,1,0,179,Dudunsparce
84811876,bono,0,0,159,Mega Kangaskhan ex
84811876,zoroark190,1,1,159,Mega Kangaskhan ex
84811938,ごんさくよねきち,0,0,211,Marnie's Grimmsnarl ex
84811938,于笑非lilishyxf,1,1,211,Mega Lucario ex
84812121,youtube.com/@BigBugginnings,0,0,174,Dragapult ex
84812121,Boss's Orders Are All You Need,1,1,174,Shaymin
84812127,Hase2727,0,0,76,Mega Kangaskhan ex
84812127,capbloo,1,1,76,Alakazam
84812211,senkin13,0,0,85,Dudunsparce
84812211,matsurih,1,1,85,Dudunsparce
84812298,wkonishi,0,1,140,Dudunsparce
84812298,Sota Uchiyama,1,0,140,Marnie's Grimmsnarl ex
84812324,Majkel1337,0,0,176,Bloodmoon Ursaluna
84812324,capbloo,1,1,176,Alakazam
84812325,WinDecks,0,0,119,Mega Starmie ex
84812325,bono,1,1,119,Fezandipiti ex
84812330,Yushin Ito,0,0,179,Marnie's Grimmsnarl ex
84812330,Michael Long,1,1,179,Fezandipiti ex
84812331,Majkel1337,0,1,107,Dudunsparce
84812331,Boss's Orders Are All You Need,1,0,107,Shaymin
84812334,Yushin Ito,0,1,107,Mega Starmie ex
84812334,LiamK,1,0,107,Cornerstone Mask Ogerpon ex
84812337,Akira-Ninth,0,0,119,Mega Lucario ex
84812337,LiamK,1,1,119,Cornerstone Mask Ogerpon ex
84812341,nasuo445,0,1,141,Cynthia's Garchomp ex
84812341,NoOne,1,0,141,Dudunsparce
84812342,WinDecks,0,1,205,Mega Starmie ex
84812342,tonakaiiii,1,0,205,Marnie's Grimmsnarl ex
84812344,bono,0,1,103,Mega Kangaskhan ex
84812344,LiamK,1,0,103,Teal Mask Ogerpon ex
84812345,bono,0,1,167,Mega Kangaskhan ex
84812345,lmaffei,1,0,167,Mega Lopunny ex
84812347,LiamK,0,1,124,Cornerstone Mask Ogerpon ex
84812347,THIRD PTCG Club,1,0,124,Fezandipiti ex
84812355,Rmy,0,1,164,Dudunsparce
84812355,matsurih,1,0,164,Dudunsparce
84812360,Yushin Ito,0,0,26,Mega Starmie ex
84812360,zoroark190,1,1,26,Mega Kangaskhan ex
84812396,ごんさくよねきち,0,1,41,Marnie's Grimmsnarl ex
84812396,MPGaming,1,0,41,Mega Kangaskhan ex
84812423,Bozo Boys,0,1,171,Alakazam
84812423,aaa,1,0,171,Fezandipiti ex
84812440,koga_poke,0,0,134,Yveltal
84812440,豆本豆豆包,1,1,134,Alakazam
84812711,senkin13,0,0,182,Dudunsparce
84812711,nasuo445,1,1,182,Cynthia's Garchomp ex
84812805,wkonishi,0,1,200,Dudunsparce
84812805,THIRD PTCG Club,1,0,200,Fezandipiti ex
84812821,Majkel1337,0,1,198,Bloodmoon Ursaluna
84812821,Abhyuday,1,0,198,Dudunsparce
84812823,kazuki0123,0,1,59,Marnie's Grimmsnarl ex
84812823,bono,1,0,59,Fezandipiti ex
84812824,LiamK,0,0,369,Cornerstone Mask Ogerpon ex
84812824,Majkel1337,1,1,369,Dudunsparce
84812826,Raihan Ramadistra,0,1,129,Mega Kangaskhan ex
84812826,Yushin Ito,1,0,129,Marnie's Grimmsnarl ex
84812834,Michael Long,0,0,310,Fezandipiti ex
84812834,LiamK,1,1,310,Cornerstone Mask Ogerpon ex
84812839,THIRD PTCG Club,0,0,56,Fezandipiti ex
84812839,bono,1,1,56,Fezandipiti ex
84812842,NoOne,0,0,95,Dudunsparce
84812842,WinDecks,1,1,95,Mega Starmie ex
84812845,btk15049,0,0,130,Cornerstone Mask Ogerpon ex
84812845,bono,1,1,130,Mega Kangaskhan ex
84812847,matsurih,0,0,104,Dudunsparce
84812847,LiamK,1,1,104,Cornerstone Mask Ogerpon ex
84812849,zoroark190,0,1,158,Mega Kangaskhan ex
84812849,Michael Long,1,0,158,Fezandipiti ex
84812850,Bozo Boys,0,0,173,Alakazam
84812850,LiamK,1,1,173,Teal Mask Ogerpon ex
84813121,Boss's Orders Are All You Need,0,0,79,Shaymin
84813121,WinDecks,1,1,79,Mega Starmie ex
84813131,capbloo,0,0,100,Alakazam
84813131,Boss's Orders Are All You Need,1,1,100,Shaymin
84813298,wkonishi,0,0,199,Dudunsparce
84813298,btk15049,1,1,199,Cornerstone Mask Ogerpon ex
84813311,Michael Long,0,1,185,Fezandipiti ex
84813311,Majkel1337,1,0,185,Bloodmoon Ursaluna
84813312,ごんさくよねきち,0,0,93,Marnie's Grimmsnarl ex
84813312,bono,1,1,93,Fezandipiti ex
84813315,Boss's Orders Are All You Need,0,1,148,Shaymin
84813315,Majkel1337,1,0,148,Dudunsparce
84813316,tw_shin,0,0,151,Marnie's Grimmsnarl ex
84813316,Yushin Ito,1,1,151,Marnie's Grimmsnarl ex
84813320,Yushin Ito,0,1,114,Mega Starmie ex
84813320,Ajishio,1,0,114,Alakazam
84813323,Yushin Ito,0,1,135,Marnie's Grimmsnarl ex
84813323,nasuo445,1,0,135,Cynthia's Garchomp ex
84813326,capbloo,0,1,92,Alakazam
84813326,WinDecks,1,0,92,Mega Starmie ex
84813330,やる気元気ミワハルキ,0,0,158,Mega Lucario ex
84813330,bono,1,1,158,Mega Kangaskhan ex
84813333,zoroark190,0,0,182,Mega Kangaskhan ex
84813333,aaa,1,1,182,Fezandipiti ex
84813337,박강찬,0,1,162,Cynthia's Garchomp ex
84813337,Rmy,1,0,162,Dudunsparce
84813339,LiamK,0,1,121,Teal Mask Ogerpon ex
84813339,tonakaiiii,1,0,121,Marnie's Grimmsnarl ex
84813341,Rmy,0,1,193,Dudunsparce
84813341,matsurih,1,0,193,Dudunsparce
84813416,tonakaiiii,0,0,145,Marnie's Grimmsnarl ex
84813416,koga_poke,1,1,145,Yveltal
84813614,Boss's Orders Are All You Need,0,1,145,Shaymin
84813614,Michael Long,1,0,145,Fezandipiti ex
84813626,Bozo Boys,0,0,158,Alakazam
84813626,capbloo,1,1,158,Alakazam
84813627,BluezLee,0,0,149,Dudunsparce
84813627,박강찬,1,1,149,Cynthia's Garchomp ex
84813782,wkonishi,0,1,126,Dudunsparce
84813782,bono,1,0,126,Mega Kangaskhan ex
84813796,Majkel1337,0,0,199,Bloodmoon Ursaluna
84813796,ZETADIVISION,1,1,199,Dragapult ex
84813798,bono,0,0,202,Fezandipiti ex
84813798,aaa,1,1,202,Fezandipiti ex
84813801,Majkel1337,0,1,143,Dudunsparce
84813801,btk15049,1,0,143,Cornerstone Mask Ogerpon ex
84813803,Majkel1337,0,0,167,Dudunsparce
84813803,Yushin Ito,1,1,167,Marnie's Grimmsnarl ex
84813804,Hase2727,0,1,145,Mega Kangaskhan ex
84813804,Yushin Ito,1,0,145,Mega Starmie ex
84813805,Gotem Penguin,0,0,138,Mega Froslass ex
84813805,LiamK,1,1,138,Cornerstone Mask Ogerpon ex
84813814,bono,0,1,180,Mega Kangaskhan ex
84813814,Rmy,1,0,180,Dudunsparce
84813815,LiamK,0,0,162,Cornerstone Mask Ogerpon ex
84813815,nasuo445,1,1,162,Cynthia's Garchomp ex
84813816,matsurih,0,0,114,Dudunsparce
84813816,WinDecks,1,1,114,Mega Starmie ex
84813821,MPGaming,0,1,169,Mega Kangaskhan ex
84813821,Michael Long,1,0,169,Fezandipiti ex
84813826,WinDecks,0,0,91,Mega Starmie ex
84813826,zoroark190,1,1,91,Mega Kangaskhan ex
84813835,matsurih,0,1,75,Dudunsparce
84813835,ImANoob1122,1,0,75,Mega Lucario ex
84813884,koga_poke,0,1,161,Yveltal
84813884,渡邊征央,1,0,161,Marnie's Grimmsnarl ex
84814124,ZETADIVISION,0,1,22,Dragapult ex
84814124,박강찬,1,0,22,Cynthia's Garchomp ex
84814208,ZETADIVISION,0,1,151,Dragapult ex
84814208,Abhyuday,1,0,151,Dudunsparce
84814283,wkonishi,0,0,206,Dudunsparce
84814283,Majkel1337,1,1,206,Dudunsparce
84814294,Majkel1337,0,1,112,Bloodmoon Ursaluna
84814294,WinDecks,1,0,112,Mega Starmie ex
84814295,THIRD PTCG Club,0,1,182,Fezandipiti ex
84814295,bono,1,0,182,Fezandipiti ex
84814296,WinDecks,0,0,96,Mega Starmie ex
84814296,Majkel1337,1,1,96,Dudunsparce
84814298,Yushin Ito,0,1,165,Marnie's Grimmsnarl ex
84814298,Eduardo Rocha de Andrade,1,0,165,Marnie's Grimmsnarl ex
84814300,Yushin Ito,0,0,129,Mega Starmie ex
84814300,ImANoob1122,1,1,129,Mega Lucario ex
84814301,LiamK,0,1,191,Cornerstone Mask Ogerpon ex
84814301,tonakaiiii,1,0,191,Marnie's Grimmsnarl ex
84814304,nasuo445,0,1,190,Cynthia's Garchomp ex
84814304,Bozo Boys,1,0,190,Alakazam
84814311,WinDecks,0,1,96,Mega Starmie ex
84814311,MPGaming,1,0,96,Mega Kangaskhan ex
84814315,Yushin Ito,0,1,131,Marnie's Grimmsnarl ex
84814315,zoroark190,1,0,131,Mega Kangaskhan ex
84814320,Michael Long,0,1,115,Fezandipiti ex
84814320,Banjo,1,0,115,Mega Starmie ex
84814322,ごんさくよねきち,0,1,275,Marnie's Grimmsnarl ex
84814322,kazuki0123,1,0,275,Marnie's Grimmsnarl ex
84814323,LiamK,0,0,104,Teal Mask Ogerpon ex
84814323,matsurih,1,1,104,Dudunsparce
84814325,Sota Uchiyama,0,1,170,Marnie's Grimmsnarl ex
84814325,Rmy,1,0,170,Dudunsparce
84814353,WinDecks,0,1,112,Mega Starmie ex
84814353,matsurih,1,0,112,Dudunsparce
84814360,btk15049,0,1,18,Cornerstone Mask Ogerpon ex
84814360,THIRD PTCG Club,1,0,18,Fezandipiti ex
84814407,btk15049,0,0,284,Cornerstone Mask Ogerpon ex
84814407,kazuki0123,1,1,284,Marnie's Grimmsnarl ex
84814553,Takaaki Matsuda,0,1,140,Archaludon ex
84814553,Rmy,1,0,140,Dudunsparce
84814606,Boss's Orders Are All You Need,0,1,109,Shaymin
84814606,Moegi,1,0,109,Archaludon ex
84814619,capbloo,0,1,156,Alakazam
84814619,THIRD PTCG Club,1,0,156,Fezandipiti ex
84814622,박강찬,0,1,129,Cynthia's Garchomp ex
84814622,Boss's Orders Are All You Need,1,0,129,Shaymin
84814781,Yushin Ito,0,0,137,Mega Starmie ex
84814781,Majkel1337,1,1,137,Bloodmoon Ursaluna
84814784,豆本豆豆包,0,0,200,Alakazam
84814784,bono,1,1,200,Fezandipiti ex
84814785,ZETADIVISION,0,0,147,Dragapult ex
84814785,Yushin Ito,1,1,147,Marnie's Grimmsnarl ex
84814793,Majkel1337,0,1,74,Dudunsparce
84814793,WinDecks,1,0,74,Mega Starmie ex
84814796,Boss's Orders Are All You Need,0,0,74,Shaymin
84814796,LiamK,1,1,74,Cornerstone Mask Ogerpon ex
84814797,LiamK,0,0,126,Cornerstone Mask Ogerpon ex
84814797,Yushin Ito,1,1,126,Mega Starmie ex
84814798,THIRD PTCG Club,0,0,175,Fezandipiti ex
84814798,Abhyuday,1,1,175,Dudunsparce
84814807,Raihan Ramadistra,0,0,146,Mega Kangaskhan ex
84814807,LiamK,1,1,146,Teal Mask Ogerpon ex
84814828,btk15049,0,1,222,Cornerstone Mask Ogerpon ex
84814828,Rmy,1,0,222,Dudunsparce
84814843,Boss's Orders Are All You Need,0,0,96,Shaymin
84814843,Majkel1337,1,1,96,Dudunsparce
84814866,渡邊征央,0,1,144,Marnie's Grimmsnarl ex
84814866,豆本豆豆包,1,0,144,Alakazam
84814884,于笑非lilishyxf,0,0,144,Mega Lucario ex
84814884,Rmy,1,1,144,Dudunsparce
84815119,capbloo,0,1,200,Alakazam
84815119,wkonishi,1,0,200,Dudunsparce
84815124,Boss's Orders Are All You Need,0,1,115,Shaymin
84815124,nasuo445,1,0,115,Cynthia's Garchomp ex
84815127,tonakaiiii,0,1,179,Marnie's Grimmsnarl ex
84815127,박강찬,1,0,179,Cynthia's Garchomp ex
84815279,渡邊征央,0,1,147,Marnie's Grimmsnarl ex
84815279,Yushin Ito,1,0,147,Marnie's Grimmsnarl ex
84815280,nasuo445,0,0,213,Cynthia's Garchomp ex
84815280,Majkel1337,1,1,213,Bloodmoon Ursaluna
84815283,Majkel1337,0,1,160,Dudunsparce
84815283,wkonishi,1,0,160,Dudunsparce
84815285,MPGaming,0,0,103,Mega Kangaskhan ex
84815285,bono,1,1,103,Fezandipiti ex
84815289,Yushin Ito,0,0,135,Mega Starmie ex
84815289,Takaaki Matsuda,1,1,135,Archaludon ex
84815290,LiamK,0,0,145,Cornerstone Mask Ogerpon ex
84815290,ごんさくよねきち,1,1,145,Marnie's Grimmsnarl ex
84815292,bono,0,1,112,Fezandipiti ex
84815292,nasuo445,1,0,112,Cynthia's Garchomp ex
84815298,tonakaiiii,0,1,103,Marnie's Grimmsnarl ex
84815298,WinDecks,1,0,103,Mega Starmie ex
84815300,THIRD PTCG Club,0,0,159,Fezandipiti ex
84815300,zoroark190,1,1,159,Mega Kangaskhan ex
84815304,豆本豆豆包,0,0,48,Alakazam
84815304,Michael Long,1,1,48,Fezandipiti ex
84815310,zoroark190,0,0,135,Mega Kangaskhan ex
84815310,koga_poke,1,1,135,Yveltal
84815317,LiamK,0,0,111,Teal Mask Ogerpon ex
84815317,ImANoob1122,1,1,111,Mega Lucario ex
84815328,zoroark190,0,1,162,Mega Kangaskhan ex
84815328,btk15049,1,0,162,Cornerstone Mask Ogerpon ex
84815330,wally0593,0,1,120,Dudunsparce
84815330,tonakaiiii,1,0,120,Marnie's Grimmsnarl ex
84815359,lmaffei,0,1,179,Mega Lopunny ex
84815359,capbloo,1,0,179,Alakazam
84815382,senkin13,0,0,123,Dudunsparce
84815382,WinDecks,1,1,123,Mega Starmie ex
84815569,Takaaki Matsuda,0,1,131,Archaludon ex
84815569,MPGaming,1,0,131,Mega Kangaskhan ex
84815639,lmaffei,0,0,112,Mega Lopunny ex
84815639,Boss's Orders Are All You Need,1,1,112,Shaymin
84815643,capbloo,0,1,204,Alakazam
84815643,wally0593,1,0,204,Dudunsparce
84815644,btk15049,0,1,223,Cornerstone Mask Ogerpon ex
84815644,박강찬,1,0,223,Cynthia's Garchomp ex
84815717,ZETADIVISION,0,1,145,Dragapult ex
84815717,于笑非lilishyxf,1,0,145,Mega Lucario ex
84815781,Majkel1337,0,1,144,Dudunsparce
84815781,Yushin Ito,1,0,144,Marnie's Grimmsnarl ex
84815784,박강찬,0,0,171,Cynthia's Garchomp ex
84815784,Majkel1337,1,1,171,Bloodmoon Ursaluna
84815793,bono,0,1,159,Fezandipiti ex
84815793,trickstar,1,0,159,Fezandipiti ex
84815802,LiamK,0,1,78,Cornerstone Mask Ogerpon ex
84815802,MPGaming,1,0,78,Mega Kangaskhan ex
84815803,Yushin Ito,0,1,173,Mega Starmie ex
84815803,tonakaiiii,1,0,173,Marnie's Grimmsnarl ex
84815806,wkonishi,0,0,192,Dudunsparce
84815806,Rmy,1,1,192,Dudunsparce
84815808,senkin13,0,0,115,Dudunsparce
84815808,WinDecks,1,1,115,Mega Starmie ex
84815812,Ajishio,0,0,214,Alakazam
84815812,nasuo445,1,1,214,Cynthia's Garchomp ex
84815813,ごんさくよねきち,0,1,128,Marnie's Grimmsnarl ex
84815813,豆本豆豆包,1,0,128,Alakazam
84815817,ImANoob1122,0,0,150,Mega Lucario ex
84815817,bono,1,1,150,Mega Kangaskhan ex
84815819,THIRD PTCG Club,0,0,162,Fezandipiti ex
84815819,Dũng Đỗ,1,1,162,Mega Kangaskhan ex
84815827,wally0593,0,1,208,Dudunsparce
84815827,Bozo Boys,1,0,208,Alakazam
84815829,LiamK,0,1,119,Teal Mask Ogerpon ex
84815829,zoroark190,1,0,119,Mega Kangaskhan ex
84815852,koga_poke,0,1,141,Yveltal
84815852,tonakaiiii,1,0,141,Marnie's Grimmsnarl ex
84816047,豆本豆豆包,0,0,153,Alakazam
84816047,Ayodeji,1,1,153,Archaludon ex
84816074,Takaaki Matsuda,0,0,79,Archaludon ex
84816074,Yushin Ito,1,1,79,Mega Starmie ex
84816140,Boss's Orders Are All You Need,0,0,151,Shaymin
84816140,ごんさくよねきち,1,1,151,Marnie's Grimmsnarl ex
84816227,ZETADIVISION,0,0,210,Dragapult ex
84816227,Xander,1,1,210,Archaludon ex
84816285,bono,0,0,215,Fezandipiti ex
84816285,Majkel1337,1,1,215,Dudunsparce
84816286,Majkel1337,0,1,102,Bloodmoon Ursaluna
84816286,Boss's Orders Are All You Need,1,0,102,Shaymin
84816288,bono,0,1,87,Fezandipiti ex
84816288,Yushin Ito,1,0,87,Mega Starmie ex
84816294,Yushin Ito,0,1,143,Marnie's Grimmsnarl ex
84816294,渡邊征央,1,0,143,Marnie's Grimmsnarl ex
84816302,Shardul Gharat,0,0,109,Marnie's Grimmsnarl ex
84816302,LiamK,1,1,109,Cornerstone Mask Ogerpon ex
84816309,박강찬,0,0,129,Cynthia's Garchomp ex
84816309,nasuo445,1,1,129,Cynthia's Garchomp ex
84816310,aaa,0,0,120,Fezandipiti ex
84816310,WinDecks,1,1,120,Mega Starmie ex
84816315,matsurih,0,0,192,Dudunsparce
84816315,aaa,1,1,192,Fezandipiti ex
84816331,aaa,0,1,110,Fezandipiti ex
84816331,ojicat,1,0,110,Dragapult ex
84816575,ZETADIVISION,0,1,202,Dragapult ex
84816575,Takaaki Matsuda,1,0,202,Archaludon ex
84816651,Boss's Orders Are All You Need,0,1,105,Shaymin
84816651,capbloo,1,0,105,Alakazam
84816782,matsurih,0,0,198,Dudunsparce
84816782,Majkel1337,1,1,198,Dudunsparce
84816784,Takaaki Matsuda,0,0,171,Archaludon ex
84816784,Majkel1337,1,1,171,Bloodmoon Ursaluna
84816787,Kento Umeda,0,0,171,Dudunsparce
84816787,bono,1,1,171,Fezandipiti ex
84816790,Yushin Ito,0,0,207,Marnie's Grimmsnarl ex
84816790,wkonishi,1,1,207,Dudunsparce
84816794,btk15049,0,0,193,Cornerstone Mask Ogerpon ex
84816794,LiamK,1,1,193,Cornerstone Mask Ogerpon ex
84816802,WinDecks,0,1,110,Mega Starmie ex
84816802,Boss's Orders Are All You Need,1,0,110,Shaymin
84816806,豆本豆豆包,0,0,198,Alakazam
84816806,wkonishi,1,1,198,Dudunsparce
84816813,matsurih,0,1,34,Dudunsparce
84816813,Takaaki Matsuda,1,0,34,Archaludon ex
84816822,豆本豆豆包,0,1,177,Alakazam
84816822,Rmy,1,0,177,Dudunsparce
84816824,wally0593,0,0,217,Dudunsparce
84816824,Rmy,1,1,217,Dudunsparce
84816831,Michael Long,0,1,208,Fezandipiti ex
84816831,Bozo Boys,1,0,208,Alakazam
84816834,koga_poke,0,0,120,Yveltal
84816834,Michael Long,1,1,120,Fezandipiti ex
84816839,zoroark190,0,1,143,Mega Kangaskhan ex
84816839,koga_poke,1,0,143,Yveltal
84816841,ImANoob1122,0,0,171,Mega Lucario ex
84816841,渡邊征央,1,1,171,Marnie's Grimmsnarl ex
84817087,wkonishi,0,1,121,Dudunsparce
84817087,Takaaki Matsuda,1,0,121,Archaludon ex
84817155,渡邊征央,0,0,213,Marnie's Grimmsnarl ex
84817155,capbloo,1,1,213,Alakazam
84817277,wkonishi,0,1,138,Dudunsparce
84817277,Majkel1337,1,0,138,Dudunsparce
84817280,ZETADIVISION,0,1,223,Dragapult ex
84817280,Majkel1337,1,0,223,Bloodmoon Ursaluna
84817288,Yushin Ito,0,0,214,Marnie's Grimmsnarl ex
84817288,MPGaming,1,1,214,Mega Kangaskhan ex
84817298,LiamK,0,0,87,Cornerstone Mask Ogerpon ex
84817298,Ayodeji,1,1,87,Archaludon ex
84817299,nasuo445,0,1,155,Cynthia's Garchomp ex
84817299,tonakaiiii,1,0,155,Marnie's Grimmsnarl ex
84817301,MPGaming,0,1,105,Mega Kangaskhan ex
84817301,WinDecks,1,0,105,Mega Starmie ex
84817303,LiamK,0,0,414,Cornerstone Mask Ogerpon ex
84817303,wkonishi,1,1,414,Dudunsparce
84817304,ImANoob1122,0,0,113,Mega Lucario ex
84817304,Yushin Ito,1,1,113,Mega Starmie ex
84817307,MPGaming,0,0,103,Mega Kangaskhan ex
84817307,ごんさくよねきち,1,1,103,Marnie's Grimmsnarl ex
84817309,bono,0,0,157,Mega Kangaskhan ex
84817309,Majkel1337,1,1,157,Dudunsparce
84817316,zoroark190,0,0,210,Mega Kangaskhan ex
84817316,btk15049,1,1,210,Cornerstone Mask Ogerpon ex
84817333,渡邊征央,0,0,199,Marnie's Grimmsnarl ex
84817333,wally0593,1,1,199,Dudunsparce
84817669,LiamK,0,0,68,Teal Mask Ogerpon ex
84817669,capbloo,1,1,68,Alakazam
84817674,박강찬,0,0,149,Cynthia's Garchomp ex
84817674,ZETADIVISION,1,1,149,Dragapult ex
84817738,ZETADIVISION,0,1,130,Dragapult ex
84817738,LiamK,1,0,130,Teal Mask Ogerpon ex
84817780,Majkel1337,0,1,177,Dudunsparce
84817780,ZETADIVISION,1,0,177,Dragapult ex
84817783,Majkel1337,0,1,127,Bloodmoon Ursaluna
84817783,bono,1,0,127,Mega Kangaskhan ex
84817785,bono,0,0,183,Fezandipiti ex
84817785,Yushin Ito,1,1,183,Marnie's Grimmsnarl ex
84817795,wkonishi,0,1,113,Dudunsparce
84817795,team TDL,1,0,113,Marnie's Grimmsnarl ex
84817800,wally0593,0,0,42,Dudunsparce
84817800,nasuo445,1,1,42,Cynthia's Garchomp ex
84817801,LiamK,0,1,149,Cornerstone Mask Ogerpon ex
84817801,wkonishi,1,0,149,Dudunsparce
84817803,Yushin Ito,0,1,115,Mega Starmie ex
84817803,kidekikish,1,0,115,Chandelure
84817805,Ayodeji,0,0,98,Archaludon ex
84817805,WinDecks,1,1,98,Mega Starmie ex
84817810,5.5,0,0,100,Alakazam
84817810,ごんさくよねきち,1,1,100,Marnie's Grimmsnarl ex
84817811,LiamK,0,0,67,Teal Mask Ogerpon ex
84817811,btk15049,1,1,67,Cornerstone Mask Ogerpon ex
84817814,senkin13,0,0,83,Dudunsparce
84817814,bono,1,1,83,Mega Kangaskhan ex
84817815,Rmy,0,1,132,Dudunsparce
84817815,ZETADIVISION,1,0,132,Dragapult ex
84817819,kazuki0123,0,1,191,Marnie's Grimmsnarl ex
84817819,wally0593,1,0,191,Dudunsparce
84817896,Rmy,0,0,26,Dudunsparce
84817896,btk15049,1,1,26,Cornerstone Mask Ogerpon ex
84818257,ZETADIVISION,0,0,169,Dragapult ex
84818257,Dũng Đỗ,1,1,169,Mega Kangaskhan ex
84818279,Boss's Orders Are All You Need,0,0,96,Shaymin
84818279,Majkel1337,1,1,96,Dudunsparce
84818282,Majkel1337,0,1,105,Bloodmoon Ursaluna
84818282,WinDecks,1,0,105,Mega Starmie ex
84818290,Yushin Ito,0,0,129,Marnie's Grimmsnarl ex
84818290,やる気元気ミワハルキ,1,1,129,Mega Lucario ex
84818293,ごんさくよねきち,0,1,161,Marnie's Grimmsnarl ex
84818293,wkonishi,1,0,161,Dudunsparce
84818297,LiamK,0,1,596,Cornerstone Mask Ogerpon ex
84818297,Rmy,1,0,596,Dudunsparce
84818303,Yushin Ito,0,1,184,Mega Starmie ex
84818303,ZETADIVISION,1,0,184,Dragapult ex
84818305,WinDecks,0,1,156,Mega Starmie ex
84818305,渡邊征央,1,0,156,Marnie's Grimmsnarl ex
84818307,ごんさくよねきち,0,0,138,Marnie's Grimmsnarl ex
84818307,Bozo Boys,1,1,138,Alakazam
84818312,ImANoob1122,0,1,153,Mega Lucario ex
84818312,Michael Long,1,0,153,Fezandipiti ex
84818317,Yushin Ito,0,1,114,Mega Starmie ex
84818317,aaa,1,0,114,Fezandipiti ex
84818318,THIRD PTCG Club,0,1,143,Fezandipiti ex
84818318,渡邊征央,1,0,143,Marnie's Grimmsnarl ex
84818328,zoroark190,0,1,31,Mega Kangaskhan ex
84818328,btk15049,1,0,31,Cornerstone Mask Ogerpon ex
84818345,btk15049,0,0,55,Cornerstone Mask Ogerpon ex
84818345,LiamK,1,1,55,Teal Mask Ogerpon ex
84818670,capbloo,0,0,109,Alakazam
84818670,Star-mine,1,1,109,Chandelure
84818762,senkin13,0,1,145,Dudunsparce
84818762,matsurih,1,0,145,Dudunsparce
84818777,aaa,0,1,188,Fezandipiti ex
84818777,ZETADIVISION,1,0,188,Dragapult ex
84818784,Yushin Ito,0,0,197,Marnie's Grimmsnarl ex
84818784,Majkel1337,1,1,197,Dudunsparce
84818786,Majkel1337,0,1,92,Bloodmoon Ursaluna
84818786,zoroark190,1,0,92,Mega Kangaskhan ex
84818794,bono,0,0,130,Fezandipiti ex
84818794,Hase2727,1,1,130,Mega Kangaskhan ex
84818795,kazuki0123,0,0,292,Marnie's Grimmsnarl ex
84818795,Yushin Ito,1,1,292,Marnie's Grimmsnarl ex
84818803,Dũng Đỗ,0,1,127,Mega Kangaskhan ex
84818803,LiamK,1,0,127,Cornerstone Mask Ogerpon ex
84818804,nasuo445,0,1,141,Cynthia's Garchomp ex
84818804,Moegi,1,0,141,Archaludon ex
84818805,tonakaiiii,0,1,216,Marnie's Grimmsnarl ex
84818805,Yushin Ito,1,0,216,Mega Starmie ex
84818808,zoroark190,0,0,164,Mega Kangaskhan ex
84818808,wkonishi,1,1,164,Dudunsparce
84818815,やる気元気ミワハルキ,0,1,149,Mega Lucario ex
84818815,ごんさくよねきち,1,0,149,Marnie's Grimmsnarl ex
84818819,aaa,0,0,170,Fezandipiti ex
84818819,Michael Long,1,1,170,Fezandipiti ex
84818820,MPGaming,0,0,117,Mega Kangaskhan ex
84818820,THIRD PTCG Club,1,1,117,Fezandipiti ex
84818827,Rmy,0,1,146,Dudunsparce
84818827,zoroark190,1,0,146,Mega Kangaskhan ex
84818828,Takaaki Matsuda,0,0,107,Archaludon ex
84818828,LiamK,1,1,107,Teal Mask Ogerpon ex
84818831,ZETADIVISION,0,1,177,Dragapult ex
84818831,bono,1,0,177,Mega Kangaskhan ex
84819049,showtree,0,1,129,Cynthia's Garchomp ex
84819049,Shardul Gharat,1,0,129,Marnie's Grimmsnarl ex
84819184,capbloo,0,0,183,Alakazam
84819184,Sota Uchiyama,1,1,183,Marnie's Grimmsnarl ex
84819288,wkonishi,0,1,222,Dudunsparce
84819288,Majkel1337,1,0,222,Dudunsparce
84819289,Majkel1337,0,1,103,Bloodmoon Ursaluna
84819289,Sota Uchiyama,1,0,103,Marnie's Grimmsnarl ex
84819292,ZETADIVISION,0,1,134,Dragapult ex
84819292,Klein Houmani,1,0,134,Fezandipiti ex
84819299,Akira-Ninth,0,0,159,Mega Lucario ex
84819299,Yushin Ito,1,1,159,Marnie's Grimmsnarl ex
84819300,bono,0,0,219,Fezandipiti ex
84819300,すーぱーひとで,1,1,219,Dudunsparce
84819302,Majkel1337,0,1,169,Dudunsparce
84819302,nasuo445,1,0,169,Cynthia's Garchomp ex
84819309,Dũng Đỗ,0,0,122,Mega Kangaskhan ex
84819309,Yushin Ito,1,1,122,Mega Starmie ex
84819311,showtree,0,1,139,Cynthia's Garchomp ex
84819311,WinDecks,1,0,139,Mega Starmie ex
84819318,豆本豆豆包,0,0,139,Alakazam
84819318,ごんさくよねきち,1,1,139,Marnie's Grimmsnarl ex
84819319,Michael Long,0,1,46,Fezandipiti ex
84819319,kidekikish,1,0,46,Chandelure
84819322,BluezLee,0,0,107,Dudunsparce
84819322,LiamK,1,1,107,Teal Mask Ogerpon ex
84819363,wally0593,0,0,100,Dudunsparce
84819363,zoroark190,1,1,100,Mega Kangaskhan ex
84819384,박강찬,0,0,125,Cynthia's Garchomp ex
84819384,koga_poke,1,1,125,Yveltal
84819561,Abhyuday,0,0,110,Dudunsparce
84819561,YIN,1,1,110,Archaludon ex
84819743,capbloo,0,0,116,Alakazam
84819743,youtube.com/@BigBugginnings,1,1,116,Dragapult ex
84819764,Majkel1337,0,0,230,Bloodmoon Ursaluna
84819764,capbloo,1,1,230,Alakazam
84819769,MPGaming,0,1,153,Mega Kangaskhan ex
84819769,Majkel1337,1,0,153,Dudunsparce
84819793,zoroark190,0,1,65,Mega Kangaskhan ex
84819793,Yushin Ito,1,0,65,Marnie's Grimmsnarl ex
84819797,YIN,0,0,52,Archaludon ex
84819797,LiamK,1,1,52,Cornerstone Mask Ogerpon ex
84819799,wally0593,0,0,132,Dudunsparce
84819799,WinDecks,1,1,132,Mega Starmie ex
84819817,ごんさくよねきち,0,1,99,Marnie's Grimmsnarl ex
84819817,WinDecks,1,0,99,Mega Starmie ex
84819824,tw_shin,0,0,121,Marnie's Grimmsnarl ex
84819824,wally0593,1,1,121,Dudunsparce
84819825,wkonishi,0,1,161,Dudunsparce
84819825,nasuo445,1,0,161,Cynthia's Garchomp ex
84819826,Bozo Boys,0,0,136,Alakazam
84819826,bono,1,1,136,Fezandipiti ex
84819829,Oleksandr_Savsunenko,0,1,164,Dudunsparce
84819829,nasuo445,1,0,164,Cynthia's Garchomp ex
84819834,Rmy,0,1,58,Dudunsparce
84819834,LiamK,1,0,58,Teal Mask Ogerpon ex
84819848,ZETADIVISION,0,1,198,Dragapult ex
84819848,kazuki0123,1,0,198,Marnie's Grimmsnarl ex
84819886,matsurih,0,0,74,Dudunsparce
84819886,Boss's Orders Are All You Need,1,1,74,Shaymin
84820182,capbloo,0,1,234,Alakazam
84820182,すーぱーひとで,1,0,234,Dudunsparce
84820278,Michael Long,0,0,176,Fezandipiti ex
84820278,Majkel1337,1,1,176,Bloodmoon Ursaluna
84820280,Majkel1337,0,1,93,Dudunsparce
84820280,koga_poke,1,0,93,Yveltal
84820286,WinDecks,0,1,94,Mega Starmie ex
84820286,wkonishi,1,0,94,Dudunsparce
84820287,Yushin Ito,0,1,136,Marnie's Grimmsnarl ex
84820287,Michael Long,1,0,136,Fezandipiti ex
84820288,shosemaru,0,1,166,Dudunsparce
84820288,bono,1,0,166,Fezandipiti ex
84820293,LiamK,0,0,116,Cornerstone Mask Ogerpon ex
84820293,Yushin Ito,1,1,116,Mega Starmie ex
84820298,capbloo,0,1,828,Alakazam
84820298,LiamK,1,0,828,Cornerstone Mask Ogerpon ex
84820300,junlee789,0,1,113,Marnie's Grimmsnarl ex
84820300,WinDecks,1,0,113,Mega Starmie ex
84820308,koga_poke,0,1,103,Yveltal
84820308,THIRD PTCG Club,1,0,103,Fezandipiti ex
84820309,LiamK,0,1,137,Teal Mask Ogerpon ex
84820309,渡邊征央,1,0,137,Marnie's Grimmsnarl ex
84820310,豆本豆豆包,0,1,54,Alakazam
84820310,bono,1,0,54,Mega Kangaskhan ex
84820311,Rmy,0,0,213,Dudunsparce
84820311,wally0593,1,1,213,Dudunsparce
84820316,aaa,0,1,139,Fezandipiti ex
84820316,渡邊征央,1,0,139,Marnie's Grimmsnarl ex
84820681,nasuo445,0,1,197,Cynthia's Garchomp ex
84820681,capbloo,1,0,197,Alakazam
84820774,ZETADIVISION,0,0,190,Dragapult ex
84820774,Majkel1337,1,1,190,Bloodmoon Ursaluna
84820777,Majkel1337,0,1,189,Dudunsparce
84820777,junlee789,1,0,189,Marnie's Grimmsnarl ex
84820784,koga_poke,0,0,107,Yveltal
84820784,Yushin Ito,1,1,107,Marnie's Grimmsnarl ex
84820785,Ajishio,0,1,181,Alakazam
84820785,wkonishi,1,0,181,Dudunsparce
84820786,Yushin Ito,0,0,112,Mega Starmie ex
84820786,NukoNiko15,1,1,112,Archaludon ex
84820789,wally0593,0,1,159,Dudunsparce
84820789,nasuo445,1,0,159,Cynthia's Garchomp ex
84820790,btk15049,0,1,33,Cornerstone Mask Ogerpon ex
84820790,ZETADIVISION,1,0,33,Dragapult ex
84820801,youtube.com/@BigBugginnings,0,0,160,Dragapult ex
84820801,LiamK,1,1,160,Teal Mask Ogerpon ex
84820802,Raihan Ramadistra,0,1,170,Mega Kangaskhan ex
84820802,zoroark190,1,0,170,Mega Kangaskhan ex
84820804,Takaaki Matsuda,0,0,108,Archaludon ex
84820804,THIRD PTCG Club,1,1,108,Fezandipiti ex
84820807,koga_poke,0,1,101,Yveltal
84820807,wally0593,1,0,101,Dudunsparce
84820809,aaa,0,1,146,Fezandipiti ex
84820809,Takaaki Matsuda,1,0,146,Archaludon ex
84820810,MPGaming,0,1,153,Mega Kangaskhan ex
84820810,Michael Long,1,0,153,Fezandipiti ex
84820811,bono,0,0,146,Mega Kangaskhan ex
84820811,Raihan Ramadistra,1,1,146,Mega Kangaskhan ex
84820830,kidekikish,0,1,102,Chandelure
84820830,koga_poke,1,0,102,Yveltal
84820889,matsurih,0,1,41,Dudunsparce
84820889,Hase2727,1,0,41,Mega Kangaskhan ex
84820908,Michael Long,0,1,127,Fezandipiti ex
84820908,lmaffei,1,0,127,Mega Lopunny ex
84821142,Takaaki Matsuda,0,1,139,Archaludon ex
84821142,aaa,1,0,139,Fezandipiti ex
84821193,capbloo,0,1,184,Alakazam
84821193,박강찬,1,0,184,Cynthia's Garchomp ex
84821200,박강찬,0,0,218,Cynthia's Garchomp ex
84821200,kazuki0123,1,1,218,Marnie's Grimmsnarl ex
84821270,Majkel1337,0,1,159,Bloodmoon Ursaluna
84821270,koga_poke,1,0,159,Yveltal
84821272,Yushin Ito,0,1,168,Marnie's Grimmsnarl ex
84821272,Majkel1337,1,0,168,Dudunsparce
84821280,THIRD PTCG Club,0,0,202,Fezandipiti ex
84821280,wkonishi,1,1,202,Dudunsparce
84821281,Yushin Ito,0,0,167,Marnie's Grimmsnarl ex
84821281,junlee789,1,1,167,Marnie's Grimmsnarl ex
84821282,bono,0,0,158,Fezandipiti ex
84821282,ごんさくよねきち,1,1,158,Marnie's Grimmsnarl ex
84821284,Gotem Penguin,0,1,126,Mega Froslass ex
84821284,Yushin Ito,1,0,126,Mega Starmie ex
84821285,nasuo445,0,0,199,Cynthia's Garchomp ex
84821285,tonakaiiii,1,1,199,Marnie's Grimmsnarl ex
84821289,WinDecks,0,1,93,Mega Starmie ex
84821289,wkonishi,1,0,93,Dudunsparce
84821293,ごんさくよねきち,0,0,139,Marnie's Grimmsnarl ex
84821293,于笑非lilishyxf,1,1,139,Mega Lucario ex
84821300,Rmy,0,1,124,Dudunsparce
84821300,zoroark190,1,0,124,Mega Kangaskhan ex
84821301,aaa,0,0,110,Fezandipiti ex
84821301,koga_poke,1,1,110,Yveltal
84821321,THIRD PTCG Club,0,0,152,Fezandipiti ex
84821321,Michael Long,1,1,152,Fezandipiti ex
84821338,matsurih,0,1,171,Dudunsparce
84821338,nasuo445,1,0,171,Cynthia's Garchomp ex
84821349,koga_poke,0,0,99,Yveltal
84821349,MPGaming,1,1,99,Mega Kangaskhan ex
84821681,capbloo,0,1,124,Alakazam
84821681,trickstar,1,0,124,Fezandipiti ex
84821735,WinDecks,0,0,120,Mega Starmie ex
84821735,Majkel1337,1,1,120,Bloodmoon Ursaluna
84821750,Yushin Ito,0,1,222,Marnie's Grimmsnarl ex
84821750,senkin13,1,0,222,Dudunsparce
84821763,team TDL,0,0,233,Marnie's Grimmsnarl ex
84821763,nasuo445,1,1,233,Cynthia's Garchomp ex
84821764,박강찬,0,0,106,Cynthia's Garchomp ex
84821764,Yushin Ito,1,1,106,Mega Starmie ex
84821770,LiamK,0,0,93,Cornerstone Mask Ogerpon ex
84821770,matsurih,1,1,93,Dudunsparce
84821772,Rmy,0,0,24,Dudunsparce
84821772,Akira-Ninth,1,1,24,Mega Lucario ex
84821773,Ajishio,0,1,168,Alakazam
84821773,Majkel1337,1,0,168,Dudunsparce
84821785,Xander,0,1,21,Archaludon ex
84821785,LiamK,1,0,21,Teal Mask Ogerpon ex
84821786,ごんさくよねきち,0,0,111,Marnie's Grimmsnarl ex
84821786,zoroark190,1,1,111,Mega Kangaskhan ex
84821791,ZETADIVISION,0,1,172,Dragapult ex
84821791,aidy,1,0,172,Dudunsparce
84821802,Sota Uchiyama,0,0,52,Marnie's Grimmsnarl ex
84821802,ごんさくよねきち,1,1,52,Marnie's Grimmsnarl ex
84821811,豆本豆豆包,0,0,139,Alakazam
84821811,aaa,1,1,139,Fezandipiti ex
84821865,kazuki0123,0,0,159,Marnie's Grimmsnarl ex
84821865,koga_poke,1,1,159,Yveltal
84821897,Bozo Boys,0,1,176,Alakazam
84821897,matsurih,1,0,176,Dudunsparce
84822198,박강찬,0,1,134,Cynthia's Garchomp ex
84822198,zoroark190,1,0,134,Mega Kangaskhan ex
84822199,Rmy,0,1,109,Dudunsparce
84822199,Boss's Orders Are All You Need,1,0,109,Shaymin
84822245,Majkel1337,0,1,145,Bloodmoon Ursaluna
84822245,zoroark190,1,0,145,Mega Kangaskhan ex
84822247,Majkel1337,0,1,157,Dudunsparce
84822247,niyo,1,0,157,Archaludon ex
84822256,Klein Houmani,0,0,179,Fezandipiti ex
84822256,Yushin Ito,1,1,179,Marnie's Grimmsnarl ex
84822260,豆本豆豆包,0,1,37,Alakazam
84822260,wkonishi,1,0,37,Dudunsparce
84822263,koga_poke,0,1,119,Yveltal
84822263,bono,1,0,119,Fezandipiti ex
84822264,matsurih,0,0,16,Dudunsparce
84822264,Yushin Ito,1,1,16,Mega Starmie ex
84822265,RK,0,1,119,Cornerstone Mask Ogerpon ex
84822265,nasuo445,1,0,119,Cynthia's Garchomp ex
84822266,lmaffei,0,1,76,Mega Lopunny ex
84822266,ZETADIVISION,1,0,76,Dragapult ex
84822268,LiamK,0,1,133,Cornerstone Mask Ogerpon ex
84822268,koga_poke,1,0,133,Yveltal
84822272,nasuo445,0,1,167,Cynthia's Garchomp ex
84822272,ごんさくよねきち,1,0,167,Marnie's Grimmsnarl ex
84822278,nasuo445,0,0,193,Cynthia's Garchomp ex
84822278,btk15049,1,1,193,Cornerstone Mask Ogerpon ex
84822280,junlee789,0,1,176,Marnie's Grimmsnarl ex
84822280,aaa,1,0,176,Fezandipiti ex
84822284,aaa,0,1,168,Fezandipiti ex
84822284,THIRD PTCG Club,1,0,168,Fezandipiti ex
84822374,Rmy,0,0,228,Dudunsparce
84822374,kazuki0123,1,1,228,Marnie's Grimmsnarl ex
84822384,tonakaiiii,0,0,157,Marnie's Grimmsnarl ex
84822384,Yushin Ito,1,1,157,Mega Starmie ex
84822385,やる気元気ミワハルキ,0,1,186,Mega Lucario ex
84822385,THIRD PTCG Club,1,0,186,Fezandipiti ex
84822647,Ketchum Alt,0,0,56,Dudunsparce
84822647,capbloo,1,1,56,Alakazam
84822725,Majkel1337,0,0,225,Bloodmoon Ursaluna
84822725,bono,1,1,225,Fezandipiti ex
84822732,aaa,0,1,153,Fezandipiti ex
84822732,wkonishi,1,0,153,Dudunsparce
84822741,Yushin Ito,0,1,137,Mega Starmie ex
84822741,ZETADIVISION,1,0,137,Dragapult ex
84822743,Yushin Ito,0,1,175,Marnie's Grimmsnarl ex
84822743,nasuo445,1,0,175,Cynthia's Garchomp ex
84822747,LiamK,0,1,149,Teal Mask Ogerpon ex
84822747,Michael Long,1,0,149,Fezandipiti ex
84822748,豆本豆豆包,0,1,109,Alakazam
84822748,WinDecks,1,0,109,Mega Starmie ex
84822751,tw_shin,0,1,191,Marnie's Grimmsnarl ex
84822751,bono,1,0,191,Fezandipiti ex
84822757,Rmy,0,1,226,Dudunsparce
84822757,THIRD PTCG Club,1,0,226,Fezandipiti ex
84822758,btk15049,0,0,145,Cornerstone Mask Ogerpon ex
84822758,zoroark190,1,1,145,Mega Kangaskhan ex
84822761,matsurih,0,1,91,Dudunsparce
84822761,Raihan Ramadistra,1,0,91,Mega Kangaskhan ex
84822763,btk15049,0,1,161,Cornerstone Mask Ogerpon ex
84822763,capbloo,1,0,161,Alakazam
84822766,wally0593,0,1,192,Dudunsparce
84822766,nasuo445,1,0,192,Cynthia's Garchomp ex
84822794,THIRD PTCG Club,0,1,100,Fezandipiti ex
84822794,渡邊征央,1,0,100,Marnie's Grimmsnarl ex
84822817,btk15049,0,1,215,Cornerstone Mask Ogerpon ex
84822817,Bozo Boys,1,0,215,Alakazam
84822833,Bozo Boys,0,1,212,Alakazam
84822833,Michael Long,1,0,212,Fezandipiti ex
84822972,matsurih,0,1,196,Dudunsparce
84822972,firstbreak32,1,0,196,Alakazam
84823063,tw_shin,0,0,162,Marnie's Grimmsnarl ex
84823063,RK,1,1,162,Cornerstone Mask Ogerpon ex
84823152,capbloo,0,1,104,Alakazam
84823152,zoroark190,1,0,104,Mega Kangaskhan ex
84823204,Yushin Ito,0,1,192,Marnie's Grimmsnarl ex
84823204,Majkel1337,1,0,192,Bloodmoon Ursaluna
84823206,Majkel1337,0,0,187,Dudunsparce
84823206,LiamK,1,1,187,Cornerstone Mask Ogerpon ex
84823210,LiamK,0,0,188,Teal Mask Ogerpon ex
84823210,Yushin Ito,1,1,188,Marnie's Grimmsnarl ex
84823215,Mykhailo Kalus,0,1,115,Marnie's Grimmsnarl ex
84823215,Yushin Ito,1,0,115,Mega Starmie ex
84823217,wkonishi,0,0,180,Dudunsparce
84823217,bono,1,1,180,Fezandipiti ex
84823224,LiamK,0,0,73,Cornerstone Mask Ogerpon ex
84823224,nasuo445,1,1,73,Cynthia's Garchomp ex
84823226,LiamK,0,1,146,Teal Mask Ogerpon ex
84823226,Sota Uchiyama,1,0,146,Marnie's Grimmsnarl ex
84823228,Rmy,0,0,142,Dudunsparce
84823228,于笑非lilishyxf,1,1,142,Mega Lucario ex
84823229,Yushin Ito,0,0,112,Mega Starmie ex
84823229,nasuo445,1,1,112,Cynthia's Garchomp ex
84823230,ごんさくよねきち,0,0,117,Marnie's Grimmsnarl ex
84823230,Bozo Boys,1,1,117,Alakazam
84823236,btk15049,0,0,183,Cornerstone Mask Ogerpon ex
84823236,Banjo,1,1,183,Mega Starmie ex
84823237,5.5,0,0,84,Alakazam
84823237,WinDecks,1,1,84,Mega Starmie ex
84823239,wally0593,0,0,249,Dudunsparce
84823239,aaa,1,1,249,Fezandipiti ex
84823243,aaa,0,1,183,Fezandipiti ex
84823243,btk15049,1,0,183,Cornerstone Mask Ogerpon ex
84823264,THIRD PTCG Club,0,0,28,Fezandipiti ex
84823264,btk15049,1,1,28,Cornerstone Mask Ogerpon ex
84823272,RK,0,1,136,Cornerstone Mask Ogerpon ex
84823272,Bozo Boys,1,0,136,Alakazam
84823298,junlee789,0,0,140,Marnie's Grimmsnarl ex
84823298,Rmy,1,1,140,Dudunsparce
84823319,THIRD PTCG Club,0,1,91,Fezandipiti ex
84823319,MPGaming,1,0,91,Mega Kangaskhan ex
84823448,ondy0705,0,1,106,Fezandipiti ex
84823448,ZETADIVISION,1,0,106,Dragapult ex
84823609,capbloo,0,0,195,Alakazam
84823609,Michael Long,1,1,195,Fezandipiti ex
84823684,firstbreak32,0,1,174,Alakazam
84823684,Majkel1337,1,0,174,Bloodmoon Ursaluna
84823688,capbloo,0,1,198,Alakazam
84823688,Majkel1337,1,0,198,Dudunsparce
84823693,Star-mine,0,0,83,Chandelure
84823693,Yushin Ito,1,1,83,Marnie's Grimmsnarl ex
84823698,bono,0,1,124,Fezandipiti ex
84823698,tonakaiiii,1,0,124,Marnie's Grimmsnarl ex
84823701,wkonishi,0,0,242,Dudunsparce
84823701,kashiwashira,1,1,242,Team Rocket's Mewtwo ex
84823704,firstbreak32,0,1,120,Alakazam
84823704,LiamK,1,0,120,Teal Mask Ogerpon ex
84823705,nasuo445,0,1,227,Cynthia's Garchomp ex
84823705,Majkel1337,1,0,227,Bloodmoon Ursaluna
84823707,WinDecks,0,0,107,Mega Starmie ex
84823707,capbloo,1,1,107,Alakazam
84823711,ojicat,0,0,131,Dragapult ex
84823711,ZETADIVISION,1,1,131,Dragapult ex
84823713,matsurih,0,1,176,Dudunsparce
84823713,btk15049,1,0,176,Cornerstone Mask Ogerpon ex
84823714,于笑非lilishyxf,0,1,96,Mega Lucario ex
84823714,zoroark190,1,0,96,Mega Kangaskhan ex
84823719,Moegi,0,0,25,Archaludon ex
84823719,ごんさくよねきち,1,1,25,Marnie's Grimmsnarl ex
84823721,wally0593,0,1,84,Dudunsparce
84823721,WinDecks,1,0,84,Mega Starmie ex
84823737,やる気元気ミワハルキ,0,1,146,Mega Lucario ex
84823737,豆本豆豆包,1,0,146,Alakazam
84823775,豆本豆豆包,0,1,169,Alakazam
84823775,Dũng Đỗ,1,0,169,Mega Kangaskhan ex
84823830,MPGaming,0,1,162,Mega Kangaskhan ex
84823830,junlee789,1,0,162,Marnie's Grimmsnarl ex
84824040,RK,0,1,32,Cornerstone Mask Ogerpon ex
84824040,Banjo,1,0,32,Mega Starmie ex
84824042,Yushin Ito,0,0,76,Mega Starmie ex
84824042,Majkel1337,1,1,76,Bloodmoon Ursaluna
84824067,Michael Long,0,1,148,Fezandipiti ex
84824067,bono,1,0,148,Fezandipiti ex
84824073,kazuki0123,0,1,138,Marnie's Grimmsnarl ex
84824073,WinDecks,1,0,138,Mega Starmie ex
84824074,matsurih,0,0,69,Dudunsparce
84824074,Yushin Ito,1,1,69,Mega Starmie ex
84824077,nasuo445,0,1,187,Cynthia's Garchomp ex
84824077,wally0593,1,0,187,Dudunsparce
84824080,Bozo Boys,0,0,21,Alakazam
84824080,やる気元気ミワハルキ,1,1,21,Mega Lucario ex
84824104,Abhyuday,0,1,154,Dudunsparce
84824104,THIRD PTCG Club,1,0,154,Fezandipiti ex
84824163,capbloo,0,1,184,Alakazam
84824163,matsurih,1,0,184,Dudunsparce
84824165,kazuki0123,0,1,186,Marnie's Grimmsnarl ex
84824165,bono,1,0,186,Fezandipiti ex
84824239,MPGaming,0,0,114,Mega Kangaskhan ex
84824239,Yushin Ito,1,1,114,Mega Starmie ex
84824243,Yushin Ito,0,1,138,Marnie's Grimmsnarl ex
84824243,capbloo,1,0,138,Alakazam
84824248,Majkel1337,0,1,128,Dudunsparce
84824248,Raihan Ramadistra,1,0,128,Mega Kangaskhan ex
84824251,LiamK,0,0,83,Teal Mask Ogerpon ex
84824251,bono,1,1,83,Fezandipiti ex
84824259,Abhyuday,0,1,210,Dudunsparce
84824259,wkonishi,1,0,210,Dudunsparce
84824269,ZETADIVISION,0,1,204,Dragapult ex
84824269,于笑非lilishyxf,1,0,204,Mega Lucario ex
84824270,ごんさくよねきち,0,0,238,Marnie's Grimmsnarl ex
84824270,btk15049,1,1,238,Cornerstone Mask Ogerpon ex
84824277,btk15049,0,1,166,Cornerstone Mask Ogerpon ex
84824277,aaa,1,0,166,Fezandipiti ex
84824282,Rmy,0,1,160,Dudunsparce
84824282,豆本豆豆包,1,0,160,Alakazam
84824502,RK,0,0,136,Cornerstone Mask Ogerpon ex
84824502,Bozo Boys,1,1,136,Alakazam
84824530,Yushin Ito,0,0,176,Mega Starmie ex
84824530,team TDL,1,1,176,Marnie's Grimmsnarl ex
84824598,Hase2727,0,1,253,Mega Kangaskhan ex
84824598,capbloo,1,0,253,Alakazam
84824652,capbloo,0,1,170,Alakazam
84824652,Majkel1337,1,0,170,Bloodmoon Ursaluna
84824656,Majkel1337,0,0,141,Dudunsparce
84824656,bono,1,1,141,Fezandipiti ex
84824658,Yushin Ito,0,1,157,Marnie's Grimmsnarl ex
84824658,bono,1,0,157,Fezandipiti ex
84824667,Yushin Ito,0,1,77,Mega Starmie ex
84824667,nasuo445,1,0,77,Cynthia's Garchomp ex
84824671,nasuo445,0,1,184,Cynthia's Garchomp ex
84824671,Yudai Ueno,1,0,184,Marnie's Grimmsnarl ex
84824672,Rmy,0,0,184,Dudunsparce
84824672,bono,1,1,184,Fezandipiti ex
84824676,豆本豆豆包,0,0,171,Alakazam
84824676,Michael Long,1,1,171,Fezandipiti ex
84824679,kazuki0123,0,0,275,Marnie's Grimmsnarl ex
84824679,ZETADIVISION,1,1,275,Dragapult ex
84824681,Rmy,0,0,193,Dudunsparce
84824681,kazuki0123,1,1,193,Marnie's Grimmsnarl ex
84824683,matsurih,0,1,156,Dudunsparce
84824683,zoroark190,1,0,156,Mega Kangaskhan ex
84824685,豆本豆豆包,0,0,163,Alakazam
84824685,ごんさくよねきち,1,1,163,Marnie's Grimmsnarl ex
84824686,kazuki0123,0,0,170,Marnie's Grimmsnarl ex
84824686,zoroark190,1,1,170,Mega Kangaskhan ex
84824688,LiamK,0,0,103,Teal Mask Ogerpon ex
84824688,Ajishio,1,1,103,Alakazam
84824689,WinDecks,0,0,125,Mega Starmie ex
84824689,koga_poke,1,1,125,Yveltal
84824691,やる気元気ミワハルキ,0,0,133,Mega Lucario ex
84824691,Majkel1337,1,1,133,Dudunsparce
84824704,ZETADIVISION,0,0,200,Dragapult ex
84824704,nasuo445,1,1,200,Cynthia's Garchomp ex
84824715,wally0593,0,1,217,Dudunsparce
84824715,豆本豆豆包,1,0,217,Alakazam
84824737,aaa,0,1,191,Fezandipiti ex
84824737,btk15049,1,0,191,Cornerstone Mask Ogerpon ex
84824763,Ajishio,0,0,32,Alakazam
84824763,WinDecks,1,1,32,Mega Starmie ex
84825123,Majkel1337,0,1,241,Bloodmoon Ursaluna
84825123,Yushin Ito,1,0,241,Marnie's Grimmsnarl ex
84825131,Majkel1337,0,1,161,Dudunsparce
84825131,mw,1,0,161,Dragapult ex
84825143,bono,0,1,156,Fezandipiti ex
84825143,Ajishio,1,0,156,Alakazam
84825145,Yushin Ito,0,1,47,Mega Starmie ex
84825145,Ajishio,1,0,47,Alakazam
84825150,Michael Long,0,1,141,Fezandipiti ex
84825150,zoroark190,1,0,141,Mega Kangaskhan ex
84825155,kazuki0123,0,1,200,Marnie's Grimmsnarl ex
84825155,wkonishi,1,0,200,Dudunsparce
84825159,LiamK,0,1,204,Teal Mask Ogerpon ex
84825159,Yushin Ito,1,0,204,Marnie's Grimmsnarl ex
84825160,koga_poke,0,0,126,Yveltal
84825160,LiamK,1,1,126,Teal Mask Ogerpon ex
84825161,kazuki0123,0,1,182,Marnie's Grimmsnarl ex
84825161,matsurih,1,0,182,Dudunsparce
84825170,wally0593,0,1,203,Dudunsparce
84825170,wkonishi,1,0,203,Dudunsparce
84825171,nasuo445,0,1,155,Cynthia's Garchomp ex
84825171,LiamK,1,0,155,Cornerstone Mask Ogerpon ex
84825195,やる気元気ミワハルキ,0,0,144,Mega Lucario ex
84825195,Dũng Đỗ,1,1,144,Mega Kangaskhan ex
84825200,ZETADIVISION,0,1,205,Dragapult ex
84825200,junlee789,1,0,205,Marnie's Grimmsnarl ex
84825204,nasuo445,0,1,208,Cynthia's Garchomp ex
84825204,btk15049,1,0,208,Cornerstone Mask Ogerpon ex
84825209,bono,0,1,125,Mega Kangaskhan ex
84825209,Rmy,1,0,125,Dudunsparce
84825214,Sota Uchiyama,0,1,259,Marnie's Grimmsnarl ex
84825214,kazuki0123,1,0,259,Marnie's Grimmsnarl ex
84825420,tonakaiiii,0,0,141,Marnie's Grimmsnarl ex
84825420,Topdecking is All You Need,1,1,141,Cynthia's Garchomp ex
84825484,RK,0,0,195,Cornerstone Mask Ogerpon ex
84825484,Michael Long,1,1,195,Fezandipiti ex
84825522,kashiwashira,0,0,178,Team Rocket's Mewtwo ex
84825522,lmaffei,1,1,178,Mega Lopunny ex
84825585,Ajishio,0,0,194,Alakazam
84825585,capbloo,1,1,194,Alakazam
84825625,LiamK,0,0,116,Teal Mask Ogerpon ex
84825625,Majkel1337,1,1,116,Bloodmoon Ursaluna
84825627,Michael Long,0,1,212,Fezandipiti ex
84825627,Majkel1337,1,0,212,Dudunsparce
84825628,Yushin Ito,0,0,148,Marnie's Grimmsnarl ex
84825628,bono,1,1,148,Fezandipiti ex
84825637,trickstar,0,1,92,Fezandipiti ex
84825637,Yushin Ito,1,0,92,Mega Starmie ex
84825640,Oleksandr_Savsunenko,0,0,159,Dudunsparce
84825640,bono,1,1,159,Fezandipiti ex
84825641,nasuo445,0,1,133,Cynthia's Garchomp ex
84825641,変化の書ゾロアーク,1,0,133,Alakazam
84825644,Bozo Boys,0,1,221,Alakazam
84825644,Michael Long,1,0,221,Fezandipiti ex
84825648,iwashi,0,1,151,Marnie's Grimmsnarl ex
84825648,ZETADIVISION,1,0,151,Dragapult ex
84825649,LiamK,0,1,127,Cornerstone Mask Ogerpon ex
84825649,trickstar,1,0,127,Fezandipiti ex
84825654,Boss's Orders Are All You Need,0,1,104,Shaymin
84825654,LiamK,1,0,104,Teal Mask Ogerpon ex
84825657,Yushin Ito,0,0,55,Mega Starmie ex
84825657,matsurih,1,1,55,Dudunsparce
84825659,Rmy,0,0,166,Dudunsparce
84825659,aaa,1,1,166,Fezandipiti ex
84825660,wkonishi,0,0,104,Dudunsparce
84825660,LiamK,1,1,104,Cornerstone Mask Ogerpon ex
84825670,Topdecking is All You Need,0,1,160,Cynthia's Garchomp ex
84825670,やる気元気ミワハルキ,1,0,160,Mega Lucario ex
84825675,kazuki0123,0,1,119,Marnie's Grimmsnarl ex
84825675,THIRD PTCG Club,1,0,119,Fezandipiti ex
84825688,nasuo445,0,0,131,Cynthia's Garchomp ex
84825688,koga_poke,1,1,131,Yveltal
84825764,Topdecking is All You Need,0,1,126,Cynthia's Garchomp ex
84825764,Sota Uchiyama,1,0,126,Marnie's Grimmsnarl ex
84825765,koga_poke,0,0,57,Yveltal
84825765,capbloo,1,1,57,Alakazam
84825913,ひろたこう,0,0,161,Cynthia's Garchomp ex
84825913,Topdecking is All You Need,1,1,161,Cynthia's Garchomp ex
84826070,Yushin Ito,0,1,115,Marnie's Grimmsnarl ex
84826070,capbloo,1,0,115,Alakazam
84826108,Majkel1337,0,0,235,Bloodmoon Ursaluna
84826108,kazuki0123,1,1,235,Marnie's Grimmsnarl ex
84826110,aaa,0,0,222,Fezandipiti ex
84826110,Majkel1337,1,1,222,Dudunsparce
84826115,Topdecking is All You Need,0,1,248,Cynthia's Garchomp ex
84826115,Yushin Ito,1,0,248,Marnie's Grimmsnarl ex
84826120,Voyager,0,0,171,Fezandipiti ex
84826120,bono,1,1,171,Fezandipiti ex
84826123,nasuo445,0,1,146,Cynthia's Garchomp ex
84826123,Akira-Ninth,1,0,146,Mega Lucario ex
84826128,aidy,0,1,127,Dudunsparce
84826128,Yushin Ito,1,0,127,Mega Starmie ex
84826130,LiamK,0,1,155,Cornerstone Mask Ogerpon ex
84826130,ZETADIVISION,1,0,155,Dragapult ex
84826131,Xander,0,1,179,Archaludon ex
84826131,Michael Long,1,0,179,Fezandipiti ex
84826134,LiamK,0,0,85,Teal Mask Ogerpon ex
84826134,wkonishi,1,1,85,Dudunsparce
84826136,Raihan Ramadistra,0,1,135,Mega Kangaskhan ex
84826136,Rmy,1,0,135,Dudunsparce
84826137,btk15049,0,1,13,Cornerstone Mask Ogerpon ex
84826137,wally0593,1,0,13,Dudunsparce
84826139,kashiwashira,0,0,119,Team Rocket's Mewtwo ex
84826139,bono,1,1,119,Mega Kangaskhan ex
84826141,WinDecks,0,0,141,Mega Starmie ex
84826141,kazuki0123,1,1,141,Marnie's Grimmsnarl ex
84826142,kazuki0123,0,0,143,Marnie's Grimmsnarl ex
84826142,koga_poke,1,1,143,Yveltal
84826147,Bozo Boys,0,1,194,Alakazam
84826147,NoOne,1,0,194,Dudunsparce
84826153,btk15049,0,1,155,Cornerstone Mask Ogerpon ex
84826153,lmaffei,1,0,155,Mega Lopunny ex
84826204,btk15049,0,1,174,Cornerstone Mask Ogerpon ex
84826204,aaa,1,0,174,Fezandipiti ex
84826239,Hase2727,0,0,96,Mega Kangaskhan ex
84826239,koga_poke,1,1,96,Yveltal
84826401,Topdecking is All You Need,0,0,205,Cynthia's Garchomp ex
84826401,junlee789,1,1,205,Marnie's Grimmsnarl ex
84826547,capbloo,0,0,185,Alakazam
84826547,THIRD PTCG Club,1,1,185,Fezandipiti ex
84826592,Majkel1337,0,1,168,Bloodmoon Ursaluna
84826592,wally0593,1,0,168,Dudunsparce
84826596,Yushin Ito,0,1,104,Marnie's Grimmsnarl ex
84826596,MPGaming,1,0,104,Mega Kangaskhan ex
84826597,Hase2727,0,0,85,Mega Kangaskhan ex
84826597,Majkel1337,1,1,85,Dudunsparce
84826600,bono,0,1,201,Fezandipiti ex
84826600,kuromoka,1,0,201,Cynthia's Garchomp ex
84826607,nasuo445,0,1,114,Cynthia's Garchomp ex
84826607,Hase2727,1,0,114,Mega Kangaskhan ex
84826609,Michael Long,0,1,146,Fezandipiti ex
84826609,tonakaiiii,1,0,146,Marnie's Grimmsnarl ex
84826613,Oleksandr_Savsunenko,0,0,78,Dudunsparce
84826613,Yushin Ito,1,1,78,Mega Starmie ex
84826616,LiamK,0,1,195,Cornerstone Mask Ogerpon ex
84826616,ZETADIVISION,1,0,195,Dragapult ex
84826622,bono,0,0,93,Mega Kangaskhan ex
84826622,wally0593,1,1,93,Dudunsparce
84826623,LiamK,0,0,25,Teal Mask Ogerpon ex
84826623,Akira-Ninth,1,1,25,Mega Lucario ex
84826624,kazuki0123,0,1,31,Marnie's Grimmsnarl ex
84826624,于笑非lilishyxf,1,0,31,Mega Lucario ex
84826627,Hase2727,0,0,54,Mega Kangaskhan ex
84826627,Bozo Boys,1,1,54,Alakazam
84826629,Michael Long,0,0,221,Fezandipiti ex
84826629,Rmy,1,1,221,Dudunsparce
84826630,WinDecks,0,1,163,Mega Starmie ex
84826630,ZETADIVISION,1,0,163,Dragapult ex
84826633,wally0593,0,0,225,Dudunsparce
84826633,suwat513,1,1,225,Fezandipiti ex
84826635,btk15049,0,0,126,Cornerstone Mask Ogerpon ex
84826635,Xander,1,1,126,Archaludon ex
84826672,aaa,0,1,184,Fezandipiti ex
84826672,Bozo Boys,1,0,184,Alakazam
84826721,btk15049,0,1,161,Cornerstone Mask Ogerpon ex
84826721,aaa,1,0,161,Fezandipiti ex
84826910,Topdecking is All You Need,0,1,149,Cynthia's Garchomp ex
84826910,豆本豆豆包,1,0,149,Alakazam
84826931,YIN,0,0,104,Archaludon ex
84826931,Bozo Boys,1,1,104,Alakazam
84827016,nasuo445,0,1,156,Cynthia's Garchomp ex
84827016,koga_poke,1,0,156,Yveltal
84827024,kidekikish,0,0,85,Chandelure
84827024,Michael Long,1,1,85,Fezandipiti ex
84827034,matsurih,0,1,170,Dudunsparce
84827034,bono,1,0,170,Fezandipiti ex
84827037,kazuki0123,0,1,51,Marnie's Grimmsnarl ex
84827037,Yushin Ito,1,0,51,Mega Starmie ex
84827077,capbloo,0,1,73,Alakazam
84827077,WinDecks,1,0,73,Mega Starmie ex
84827142,mitomeat823,0,0,81,Mega Lucario ex
84827142,Yushin Ito,1,1,81,Mega Starmie ex
84827147,nasuo445,0,0,184,Cynthia's Garchomp ex
84827147,Raihan Ramadistra,1,1,184,Mega Kangaskhan ex
84827162,THIRD PTCG Club,0,1,169,Fezandipiti ex
84827162,ごんさくよねきち,1,0,169,Marnie's Grimmsnarl ex
84827177,YIN,0,1,149,Archaludon ex
84827177,Majkel1337,1,0,149,Dudunsparce
84827178,LiamK,0,0,28,Teal Mask Ogerpon ex
84827178,zoroark190,1,1,28,Mega Kangaskhan ex
84827182,btk15049,0,0,246,Cornerstone Mask Ogerpon ex
84827182,ZETADIVISION,1,1,246,Dragapult ex
84827183,Dũng Đỗ,0,0,134,Mega Kangaskhan ex
84827183,wkonishi,1,1,134,Dudunsparce
84827189,btk15049,0,1,33,Cornerstone Mask Ogerpon ex
84827189,bono,1,0,33,Fezandipiti ex
84827222,aaa,0,1,211,Fezandipiti ex
84827222,Bozo Boys,1,0,211,Alakazam
84827400,Topdecking is All You Need,0,0,153,Cynthia's Garchomp ex
84827400,YIN,1,1,153,Archaludon ex
84827557,Bozo Boys,0,1,227,Alakazam
84827557,capbloo,1,0,227,Alakazam
84827568,ごんさくよねきち,0,1,209,Marnie's Grimmsnarl ex
84827568,박강찬,1,0,209,Cynthia's Garchomp ex
84827576,Majkel1337,0,1,112,Bloodmoon Ursaluna
84827576,Niche,1,0,112,Archaludon ex
84827583,Majkel1337,0,0,191,Dudunsparce
84827583,btk15049,1,1,191,Cornerstone Mask Ogerpon ex
84827586,nasuo445,0,0,194,Cynthia's Garchomp ex
84827586,Majkel1337,1,1,194,Bloodmoon Ursaluna
84827593,Michael Long,0,1,131,Fezandipiti ex
84827593,kawachi,1,0,131,Fezandipiti ex
84827594,bono,0,0,170,Fezandipiti ex
84827594,Topdecking is All You Need,1,1,170,Cynthia's Garchomp ex
84827601,kidekikish,0,0,60,Chandelure
84827601,Rmy,1,1,60,Dudunsparce
84827602,koga_poke,0,0,159,Yveltal
84827602,jiatu.l,1,1,159,Marnie's Grimmsnarl ex
84827605,wkonishi,0,0,222,Dudunsparce
84827605,Bozo Boys,1,1,222,Alakazam
84827606,Gotem Penguin,0,0,141,Mega Froslass ex
84827606,bono,1,1,141,Mega Kangaskhan ex
84827608,ごんさくよねきち,0,1,83,Marnie's Grimmsnarl ex
84827608,박강찬,1,0,83,Cynthia's Garchomp ex
84827609,zoroark190,0,0,103,Mega Kangaskhan ex
84827609,Gotem Penguin,1,1,103,Mega Froslass ex
84827610,nasuo445,0,0,112,Cynthia's Garchomp ex
84827610,wkonishi,1,1,112,Dudunsparce
84827611,THIRD PTCG Club,0,1,57,Fezandipiti ex
84827611,ごんさくよねきち,1,0,57,Marnie's Grimmsnarl ex
84827612,WinDecks,0,0,112,Mega Starmie ex
84827612,于笑非lilishyxf,1,1,112,Mega Lucario ex
84827630,kazuki0123,0,0,265,Marnie's Grimmsnarl ex
84827630,lmaffei,1,1,265,Mega Lopunny ex
84827639,aaa,0,0,165,Fezandipiti ex
84827639,kashiwashira,1,1,165,Team Rocket's Mewtwo ex
84827660,THIRD PTCG Club,0,0,178,Fezandipiti ex
84827660,btk15049,1,1,178,Cornerstone Mask Ogerpon ex
84827903,Topdecking is All You Need,0,0,130,Cynthia's Garchomp ex
84827903,matsurih,1,1,130,Dudunsparce
84828071,matsurih,0,0,206,Dudunsparce
84828071,Majkel1337,1,1,206,Bloodmoon Ursaluna
84828075,Majkel1337,0,1,140,Dudunsparce
84828075,nasuo445,1,0,140,Cynthia's Garchomp ex
84828078,nasuo445,0,1,187,Cynthia's Garchomp ex
84828078,Yushin Ito,1,0,187,Marnie's Grimmsnarl ex
84828086,btk15049,0,1,247,Cornerstone Mask Ogerpon ex
84828086,nasuo445,1,0,247,Cynthia's Garchomp ex
84828087,wkonishi,0,0,178,Dudunsparce
84828087,Michael Long,1,1,178,Fezandipiti ex
84828088,bono,0,1,144,Fezandipiti ex
84828088,wkonishi,1,0,144,Dudunsparce
84828093,Yushin Ito,0,1,105,Mega Starmie ex
84828093,Klein Houmani,1,0,105,Fezandipiti ex
84828094,LiamK,0,1,86,Cornerstone Mask Ogerpon ex
84828094,于笑非lilishyxf,1,0,86,Mega Lucario ex
84828095,matsurih,0,1,185,Dudunsparce
84828095,tonakaiiii,1,0,185,Marnie's Grimmsnarl ex
84828096,Bozo Boys,0,1,129,Alakazam
84828096,渡邊征央,1,0,129,Marnie's Grimmsnarl ex
84828100,bono,0,0,104,Mega Kangaskhan ex
84828100,nasuo445,1,1,104,Cynthia's Garchomp ex
84828102,Majkel1337,0,0,203,Bloodmoon Ursaluna
84828102,THIRD PTCG Club,1,1,203,Fezandipiti ex
84828103,kuromoka,0,1,189,Cynthia's Garchomp ex
84828103,ごんさくよねきち,1,0,189,Marnie's Grimmsnarl ex
84828104,btk15049,0,1,208,Cornerstone Mask Ogerpon ex
84828104,Ajishio,1,0,208,Alakazam
84828109,Dũng Đỗ,0,1,219,Mega Kangaskhan ex
84828109,ZETADIVISION,1,0,219,Dragapult ex
84828111,suwat513,0,1,145,Fezandipiti ex
84828111,koga_poke,1,0,145,Yveltal
84828113,Xander,0,1,109,Archaludon ex
84828113,やる気元気ミワハルキ,1,0,109,Mega Lucario ex
84828119,btk15049,0,0,184,Cornerstone Mask Ogerpon ex
84828119,WinDecks,1,1,184,Mega Starmie ex
84828135,btk15049,0,0,196,Cornerstone Mask Ogerpon ex
84828135,youtube.com/@BigBugginnings,1,1,196,Dragapult ex
84828142,capbloo,0,1,147,Alakazam
84828142,junlee789,1,0,147,Marnie's Grimmsnarl ex
84828207,wally0593,0,0,93,Dudunsparce
84828207,渡邊征央,1,1,93,Marnie's Grimmsnarl ex
84828211,MPGaming,0,0,112,Mega Kangaskhan ex
84828211,btk15049,1,1,112,Cornerstone Mask Ogerpon ex
84828399,CardPilotLab,0,1,159,Archaludon ex
84828399,豆本豆豆包,1,0,159,Alakazam
84828547,Xander,0,1,140,Archaludon ex
84828547,kashiwashira,1,0,140,Team Rocket's Mewtwo ex
84828621,fujiborozoukin,0,0,105,Mega Lucario ex
84828621,capbloo,1,1,105,Alakazam
84828626,Topdecking is All You Need,0,0,149,Cynthia's Garchomp ex
84828626,Majkel1337,1,1,149,Bloodmoon Ursaluna
84828629,Majkel1337,0,1,134,Dudunsparce
84828629,kuromoka,1,0,134,Cynthia's Garchomp ex
84828633,Yushin Ito,0,1,175,Marnie's Grimmsnarl ex
84828633,jiatu.l,1,0,175,Marnie's Grimmsnarl ex
84828641,bono,0,0,164,Fezandipiti ex
84828641,カドラバ Kadoraba,1,1,164,Fezandipiti ex
84828643,Michael Long,0,1,107,Fezandipiti ex
84828643,渡邊征央,1,0,107,Marnie's Grimmsnarl ex
84828644,nasuo445,0,0,191,Cynthia's Garchomp ex
84828644,Rmy,1,1,191,Dudunsparce
84828646,aidy,0,1,625,Dudunsparce
84828646,LiamK,1,0,625,Cornerstone Mask Ogerpon ex
84828648,matsurih,0,0,174,Dudunsparce
84828648,豆本豆豆包,1,1,174,Alakazam
84828656,Bozo Boys,0,1,178,Alakazam
84828656,kazuki0123,1,0,178,Marnie's Grimmsnarl ex
84828661,Hase2727,0,1,161,Mega Kangaskhan ex
84828661,zoroark190,1,0,161,Mega Kangaskhan ex
84828662,LiamK,0,1,129,Teal Mask Ogerpon ex
84828662,koga_poke,1,0,129,Yveltal
84828667,wkonishi,0,0,201,Dudunsparce
84828667,kazuki0123,1,1,201,Marnie's Grimmsnarl ex
84828672,やる気元気ミワハルキ,0,1,186,Mega Lucario ex
84828672,kazuki0123,1,0,186,Marnie's Grimmsnarl ex
84828673,Raihan Ramadistra,0,1,132,Mega Kangaskhan ex
84828673,koga_poke,1,0,132,Yveltal
84828913,Akira-Ninth,0,0,106,Mega Lucario ex
84828913,satofi,1,1,106,Hop’s Snorlax
84828977,Topdecking is All You Need,0,1,202,Cynthia's Garchomp ex
84828977,wally0593,1,0,202,Dudunsparce
84829138,Abhyuday,0,1,170,Dudunsparce
84829138,Majkel1337,1,0,170,Dudunsparce
84829140,Majkel1337,0,1,180,Bloodmoon Ursaluna
84829140,bono,1,0,180,Fezandipiti ex
84829141,LiamK,0,1,153,Teal Mask Ogerpon ex
84829141,Bozo Boys,1,0,153,Alakazam
84829142,nasuo445,0,0,155,Cynthia's Garchomp ex
84829142,koga_poke,1,1,155,Yveltal
84829147,ごんさくよねきち,0,1,160,Marnie's Grimmsnarl ex
84829147,BluezLee,1,0,160,Dudunsparce
84829151,koga_poke,0,1,128,Yveltal
84829151,capbloo,1,0,128,Alakazam
84829155,YIN,0,1,197,Archaludon ex
84829155,ZETADIVISION,1,0,197,Dragapult ex
84829158,Michael Long,0,1,183,Fezandipiti ex
84829158,Bozo Boys,1,0,183,Alakazam
84829159,nasuo445,0,1,164,Cynthia's Garchomp ex
84829159,Topdecking is All You Need,1,0,164,Cynthia's Garchomp ex
84829160,Gotem Penguin,0,1,97,Mega Froslass ex
84829160,capbloo,1,0,97,Alakazam
84829164,Raihan Ramadistra,0,1,151,Mega Kangaskhan ex
84829164,THIRD PTCG Club,1,0,151,Fezandipiti ex
84829172,matsurih,0,1,201,Dudunsparce
84829172,やる気元気ミワハルキ,1,0,201,Mega Lucario ex
84829207,박강찬,0,0,164,Cynthia's Garchomp ex
84829207,LiamK,1,1,164,Cornerstone Mask Ogerpon ex
84829222,Yushin Ito,0,0,98,Mega Starmie ex
84829222,Xander,1,1,98,Archaludon ex
84829224,tw_shin,0,1,203,Marnie's Grimmsnarl ex
84829224,btk15049,1,0,203,Cornerstone Mask Ogerpon ex
84829227,WinDecks,0,1,99,Mega Starmie ex
84829227,THIRD PTCG Club,1,0,99,Fezandipiti ex
84829231,aaa,0,0,96,Fezandipiti ex
84829231,LiamK,1,1,96,Cornerstone Mask Ogerpon ex
84829233,LiamK,0,1,138,Teal Mask Ogerpon ex
84829233,ImANoob1122,1,0,138,Mega Lucario ex
84829237,Yushin Ito,0,1,108,Marnie's Grimmsnarl ex
84829237,matsurih,1,0,108,Dudunsparce
84829239,wkonishi,0,0,194,Dudunsparce
84829239,wally0593,1,1,194,Dudunsparce
84829240,aaa,0,0,168,Fezandipiti ex
84829240,Majkel1337,1,1,168,Bloodmoon Ursaluna
84829485,Rmy,0,1,147,Dudunsparce
84829485,Topdecking is All You Need,1,0,147,Cynthia's Garchomp ex
84829573,Rmy,0,0,193,Dudunsparce
84829573,kashiwashira,1,1,193,Team Rocket's Mewtwo ex
84829642,Michael Long,0,1,158,Fezandipiti ex
84829642,Majkel1337,1,0,158,Bloodmoon Ursaluna
84829643,Majkel1337,0,1,121,Dudunsparce
84829643,やる気元気ミワハルキ,1,0,121,Mega Lucario ex
84829646,Dũng Đỗ,0,1,228,Mega Kangaskhan ex
84829646,Yushin Ito,1,0,228,Marnie's Grimmsnarl ex
84829649,LiamK,0,1,229,Cornerstone Mask Ogerpon ex
84829649,bono,1,0,229,Fezandipiti ex
84829650,MPGaming,0,1,144,Mega Kangaskhan ex
84829650,Michael Long,1,0,144,Fezandipiti ex
84829651,capbloo,0,0,209,Alakazam
84829651,nasuo445,1,1,209,Cynthia's Garchomp ex
84829657,capbloo,0,0,131,Alakazam
84829657,koga_poke,1,1,131,Yveltal
84829658,LiamK,0,1,181,Cornerstone Mask Ogerpon ex
84829658,mitomeat823,1,0,181,Mega Lucario ex
84829661,koga_poke,0,0,82,Yveltal
84829661,Yushin Ito,1,1,82,Mega Starmie ex
84829672,aaa,0,1,88,Fezandipiti ex
84829672,bono,1,0,88,Mega Kangaskhan ex
84829675,nasuo445,0,1,172,Cynthia's Garchomp ex
84829675,zoroark190,1,0,172,Mega Kangaskhan ex
84829683,matsurih,0,1,136,Dudunsparce
84829683,やる気元気ミワハルキ,1,0,136,Mega Lucario ex
84829775,junlee789,0,1,168,Marnie's Grimmsnarl ex
84829775,ZETADIVISION,1,0,168,Dragapult ex
84829934,やる気元気ミワハルキ,0,1,127,Mega Lucario ex
84829934,CardPilotLab,1,0,127,Archaludon ex
84829992,Topdecking is All You Need,0,1,202,Cynthia's Garchomp ex
84829992,Rmy,1,0,202,Dudunsparce
84830072,koga_poke,0,0,135,Yveltal
84830072,kashiwashira,1,1,135,Team Rocket's Mewtwo ex
84830138,Rmy,0,0,202,Dudunsparce
84830138,Majkel1337,1,1,202,Bloodmoon Ursaluna
84830143,Majkel1337,0,0,121,Dudunsparce
84830143,Boss's Orders Are All You Need,1,1,121,Shaymin
84830145,btk15049,0,0,292,Cornerstone Mask Ogerpon ex
84830145,Yushin Ito,1,1,292,Marnie's Grimmsnarl ex
84830151,nasuo445,0,0,167,Cynthia's Garchomp ex
84830151,capbloo,1,1,167,Alakazam
84830153,kazuki0123,0,1,171,Marnie's Grimmsnarl ex
84830153,Michael Long,1,0,171,Fezandipiti ex
84830154,bono,0,1,70,Fezandipiti ex
84830154,MPGaming,1,0,70,Mega Kangaskhan ex
84830157,capbloo,0,0,191,Alakazam
84830157,Rmy,1,1,191,Dudunsparce
84830158,wally0593,0,1,111,Dudunsparce
84830158,Yushin Ito,1,0,111,Mega Starmie ex
84830168,LiamK,0,0,85,Teal Mask Ogerpon ex
84830168,matsurih,1,1,85,Dudunsparce
84830169,kazuki0123,0,1,194,Marnie's Grimmsnarl ex
84830169,Rmy,1,0,194,Dudunsparce
84830171,nasuo445,0,1,123,Cynthia's Garchomp ex
84830171,Xander,1,0,123,Archaludon ex
84830173,YIN,0,0,100,Archaludon ex
84830173,Rmy,1,1,100,Dudunsparce
84830174,ごんさくよねきち,0,1,101,Marnie's Grimmsnarl ex
84830174,Raihan Ramadistra,1,0,101,Mega Kangaskhan ex
84830178,THIRD PTCG Club,0,0,22,Fezandipiti ex
84830178,Akira-Ninth,1,1,22,Mega Lucario ex
84830179,Bozo Boys,0,0,192,Alakazam
84830179,Rmy,1,1,192,Dudunsparce
84830196,wkonishi,0,1,79,Dudunsparce
84830196,Dũng Đỗ,1,0,79,Mega Kangaskhan ex
84830208,kazuki0123,0,1,231,Marnie's Grimmsnarl ex
84830208,やる気元気ミワハルキ,1,0,231,Mega Lucario ex
84830492,Yushin Ito,0,1,20,Mega Starmie ex
84830492,Topdecking is All You Need,1,0,20,Cynthia's Garchomp ex
84830636,Majkel1337,0,1,120,Bloodmoon Ursaluna
84830636,Boss's Orders Are All You Need,1,0,120,Shaymin
84830642,kazuki0123,0,0,147,Marnie's Grimmsnarl ex
84830642,Majkel1337,1,1,147,Dudunsparce
84830644,ojicat,0,0,118,Dragapult ex
84830644,Yushin Ito,1,1,118,Marnie's Grimmsnarl ex
84830648,LiamK,0,1,150,Cornerstone Mask Ogerpon ex
84830648,capbloo,1,0,150,Alakazam
84830649,junlee789,0,0,155,Marnie's Grimmsnarl ex
84830649,nasuo445,1,1,155,Cynthia's Garchomp ex
84830654,bono,0,1,36,Fezandipiti ex
84830654,ごんさくよねきち,1,0,36,Marnie's Grimmsnarl ex
84830657,kazuki0123,0,1,172,Marnie's Grimmsnarl ex
84830657,豆本豆豆包,1,0,172,Alakazam
84830658,matsurih,0,1,98,Dudunsparce
84830658,kidekikish,1,0,98,Chandelure
84830659,Yushin Ito,0,1,86,Mega Starmie ex
84830659,すーぱーひとで,1,0,86,Dudunsparce
84830662,Ajishio,0,0,140,Alakazam
84830662,LiamK,1,1,140,Teal Mask Ogerpon ex
84830664,nasuo445,0,1,164,Cynthia's Garchomp ex
84830664,YIN,1,0,164,Archaludon ex
84830673,Hase2727,0,1,203,Mega Kangaskhan ex
84830673,wkonishi,1,0,203,Dudunsparce
84830677,wally0593,0,0,191,Dudunsparce
84830677,aaa,1,1,191,Fezandipiti ex
84830703,zoroark190,0,0,163,Mega Kangaskhan ex
84830703,aaa,1,1,163,Fezandipiti ex
84830755,wkonishi,0,0,111,Dudunsparce
84830755,kidekikish,1,1,111,Chandelure
84830994,Topdecking is All You Need,0,1,88,Cynthia's Garchomp ex
84830994,MPGaming,1,0,88,Mega Kangaskhan ex
84831072,kashiwashira,0,1,193,Team Rocket's Mewtwo ex
84831072,suwat513,1,0,193,Fezandipiti ex
84831129,Majkel1337,0,0,208,Bloodmoon Ursaluna
84831129,nasuo445,1,1,208,Cynthia's Garchomp ex
84831136,Majkel1337,0,1,98,Dudunsparce
84831136,やる気元気ミワハルキ,1,0,98,Mega Lucario ex
84831140,Topdecking is All You Need,0,1,181,Cynthia's Garchomp ex
84831140,nasuo445,1,0,181,Cynthia's Garchomp ex
84831141,btk15049,0,1,27,Cornerstone Mask Ogerpon ex
84831141,bono,1,0,27,Fezandipiti ex
84831143,Michael Long,0,1,148,Fezandipiti ex
84831143,Ajishio,1,0,148,Alakazam
84831148,nasuo445,0,1,156,Cynthia's Garchomp ex
84831148,LiamK,1,0,156,Cornerstone Mask Ogerpon ex
84831149,Yushin Ito,0,1,86,Mega Starmie ex
84831149,Hase2727,1,0,86,Mega Kangaskhan ex
84831151,btk15049,0,1,220,Cornerstone Mask Ogerpon ex
84831151,matsurih,1,0,220,Dudunsparce
84831152,kazuki0123,0,1,187,Marnie's Grimmsnarl ex
84831152,ZETADIVISION,1,0,187,Dragapult ex
84831158,nasuo445,0,1,159,Cynthia's Garchomp ex
84831158,Bozo Boys,1,0,159,Alakazam
84831162,bono,0,0,138,Fezandipiti ex
84831162,zoroark190,1,1,138,Mega Kangaskhan ex
84831163,bono,0,0,136,Mega Kangaskhan ex
84831163,WinDecks,1,1,136,Mega Starmie ex
84831177,YIN,0,1,164,Archaludon ex
84831177,aaa,1,0,164,Fezandipiti ex
84831230,Abhyuday,0,1,48,Dudunsparce
84831230,Dũng Đỗ,1,0,48,Mega Kangaskhan ex
84831627,Majkel1337,0,0,161,Bloodmoon Ursaluna
84831627,LiamK,1,1,161,Cornerstone Mask Ogerpon ex
84831633,Rmy,0,1,191,Dudunsparce
84831633,Majkel1337,1,0,191,Dudunsparce
84831637,Yushin Ito,0,0,175,Marnie's Grimmsnarl ex
84831637,bono,1,1,175,Fezandipiti ex
84831643,matsurih,0,0,227,Dudunsparce
84831643,nasuo445,1,1,227,Cynthia's Garchomp ex
84831645,Michael Long,0,0,147,Fezandipiti ex
84831645,Yushin Ito,1,1,147,Marnie's Grimmsnarl ex
84831647,tonakaiiii,0,0,98,Marnie's Grimmsnarl ex
84831647,matsurih,1,1,98,Dudunsparce
84831648,aaa,0,0,144,Fezandipiti ex
84831648,Yushin Ito,1,1,144,Mega Starmie ex
84831649,LiamK,0,1,146,Cornerstone Mask Ogerpon ex
84831649,YIN,1,0,146,Archaludon ex
84831651,Michael Long,0,1,116,Fezandipiti ex
84831651,kazuki0123,1,0,116,Marnie's Grimmsnarl ex
84831652,kashiwashira,0,0,215,Team Rocket's Mewtwo ex
84831652,bono,1,1,215,Fezandipiti ex
84831653,capbloo,0,1,174,Alakazam
84831653,matsurih,1,0,174,Dudunsparce
84831655,tonakaiiii,0,1,130,Marnie's Grimmsnarl ex
84831655,nasuo445,1,0,130,Cynthia's Garchomp ex
84831661,Sota Uchiyama,0,0,162,Marnie's Grimmsnarl ex
84831661,LiamK,1,1,162,Teal Mask Ogerpon ex
84831663,豆本豆豆包,0,1,126,Alakazam
84831663,btk15049,1,0,126,Cornerstone Mask Ogerpon ex
84831664,aaa,0,1,109,Fezandipiti ex
84831664,やる気元気ミワハルキ,1,0,109,Mega Lucario ex
84831668,Rmy,0,1,141,Dudunsparce
84831668,ごんさくよねきち,1,0,141,Marnie's Grimmsnarl ex
84831669,5.5,0,0,199,Alakazam
84831669,Rmy,1,1,199,Dudunsparce
84831674,WinDecks,0,1,97,Mega Starmie ex
84831674,wkonishi,1,0,97,Dudunsparce
84831690,bono,0,1,177,Mega Kangaskhan ex
84831690,ZETADIVISION,1,0,177,Dragapult ex
84831702,Abhyuday,0,1,75,Dudunsparce
84831702,junlee789,1,0,75,Marnie's Grimmsnarl ex
84831706,Raihan Ramadistra,0,1,140,Mega Kangaskhan ex
84831706,Abhyuday,1,0,140,Dudunsparce
84831734,aaa,0,0,172,Fezandipiti ex
84831734,Dũng Đỗ,1,1,172,Mega Kangaskhan ex
84831752,kazuki0123,0,1,127,Marnie's Grimmsnarl ex
84831752,豆本豆豆包,1,0,127,Alakazam
84831884,Boss's Orders Are All You Need,0,0,90,Shaymin
84831884,mimi,1,1,90,Archaludon ex
84831992,Topdecking is All You Need,0,0,183,Cynthia's Garchomp ex
84831992,カドラバ Kadoraba,1,1,183,Fezandipiti ex
84832117,Majkel1337,0,0,210,Bloodmoon Ursaluna
84832117,nasuo445,1,1,210,Cynthia's Garchomp ex
84832124,nasuo445,0,0,67,Cynthia's Garchomp ex
84832124,Yushin Ito,1,1,67,Marnie's Grimmsnarl ex
84832127,Majkel1337,0,1,165,Dudunsparce
84832127,ZETADIVISION,1,0,165,Dragapult ex
84832131,Majkel1337,0,0,147,Bloodmoon Ursaluna
84832131,LiamK,1,1,147,Cornerstone Mask Ogerpon ex
84832139,Dũng Đỗ,0,0,112,Mega Kangaskhan ex
84832139,Yushin Ito,1,1,112,Mega Starmie ex
84832143,kazuki0123,0,1,194,Marnie's Grimmsnarl ex
84832143,wally0593,1,0,194,Dudunsparce
84832146,capbloo,0,0,43,Alakazam
84832146,nasuo445,1,1,43,Cynthia's Garchomp ex
84832148,kidekikish,0,1,107,Chandelure
84832148,Rmy,1,0,107,Dudunsparce
84832152,nasuo445,0,0,157,Cynthia's Garchomp ex
84832152,Star-mine,1,1,157,Chandelure
84832163,nasuo445,0,1,131,Cynthia's Garchomp ex
84832163,ごんさくよねきち,1,0,131,Marnie's Grimmsnarl ex
84832172,youtube.com/@BigBugginnings,0,1,176,Dragapult ex
84832172,wally0593,1,0,176,Dudunsparce
84832199,zoroark190,0,1,59,Mega Kangaskhan ex
84832199,Abhyuday,1,0,59,Dudunsparce
84832203,wkonishi,0,0,189,Dudunsparce
84832203,Dũng Đỗ,1,1,189,Mega Kangaskhan ex
84832385,mimi,0,1,147,Archaludon ex
84832385,trickstar,1,0,147,Fezandipiti ex
84832482,Majkel1337,0,0,202,Bloodmoon Ursaluna
84832482,渡邊征央,1,1,202,Marnie's Grimmsnarl ex
84832483,Yushin Ito,0,1,89,Mega Starmie ex
84832483,Majkel1337,1,0,89,Dudunsparce
84832485,nasuo445,0,1,165,Cynthia's Garchomp ex
84832485,LiamK,1,0,165,Cornerstone Mask Ogerpon ex
84832487,Star-mine,0,0,80,Chandelure
84832487,Yushin Ito,1,1,80,Mega Starmie ex
84832492,LiamK,0,0,123,Teal Mask Ogerpon ex
84832492,matsurih,1,1,123,Dudunsparce
84832495,nasuo445,0,1,144,Cynthia's Garchomp ex
84832495,Raihan Ramadistra,1,0,144,Mega Kangaskhan ex
84832500,capbloo,0,1,141,Alakazam
84832500,mimi,1,0,141,Archaludon ex
84832506,LiamK,0,1,144,Teal Mask Ogerpon ex
84832506,tonakaiiii,1,0,144,Marnie's Grimmsnarl ex
84832510,btk15049,0,0,124,Cornerstone Mask Ogerpon ex
84832510,aaa,1,1,124,Fezandipiti ex
84832511,btk15049,0,0,172,Cornerstone Mask Ogerpon ex
84832511,Raihan Ramadistra,1,1,172,Mega Kangaskhan ex
84832513,WinDecks,0,0,96,Mega Starmie ex
84832513,bono,1,1,96,Mega Kangaskhan ex
84832602,Michael Long,0,0,209,Fezandipiti ex
84832602,wkonishi,1,1,209,Dudunsparce
84832617,Topdecking is All You Need,0,0,223,Cynthia's Garchomp ex
84832617,nasuo445,1,1,223,Cynthia's Garchomp ex
84832694,Yushin Ito,0,1,57,Marnie's Grimmsnarl ex
84832694,iwata hiroki,1,0,57,Alakazam
84832697,Michael Long,0,1,176,Fezandipiti ex
84832697,Mykhailo Kalus,1,0,176,Marnie's Grimmsnarl ex
84832725,mimi,0,0,106,Archaludon ex
84832725,Raihan Ramadistra,1,1,106,Mega Kangaskhan ex
84832738,wally0593,0,1,94,Dudunsparce
84832738,ごんさくよねきち,1,0,94,Marnie's Grimmsnarl ex
84832743,mimi,0,1,184,Archaludon ex
84832743,Bozo Boys,1,0,184,Alakazam
84833012,Topdecking is All You Need,0,1,238,Cynthia's Garchomp ex
84833012,iwashi,1,0,238,Marnie's Grimmsnarl ex
84833122,Majkel1337,0,1,245,Bloodmoon Ursaluna
84833122,Michael Long,1,0,245,Fezandipiti ex
84833123,noikaret,0,0,142,Cornerstone Mask Ogerpon ex
84833123,Yushin Ito,1,1,142,Marnie's Grimmsnarl ex
84833127,nasuo445,0,1,163,Cynthia's Garchomp ex
84833127,Xander,1,0,163,Archaludon ex
84833130,aaa,0,1,187,Fezandipiti ex
84833130,Majkel1337,1,0,187,Dudunsparce
84833138,Moegi,0,1,63,Archaludon ex
84833138,Yushin Ito,1,0,63,Mega Starmie ex
84833140,Boss's Orders Are All You Need,0,1,115,Shaymin
84833140,bono,1,0,115,Fezandipiti ex
84833141,LiamK,0,0,141,Cornerstone Mask Ogerpon ex
84833141,nasuo445,1,1,141,Cynthia's Garchomp ex
84833144,Yushin Ito,0,1,152,Marnie's Grimmsnarl ex
84833144,capbloo,1,0,152,Alakazam
84833145,kazuki0123,0,0,150,Marnie's Grimmsnarl ex
84833145,aaa,1,1,150,Fezandipiti ex
84833148,mimi,0,0,140,Archaludon ex
84833148,Michael Long,1,1,140,Fezandipiti ex
84833154,Rmy,0,1,85,Dudunsparce
84833154,LiamK,1,0,85,Teal Mask Ogerpon ex
84833155,やる気元気ミワハルキ,0,0,107,Mega Lucario ex
84833155,aaa,1,1,107,Fezandipiti ex
84833158,matsurih,0,1,97,Dudunsparce
84833158,bono,1,0,97,Mega Kangaskhan ex
84833160,Majkel1337,0,1,92,Dudunsparce
84833160,WinDecks,1,0,92,Mega Starmie ex
84833161,zoroark190,0,0,166,Mega Kangaskhan ex
84833161,youtube.com/@BigBugginnings,1,1,166,Dragapult ex
84833593,カドラバ Kadoraba,0,0,164,Fezandipiti ex
84833593,kashiwashira,1,1,164,Team Rocket's Mewtwo ex
84833626,Majkel1337,0,0,200,Bloodmoon Ursaluna
84833626,THIRD PTCG Club,1,1,200,Fezandipiti ex
84833630,渡邊征央,0,0,132,Marnie's Grimmsnarl ex
84833630,Yushin Ito,1,1,132,Marnie's Grimmsnarl ex
84833633,bono,0,0,165,Mega Kangaskhan ex
84833633,Majkel1337,1,1,165,Dudunsparce
84833646,nasuo445,0,1,158,Cynthia's Garchomp ex
84833646,LiamK,1,0,158,Cornerstone Mask Ogerpon ex
84833650,capbloo,0,0,259,Alakazam
84833650,senkin13,1,1,259,Dudunsparce
84833651,nasuo445,0,0,94,Cynthia's Garchomp ex
84833651,aaa,1,1,94,Fezandipiti ex
84833652,aaa,0,1,206,Fezandipiti ex
84833652,Michael Long,1,0,206,Fezandipiti ex
84833656,kazuki0123,0,1,262,Marnie's Grimmsnarl ex
84833656,RK,1,0,262,Cornerstone Mask Ogerpon ex
84833657,Rmy,0,0,162,Dudunsparce
84833657,aaa,1,1,162,Fezandipiti ex
84833663,THIRD PTCG Club,0,1,195,Fezandipiti ex
84833663,btk15049,1,0,195,Cornerstone Mask Ogerpon ex
84833670,bono,0,0,196,Fezandipiti ex
84833670,Dũng Đỗ,1,1,196,Mega Kangaskhan ex
84833703,bono,0,1,114,Mega Kangaskhan ex
84833703,ごんさくよねきち,1,0,114,Marnie's Grimmsnarl ex
84833718,THIRD PTCG Club,0,1,39,Fezandipiti ex
84833718,Dũng Đỗ,1,0,39,Mega Kangaskhan ex
84834104,kashiwashira,0,0,183,Team Rocket's Mewtwo ex
84834104,zoroark190,1,1,183,Mega Kangaskhan ex
84834132,kuromoka,0,0,83,Cynthia's Garchomp ex
84834132,Yushin Ito,1,1,83,Marnie's Grimmsnarl ex
84834136,Majkel1337,0,0,170,Bloodmoon Ursaluna
84834136,tw_shin,1,1,170,Marnie's Grimmsnarl ex
84834137,Yushin Ito,0,1,177,Marnie's Grimmsnarl ex
84834137,nasuo445,1,0,177,Cynthia's Garchomp ex
84834138,Majkel1337,0,1,75,Dudunsparce
84834138,Yufeng,1,0,75,Archaludon ex
84834153,nasuo445,0,1,214,Cynthia's Garchomp ex
84834153,豆本豆豆包,1,0,214,Alakazam
84834154,渡邊征央,0,0,166,Marnie's Grimmsnarl ex
84834154,LiamK,1,1,166,Cornerstone Mask Ogerpon ex
84834155,Yushin Ito,0,0,78,Mega Starmie ex
84834155,bono,1,1,78,Fezandipiti ex
84834157,aaa,0,0,129,Fezandipiti ex
84834157,koga_poke,1,1,129,Yveltal
84834161,LiamK,0,0,391,Cornerstone Mask Ogerpon ex
84834161,capbloo,1,1,391,Alakazam
84834162,WinDecks,0,1,119,Mega Starmie ex
84834162,Michael Long,1,0,119,Fezandipiti ex
84834166,Topdecking is All You Need,0,0,199,Cynthia's Garchomp ex
84834166,Rmy,1,1,199,Dudunsparce
84834167,ImANoob1122,0,0,132,Mega Lucario ex
84834167,Raihan Ramadistra,1,1,132,Mega Kangaskhan ex
84834175,THIRD PTCG Club,0,0,125,Fezandipiti ex
84834175,Gotem Penguin,1,1,125,Mega Froslass ex
84834181,ごんさくよねきち,0,1,141,Marnie's Grimmsnarl ex
84834181,WinDecks,1,0,141,Mega Starmie ex
84834183,btk15049,0,0,179,Cornerstone Mask Ogerpon ex
84834183,matsurih,1,1,179,Dudunsparce
84834188,カドラバ Kadoraba,0,0,166,Fezandipiti ex
84834188,Dũng Đỗ,1,1,166,Mega Kangaskhan ex
84834189,THIRD PTCG Club,0,1,60,Fezandipiti ex
84834189,LiamK,1,0,60,Teal Mask Ogerpon ex
84834537,Topdecking is All You Need,0,1,153,Cynthia's Garchomp ex
84834537,渡邊征央,1,0,153,Marnie's Grimmsnarl ex
84834574,YIN,0,0,116,Archaludon ex
84834574,capbloo,1,1,116,Alakazam
84834627,AdrianWang2003,0,0,154,Archaludon ex
84834627,Yushin Ito,1,1,154,Marnie's Grimmsnarl ex
84834635,Majkel1337,0,0,211,Dudunsparce
84834635,bono,1,1,211,Fezandipiti ex
84834636,Bozo Boys,0,1,161,Alakazam
84834636,Majkel1337,1,0,161,Bloodmoon Ursaluna
84834642,Yudai Ueno,0,0,114,Marnie's Grimmsnarl ex
84834642,nasuo445,1,1,114,Cynthia's Garchomp ex
84834648,wally0593,0,0,399,Dudunsparce
84834648,LiamK,1,1,399,Cornerstone Mask Ogerpon ex
84834652,kazuki0123,0,0,110,Marnie's Grimmsnarl ex
84834652,Star-mine,1,1,110,Chandelure
84834654,matsurih,0,1,137,Dudunsparce
84834654,WinDecks,1,0,137,Mega Starmie ex
84834655,bono,0,0,135,Mega Kangaskhan ex
84834655,nasuo445,1,1,135,Cynthia's Garchomp ex
84834656,capbloo,0,0,118,Alakazam
84834656,kidekikish,1,1,118,Chandelure
84834658,Raihan Ramadistra,0,1,176,Mega Kangaskhan ex
84834658,Yushin Ito,1,0,176,Mega Starmie ex
84834660,Michael Long,0,1,217,Fezandipiti ex
84834660,5.5,1,0,217,Alakazam
84834668,youtube.com/@BigBugginnings,0,0,197,Dragapult ex
84834668,kidekikish,1,1,197,Chandelure
84834671,btk15049,0,0,185,Cornerstone Mask Ogerpon ex
84834671,THIRD PTCG Club,1,1,185,Fezandipiti ex
84834673,LiamK,0,1,180,Cornerstone Mask Ogerpon ex
84834673,btk15049,1,0,180,Cornerstone Mask Ogerpon ex
84834704,junlee789,0,1,53,Marnie's Grimmsnarl ex
84834704,koga_poke,1,0,53,Yveltal
84834747,LiamK,0,0,145,Teal Mask Ogerpon ex
84834747,wkonishi,1,1,145,Dudunsparce
84834756,matsurih,0,0,159,Dudunsparce
84834756,ZETADIVISION,1,1,159,Dragapult ex
84834760,LiamK,0,0,160,Teal Mask Ogerpon ex
84834760,Hase2727,1,1,160,Mega Kangaskhan ex
84835041,Topdecking is All You Need,0,0,169,Cynthia's Garchomp ex
84835041,aaa,1,1,169,Fezandipiti ex
84835132,Majkel1337,0,1,178,Bloodmoon Ursaluna
84835132,THIRD PTCG Club,1,0,178,Marnie's Grimmsnarl ex
84835133,junlee789,0,1,213,Marnie's Grimmsnarl ex
84835133,Majkel1337,1,0,213,Dudunsparce
84835142,bono,0,1,214,Fezandipiti ex
84835142,wkonishi,1,0,214,Dudunsparce
84835145,aaa,0,1,30,Fezandipiti ex
84835145,すーぱーひとで,1,0,30,Dudunsparce
84835148,matsurih,0,0,189,Dudunsparce
84835148,aaa,1,1,189,Fezandipiti ex
84835149,lmaffei,0,0,134,Mega Lopunny ex
84835149,nasuo445,1,1,134,Cynthia's Garchomp ex
84835150,kazuki0123,0,1,152,Marnie's Grimmsnarl ex
84835150,hiro094,1,0,152,Mega Lucario ex
84835152,capbloo,0,0,147,Alakazam
84835152,ZETADIVISION,1,1,147,Dragapult ex
84835154,Rmy,0,1,79,Dudunsparce
84835154,WinDecks,1,0,79,Mega Starmie ex
84835156,Yushin Ito,0,1,84,Mega Starmie ex
84835156,LiamK,1,0,84,Teal Mask Ogerpon ex
84835160,Raihan Ramadistra,0,0,102,Mega Kangaskhan ex
84835160,Oleksandr_Savsunenko,1,1,102,Dudunsparce
84835161,bono,0,0,118,Mega Kangaskhan ex
84835161,Sota Uchiyama,1,1,118,Marnie's Grimmsnarl ex
84835164,btk15049,0,1,140,Cornerstone Mask Ogerpon ex
84835164,lmaffei,1,0,140,Mega Lopunny ex
84835168,wkonishi,0,1,184,Dudunsparce
84835168,btk15049,1,0,184,Cornerstone Mask Ogerpon ex
84835179,junlee789,0,0,151,Marnie's Grimmsnarl ex
84835179,Dũng Đỗ,1,1,151,Mega Kangaskhan ex
84835193,koga_poke,0,0,207,Yveltal
84835193,youtube.com/@BigBugginnings,1,1,207,Dragapult ex
84835238,bono,0,0,152,Fezandipiti ex
84835238,于笑非lilishyxf,1,1,152,Mega Lucario ex
84835247,kashiwashira,0,1,147,Team Rocket's Mewtwo ex
84835247,aaa,1,0,147,Fezandipiti ex
84835537,Topdecking is All You Need,0,0,17,Cynthia's Garchomp ex
84835537,zoroark190,1,1,17,Mega Kangaskhan ex
84835615,Yushin Ito,0,0,195,Marnie's Grimmsnarl ex
84835615,Raihan Ramadistra,1,1,195,Mega Kangaskhan ex
84835627,LiamK,0,1,136,Cornerstone Mask Ogerpon ex
84835627,Majkel1337,1,0,136,Bloodmoon Ursaluna
84835629,Majkel1337,0,0,76,Bloodmoon Ursaluna
84835629,nasuo445,1,1,76,Cynthia's Garchomp ex
84835631,bono,0,1,208,Fezandipiti ex
84835631,Majkel1337,1,0,208,Dudunsparce
84835634,aaa,0,0,95,Fezandipiti ex
84835634,LiamK,1,1,95,Cornerstone Mask Ogerpon ex
84835639,Topdecking is All You Need,0,0,141,Cynthia's Garchomp ex
84835639,matsurih,1,1,141,Dudunsparce
84835642,koga_poke,0,1,138,Yveltal
84835642,kazuki0123,1,0,138,Marnie's Grimmsnarl ex
84835648,Xander,0,1,93,Archaludon ex
84835648,Yushin Ito,1,0,93,Mega Starmie ex
84835649,THIRD PTCG Club,0,1,163,Fezandipiti ex
84835649,capbloo,1,0,163,Alakazam
84835656,MPGaming,0,0,147,Mega Kangaskhan ex
84835656,btk15049,1,1,147,Cornerstone Mask Ogerpon ex
84835694,matsurih,0,0,107,Dudunsparce
84835694,WinDecks,1,1,107,Mega Starmie ex
84835720,btk15049,0,0,129,Cornerstone Mask Ogerpon ex
84835720,ZETADIVISION,1,1,129,Dragapult ex
84836105,kashiwashira,0,0,119,Team Rocket's Mewtwo ex
84836105,junlee789,1,1,119,Marnie's Grimmsnarl ex
84836121,nasuo445,0,1,181,Cynthia's Garchomp ex
84836121,Raihan Ramadistra,1,0,181,Mega Kangaskhan ex
84836127,Majkel1337,0,0,205,Bloodmoon Ursaluna
84836127,nasuo445,1,1,205,Cynthia's Garchomp ex
84836134,渡邊征央,0,0,154,Marnie's Grimmsnarl ex
84836134,aaa,1,1,154,Fezandipiti ex
84836138,Gotem Penguin,0,1,284,Mega Froslass ex
84836138,bono,1,0,284,Fezandipiti ex
84836139,bono,0,1,212,Fezandipiti ex
84836139,nasuo445,1,0,212,Cynthia's Garchomp ex
84836140,LiamK,0,1,157,Cornerstone Mask Ogerpon ex
84836140,Rmy,1,0,157,Dudunsparce
84836142,kazuki0123,0,1,224,Marnie's Grimmsnarl ex
84836142,ZETADIVISION,1,0,224,Dragapult ex
84836144,NoOne,0,1,155,Dudunsparce
84836144,matsurih,1,0,155,Dudunsparce
84836145,bono,0,0,230,Fezandipiti ex
84836145,THIRD PTCG Club,1,1,230,Fezandipiti ex
84836146,wkonishi,0,1,96,Dudunsparce
84836146,Yushin Ito,1,0,96,Mega Starmie ex
84836148,ImANoob1122,0,0,139,Mega Lucario ex
84836148,capbloo,1,1,139,Alakazam
84836149,Raihan Ramadistra,0,0,51,Mega Kangaskhan ex
84836149,zoroark190,1,1,51,Mega Kangaskhan ex
84836151,Dũng Đỗ,0,1,136,Mega Kangaskhan ex
84836151,Bozo Boys,1,0,136,Alakazam
84836155,bono,0,0,87,Mega Kangaskhan ex
84836155,koga_poke,1,1,87,Yveltal
84836160,ごんさくよねきち,0,1,163,Marnie's Grimmsnarl ex
84836160,Raihan Ramadistra,1,0,163,Mega Kangaskhan ex
84836162,kazuki0123,0,0,197,Marnie's Grimmsnarl ex
84836162,youtube.com/@BigBugginnings,1,1,197,Dragapult ex
84836178,WinDecks,0,1,140,Mega Starmie ex
84836178,koga_poke,1,0,140,Yveltal
84836234,Akira-Ninth,0,1,25,Mega Lucario ex
84836234,Dũng Đỗ,1,0,25,Mega Kangaskhan ex
84836558,Topdecking is All You Need,0,1,136,Cynthia's Garchomp ex
84836558,Majkel1337,1,0,136,Bloodmoon Ursaluna
84836614,Yushin Ito,0,0,254,Marnie's Grimmsnarl ex
84836614,LiamK,1,1,254,Cornerstone Mask Ogerpon ex
84836620,Yufeng,0,0,100,Archaludon ex
84836620,LiamK,1,1,100,Cornerstone Mask Ogerpon ex
84836621,nasuo445,0,1,166,Cynthia's Garchomp ex
84836621,ゆとり,1,0,166,Cornerstone Mask Ogerpon ex
84836626,Akira-Ninth,0,0,138,Mega Lucario ex
84836626,Majkel1337,1,1,138,Dudunsparce
84836627,Majkel1337,0,1,24,Bloodmoon Ursaluna
84836627,BluezLee,1,0,24,Dudunsparce
84836628,Yushin Ito,0,1,153,Marnie's Grimmsnarl ex
84836628,aaa,1,0,153,Fezandipiti ex
84836634,5.5,0,0,222,Alakazam
84836634,nasuo445,1,1,222,Cynthia's Garchomp ex
84836636,matsurih,0,0,1673,Dudunsparce
84836636,bono,1,1,1673,Fezandipiti ex
84836641,kazuki0123,0,1,218,Marnie's Grimmsnarl ex
84836641,aaa,1,0,218,Fezandipiti ex
84836642,Rmy,0,1,188,Dudunsparce
84836642,Majkel1337,1,0,188,Dudunsparce
84836643,nasuo445,0,0,189,Cynthia's Garchomp ex
84836643,matsurih,1,1,189,Dudunsparce
84836644,THIRD PTCG Club,0,1,138,Fezandipiti ex
84836644,iwashi,1,0,138,Marnie's Grimmsnarl ex
84836649,Majkel1337,0,0,238,Dudunsparce
84836649,capbloo,1,1,238,Alakazam
84836651,btk15049,0,1,194,Cornerstone Mask Ogerpon ex
84836651,aaa,1,0,194,Fezandipiti ex
84836654,ごんさくよねきち,0,1,181,Marnie's Grimmsnarl ex
84836654,豆本豆豆包,1,0,181,Alakazam
84836660,aaa,0,0,107,Fezandipiti ex
84836660,WinDecks,1,1,107,Mega Starmie ex
84836671,zoroark190,0,1,139,Mega Kangaskhan ex
84836671,ZETADIVISION,1,0,139,Dragapult ex
84836691,wally0593,0,1,81,Dudunsparce
84836691,于笑非lilishyxf,1,0,81,Mega Lucario ex
84836713,ZETADIVISION,0,0,167,Dragapult ex
84836713,nasuo445,1,1,167,Cynthia's Garchomp ex
84837047,Topdecking is All You Need,0,1,201,Cynthia's Garchomp ex
84837047,Majkel1337,1,0,201,Dudunsparce
84837107,Yushin Ito,0,1,173,Marnie's Grimmsnarl ex
84837107,kazuki0123,1,0,173,Marnie's Grimmsnarl ex
84837109,Majkel1337,0,0,245,Bloodmoon Ursaluna
84837109,nasuo445,1,1,245,Cynthia's Garchomp ex
84837111,Oleksandr_Savsunenko,0,0,259,Dudunsparce
84837111,LiamK,1,1,259,Cornerstone Mask Ogerpon ex
84837115,Majkel1337,0,1,82,Bloodmoon Ursaluna
84837115,Dũng Đỗ,1,0,82,Mega Kangaskhan ex
84837116,Majkel1337,0,1,239,Dudunsparce
84837116,Ketchum Alt,1,0,239,Dudunsparce
84837121,bono,0,1,191,Fezandipiti ex
84837121,Rmy,1,0,191,Dudunsparce
84837122,matsurih,0,1,58,Dudunsparce
84837122,bono,1,0,58,Fezandipiti ex
84837123,nasuo445,0,0,164,Cynthia's Garchomp ex
84837123,Ketchum Alt,1,1,164,Dudunsparce
84837124,bono,0,1,147,Mega Kangaskhan ex
84837124,aaa,1,0,147,Fezandipiti ex
84837127,kashiwashira,0,1,160,Team Rocket's Mewtwo ex
84837127,kazuki0123,1,0,160,Marnie's Grimmsnarl ex
84837128,capbloo,0,0,35,Alakazam
84837128,WinDecks,1,1,35,Mega Starmie ex
84837129,Michael Long,0,1,102,Fezandipiti ex
84837129,yamy893,1,0,102,Chandelure
84837134,THIRD PTCG Club,0,1,152,Fezandipiti ex
84837134,5.5,1,0,152,Alakazam
84837138,wally0593,0,0,76,Dudunsparce
84837138,Yushin Ito,1,1,76,Mega Starmie ex
84837140,Michael Long,0,1,127,Fezandipiti ex
84837140,youtube.com/@BigBugginnings,1,0,127,Dragapult ex
84837143,Dũng Đỗ,0,0,224,Mega Kangaskhan ex
84837143,tw_shin,1,1,224,Marnie's Grimmsnarl ex
84837144,capbloo,0,1,161,Alakazam
84837144,Raihan Ramadistra,1,0,161,Mega Kangaskhan ex
84837145,Dũng Đỗ,0,0,142,Mega Kangaskhan ex
84837145,btk15049,1,1,142,Cornerstone Mask Ogerpon ex
84837146,wally0593,0,0,112,Dudunsparce
84837146,WinDecks,1,1,112,Mega Starmie ex
84837590,Yushin Ito,0,0,43,Marnie's Grimmsnarl ex
84837590,Rmy,1,1,43,Dudunsparce
84837595,kazuki0123,0,0,145,Marnie's Grimmsnarl ex
84837595,nasuo445,1,1,145,Cynthia's Garchomp ex
84837597,LiamK,0,0,143,Cornerstone Mask Ogerpon ex
84837597,ごんさくよねきち,1,1,143,Marnie's Grimmsnarl ex
84837599,kazuki0123,0,1,125,Marnie's Grimmsnarl ex
84837599,kashiwashira,1,0,125,Team Rocket's Mewtwo ex
84837601,Majkel1337,0,1,191,Dudunsparce
84837601,matsurih,1,0,191,Dudunsparce
84837603,Gotem Penguin,0,1,26,Mega Froslass ex
84837603,nasuo445,1,0,26,Cynthia's Garchomp ex
84837604,bono,0,1,154,Fezandipiti ex
84837604,junlee789,1,0,154,Marnie's Grimmsnarl ex
84837605,Michael Long,0,0,136,Fezandipiti ex
84837605,WinDecks,1,1,136,Mega Starmie ex
84837607,aaa,0,1,144,Fezandipiti ex
84837607,youtube.com/@BigBugginnings,1,0,144,Dragapult ex
84837608,Rmy,0,1,170,Dudunsparce
84837608,matsurih,1,0,170,Dudunsparce
84837615,zoroark190,0,1,150,Mega Kangaskhan ex
84837615,capbloo,1,0,150,Alakazam
84837616,btk15049,0,0,151,Cornerstone Mask Ogerpon ex
84837616,zoroark190,1,1,151,Mega Kangaskhan ex
84837618,kazuki0123,0,1,155,Marnie's Grimmsnarl ex
84837618,Yushin Ito,1,0,155,Mega Starmie ex
84837622,カドラバ Kadoraba,0,0,134,Fezandipiti ex
84837622,Raihan Ramadistra,1,1,134,Mega Kangaskhan ex
84837626,于笑非lilishyxf,0,1,148,Mega Lucario ex
84837626,zoroark190,1,0,148,Mega Kangaskhan ex
84837628,btk15049,0,1,215,Cornerstone Mask Ogerpon ex
84837628,ごんさくよねきち,1,0,215,Marnie's Grimmsnarl ex
84837660,bono,0,1,167,Mega Kangaskhan ex
84837660,Hase2727,1,0,167,Mega Kangaskhan ex
84838007,MPGaming,0,1,130,Mega Kangaskhan ex
84838007,Topdecking is All You Need,1,0,130,Cynthia's Garchomp ex
84838069,Yushin Ito,0,1,97,Marnie's Grimmsnarl ex
84838069,koga_poke,1,0,97,Yveltal
84838070,senkin13,0,0,199,Dudunsparce
84838070,nasuo445,1,1,199,Cynthia's Garchomp ex
84838072,LiamK,0,0,110,Cornerstone Mask Ogerpon ex
84838072,Xander,1,1,110,Archaludon ex
84838076,Raihan Ramadistra,0,0,61,Mega Kangaskhan ex
84838076,Majkel1337,1,1,61,Bloodmoon Ursaluna
84838077,MR.h,0,0,119,Crustle
84838077,Majkel1337,1,1,119,Dudunsparce
84838079,bono,0,0,168,Fezandipiti ex
84838079,aaa,1,1,168,Fezandipiti ex
84838081,koga_poke,0,0,102,Yveltal
84838081,aaa,1,1,102,Fezandipiti ex
84838082,Rmy,0,1,173,Dudunsparce
84838082,すーぱーひとで,1,0,173,Dudunsparce
84838083,Michael Long,0,0,155,Fezandipiti ex
84838083,渡邊征央,1,1,155,Marnie's Grimmsnarl ex
84838085,WinDecks,0,0,136,Mega Starmie ex
84838085,btk15049,1,1,136,Cornerstone Mask Ogerpon ex
84838086,kazuki0123,0,1,203,Marnie's Grimmsnarl ex
84838086,Abhyuday,1,0,203,Dudunsparce
84838099,Bozo Boys,0,0,250,Alakazam
84838099,kashiwashira,1,1,250,Team Rocket's Mewtwo ex
84838105,zoroark190,0,1,119,Mega Kangaskhan ex
84838105,于笑非lilishyxf,1,0,119,Mega Lucario ex
84838191,btk15049,0,1,221,Cornerstone Mask Ogerpon ex
84838191,ZETADIVISION,1,0,221,Dragapult ex
84838554,Yushin Ito,0,1,129,Marnie's Grimmsnarl ex
84838554,nasuo445,1,0,129,Cynthia's Garchomp ex
84838556,Michael Long,0,0,195,Fezandipiti ex
84838556,nasuo445,1,1,195,Cynthia's Garchomp ex
84838558,kazuki0123,0,0,161,Marnie's Grimmsnarl ex
84838558,LiamK,1,1,161,Cornerstone Mask Ogerpon ex
84838560,Majkel1337,0,1,282,Dudunsparce
84838560,kashiwashira,1,0,282,Team Rocket's Mewtwo ex
84838562,Topdecking is All You Need,0,0,172,Cynthia's Garchomp ex
84838562,Majkel1337,1,1,172,Bloodmoon Ursaluna
84838565,kazuki0123,0,1,197,Marnie's Grimmsnarl ex
84838565,aaa,1,0,197,Fezandipiti ex
84838566,Rmy,0,0,173,Dudunsparce
84838566,Michael Long,1,1,173,Fezandipiti ex
84838569,aaa,0,1,161,Fezandipiti ex
84838569,Michael Long,1,0,161,Fezandipiti ex
84838572,koga_poke,0,1,115,Yveltal
84838572,capbloo,1,0,115,Alakazam
84838576,btk15049,0,1,112,Cornerstone Mask Ogerpon ex
84838576,lmaffei,1,0,112,Mega Lopunny ex
84838579,kashiwashira,0,1,98,Team Rocket's Mewtwo ex
84838579,tonakaiiii,1,0,98,Marnie's Grimmsnarl ex
84838580,matsurih,0,0,114,Dudunsparce
84838580,Yushin Ito,1,1,114,Mega Starmie ex
84838583,THIRD PTCG Club,0,1,87,Fezandipiti ex
84838583,WinDecks,1,0,87,Mega Starmie ex
84838644,Gotem Penguin,0,1,22,Mega Froslass ex
84838644,kidekikish,1,0,22,Chandelure
84838646,Majkel1337,0,0,209,Bloodmoon Ursaluna
84838646,Bozo Boys,1,1,209,Alakazam
84838995,btk15049,0,0,199,Cornerstone Mask Ogerpon ex
84838995,Topdecking is All You Need,1,1,199,Cynthia's Garchomp ex
84839041,Yushin Ito,0,0,159,Marnie's Grimmsnarl ex
84839041,nasuo445,1,1,159,Cynthia's Garchomp ex
84839047,nasuo445,0,1,143,Cynthia's Garchomp ex
84839047,ImANoob1122,1,0,143,Mega Lucario ex
84839049,LiamK,0,0,91,Cornerstone Mask Ogerpon ex
84839049,lmaffei,1,1,91,Mega Lopunny ex
84839051,aaa,0,1,72,Fezandipiti ex
84839051,Majkel1337,1,0,72,Bloodmoon Ursaluna
84839053,aaa,0,1,42,Fezandipiti ex
84839053,bono,1,0,42,Fezandipiti ex
84839055,nasuo445,0,1,227,Cynthia's Garchomp ex
84839055,capbloo,1,0,227,Alakazam
84839056,THIRD PTCG Club,0,1,126,Fezandipiti ex
84839056,Yufeng,1,0,126,Archaludon ex
84839060,Rmy,0,1,123,Dudunsparce
84839060,Moegi,1,0,123,Archaludon ex
84839061,btk15049,0,0,175,Cornerstone Mask Ogerpon ex
84839061,aaa,1,1,175,Fezandipiti ex
84839067,THIRD PTCG Club,0,1,155,Fezandipiti ex
84839067,matsurih,1,0,155,Dudunsparce
84839068,Sota Uchiyama,0,0,37,Marnie's Grimmsnarl ex
84839068,zoroark190,1,1,37,Mega Kangaskhan ex
84839070,kashiwashira,0,0,206,Team Rocket's Mewtwo ex
84839070,btk15049,1,1,206,Cornerstone Mask Ogerpon ex
84839071,youtube.com/@BigBugginnings,0,0,130,Dragapult ex
84839071,Yushin Ito,1,1,130,Mega Starmie ex
84839086,capbloo,0,1,185,Alakazam
84839086,wally0593,1,0,185,Dudunsparce
84839518,Rmy,0,1,115,Dudunsparce
84839518,Yushin Ito,1,0,115,Marnie's Grimmsnarl ex
84839521,nasuo445,0,1,135,Cynthia's Garchomp ex
84839521,Yushin Ito,1,0,135,Marnie's Grimmsnarl ex
84839526,btk15049,0,0,163,Cornerstone Mask Ogerpon ex
84839526,LiamK,1,1,163,Cornerstone Mask Ogerpon ex
84839528,Majkel1337,0,0,206,Dudunsparce
84839528,bono,1,1,206,Fezandipiti ex
84839530,suguuuuu & hiehie,0,1,207,Fezandipiti ex
84839530,Majkel1337,1,0,207,Bloodmoon Ursaluna
84839531,aaa,0,1,201,Fezandipiti ex
84839531,wally0593,1,0,201,Dudunsparce
84839535,Rmy,0,0,180,Dudunsparce
84839535,aaa,1,1,180,Fezandipiti ex
84839536,WinDecks,0,0,96,Mega Starmie ex
84839536,THIRD PTCG Club,1,1,96,Fezandipiti ex
84839537,nasuo445,0,1,123,Cynthia's Garchomp ex
84839537,MPGaming,1,0,123,Mega Kangaskhan ex
84839539,bono,0,0,106,Fezandipiti ex
84839539,koga_poke,1,1,106,Yveltal
84839540,kazuki0123,0,0,115,Marnie's Grimmsnarl ex
84839540,Raihan Ramadistra,1,1,115,Mega Kangaskhan ex
84839542,btk15049,0,1,156,Cornerstone Mask Ogerpon ex
84839542,kidekikish,1,0,156,Chandelure
84839545,zoroark190,0,1,140,Mega Kangaskhan ex
84839545,Sota Uchiyama,1,0,140,Marnie's Grimmsnarl ex
84839546,Yushin Ito,0,1,90,Mega Starmie ex
84839546,박강찬,1,0,90,Cynthia's Garchomp ex
84839554,于笑非lilishyxf,0,0,84,Mega Lucario ex
84839554,kashiwashira,1,1,84,Team Rocket's Mewtwo ex
84839555,豆本豆豆包,0,1,97,Alakazam
84839555,bono,1,0,97,Mega Kangaskhan ex
84839568,Gotem Penguin,0,0,396,Mega Froslass ex
84839568,Rmy,1,1,396,Dudunsparce
84839584,btk15049,0,1,191,Cornerstone Mask Ogerpon ex
84839584,aaa,1,0,191,Fezandipiti ex
84839965,Topdecking is All You Need,0,0,143,Cynthia's Garchomp ex
84839965,koga_poke,1,1,143,Yveltal
84840000,nasuo445,0,1,67,Cynthia's Garchomp ex
84840000,bono,1,0,67,Fezandipiti ex
84840009,LiamK,0,0,71,Cornerstone Mask Ogerpon ex
84840009,Yushin Ito,1,1,71,Mega Starmie ex
84840010,Michael Long,0,1,162,Fezandipiti ex
84840010,aaa,1,0,162,Fezandipiti ex
84840015,Majkel1337,0,1,224,Bloodmoon Ursaluna
84840015,すーぱーひとで,1,0,224,Dudunsparce
84840016,WinDecks,0,1,118,Mega Starmie ex
84840016,Majkel1337,1,0,118,Dudunsparce
84840018,aaa,0,1,156,Fezandipiti ex
84840018,THIRD PTCG Club,1,0,156,Fezandipiti ex
84840019,trickstar,0,1,121,Fezandipiti ex
84840019,nasuo445,1,0,121,Cynthia's Garchomp ex
84840020,Rmy,0,0,178,Dudunsparce
84840020,kazuki0123,1,1,178,Marnie's Grimmsnarl ex
84840023,Bozo Boys,0,0,141,Alakazam
84840023,bono,1,1,141,Fezandipiti ex
84840025,kazuki0123,0,1,216,Marnie's Grimmsnarl ex
84840025,Shardul Gharat,1,0,216,Marnie's Grimmsnarl ex
84840027,youtube.com/@BigBugginnings,0,1,203,Dragapult ex
84840027,Michael Long,1,0,203,Fezandipiti ex
84840028,Raihan Ramadistra,0,1,168,Mega Kangaskhan ex
84840028,matsurih,1,0,168,Dudunsparce
84840029,Yushin Ito,0,0,28,Mega Starmie ex
84840029,Gotem Penguin,1,1,28,Mega Froslass ex
84840032,btk15049,0,0,181,Cornerstone Mask Ogerpon ex
84840032,capbloo,1,1,181,Alakazam
84840033,kashiwashira,0,1,109,Team Rocket's Mewtwo ex
84840033,于笑非lilishyxf,1,0,109,Mega Lucario ex
84840041,于笑非lilishyxf,0,1,52,Mega Lucario ex
84840041,bono,1,0,52,Mega Kangaskhan ex
84840053,WinDecks,0,1,91,Mega Starmie ex
84840053,suwat513,1,0,91,Fezandipiti ex
84840058,Majkel1337,0,1,1440,Dudunsparce
84840058,Gotem Penguin,1,0,1440,Mega Froslass ex
84840099,wally0593,0,0,196,Dudunsparce
84840099,ごんさくよねきち,1,1,196,Marnie's Grimmsnarl ex
84840495,LiamK,0,1,105,Cornerstone Mask Ogerpon ex
84840495,変化の書ゾロアーク,1,0,105,Alakazam
84840496,みがわり,0,1,152,Alakazam
84840496,aaa,1,0,152,Fezandipiti ex
84840502,Yushin Ito,0,1,216,Marnie's Grimmsnarl ex
84840502,Majkel1337,1,0,216,Bloodmoon Ursaluna
84840504,tonakaiiii,0,0,141,Marnie's Grimmsnarl ex
84840504,Rmy,1,1,141,Dudunsparce
84840505,THIRD PTCG Club,0,1,163,Fezandipiti ex
84840505,suwat513,1,0,163,Fezandipiti ex
84840507,nasuo445,0,0,154,Cynthia's Garchomp ex
84840507,koga_poke,1,1,154,Yveltal
84840509,nasuo445,0,0,131,Cynthia's Garchomp ex
84840509,Majkel1337,1,1,131,Dudunsparce
84840513,kazuki0123,0,0,234,Marnie's Grimmsnarl ex
84840513,junlee789,1,1,234,Marnie's Grimmsnarl ex
84840520,Yushin Ito,0,0,101,Mega Starmie ex
84840520,bono,1,1,101,Fezandipiti ex
84840521,btk15049,0,1,81,Cornerstone Mask Ogerpon ex
84840521,bono,1,0,81,Mega Kangaskhan ex
84840528,Gotem Penguin,0,0,214,Mega Froslass ex
84840528,Raihan Ramadistra,1,1,214,Mega Kangaskhan ex
84840529,Majkel1337,0,1,95,Bloodmoon Ursaluna
84840529,WinDecks,1,0,95,Mega Starmie ex
84840570,ごんさくよねきち,0,1,151,Marnie's Grimmsnarl ex
84840570,btk15049,1,0,151,Cornerstone Mask Ogerpon ex
84840600,junlee789,0,1,157,Marnie's Grimmsnarl ex
84840600,youtube.com/@BigBugginnings,1,0,157,Dragapult ex
84840994,nasuo445,0,1,133,Cynthia's Garchomp ex
84840994,Yushin Ito,1,0,133,Marnie's Grimmsnarl ex
84840995,aaa,0,0,209,Fezandipiti ex
84840995,nasuo445,1,1,209,Cynthia's Garchomp ex
84841001,THIRD PTCG Club,0,0,166,Fezandipiti ex
84841001,bono,1,1,166,Fezandipiti ex
84841002,Rmy,0,0,254,Dudunsparce
84841002,kashiwashira,1,1,254,Team Rocket's Mewtwo ex
84841003,matsurih,0,0,173,Dudunsparce
84841003,bono,1,1,173,Fezandipiti ex
84841005,Majkel1337,0,1,98,Bloodmoon Ursaluna
84841005,MR.h,1,0,98,Crustle
84841009,Michael Long,0,1,123,Fezandipiti ex
84841009,Topdecking is All You Need,1,0,123,Cynthia's Garchomp ex
84841010,박강찬,0,1,153,Cynthia's Garchomp ex
84841010,kazuki0123,1,0,153,Marnie's Grimmsnarl ex
84841011,nasuo445,0,0,201,Cynthia's Garchomp ex
84841011,Topdecking is All You Need,1,1,201,Cynthia's Garchomp ex
84841013,Raihan Ramadistra,0,1,28,Mega Kangaskhan ex
84841013,Akira-Ninth,1,0,28,Mega Lucario ex
84841014,Majkel1337,0,1,204,Dudunsparce
84841014,Michael Long,1,0,204,Fezandipiti ex
84841017,LiamK,0,1,158,Cornerstone Mask Ogerpon ex
84841017,Xander,1,0,158,Archaludon ex
84841019,aaa,0,0,23,Fezandipiti ex
84841019,Xander,1,1,23,Archaludon ex
84841021,Yushin Ito,0,1,99,Mega Starmie ex
84841021,suwat513,1,0,99,Fezandipiti ex
84841026,zoroark190,0,1,84,Mega Kangaskhan ex
84841026,Raihan Ramadistra,1,0,84,Mega Kangaskhan ex
84841028,Raihan Ramadistra,0,0,112,Mega Kangaskhan ex
84841028,WinDecks,1,1,112,Mega Starmie ex
84841033,Gotem Penguin,0,1,144,Mega Froslass ex
84841033,kashiwashira,1,0,144,Team Rocket's Mewtwo ex
84841039,ごんさくよねきち,0,1,122,Marnie's Grimmsnarl ex
84841039,Akira-Ninth,1,0,122,Mega Lucario ex
84841080,Topdecking is All You Need,0,1,211,Cynthia's Garchomp ex
84841080,btk15049,1,0,211,Cornerstone Mask Ogerpon ex
84841488,nasuo445,0,0,40,Cynthia's Garchomp ex
84841488,Yushin Ito,1,1,40,Marnie's Grimmsnarl ex
84841496,Kento Umeda,0,1,196,Dudunsparce
84841496,Majkel1337,1,0,196,Dudunsparce
84841500,LiamK,0,0,174,Cornerstone Mask Ogerpon ex
84841500,Majkel1337,1,1,174,Bloodmoon Ursaluna
84841501,bono,0,1,118,Mega Kangaskhan ex
84841501,aaa,1,0,118,Fezandipiti ex
84841502,bono,0,1,105,Fezandipiti ex
84841502,Topdecking is All You Need,1,0,105,Cynthia's Garchomp ex
84841504,Rmy,0,0,143,Dudunsparce
84841504,Yushin Ito,1,1,143,Marnie's Grimmsnarl ex
84841506,btk15049,0,0,196,Cornerstone Mask Ogerpon ex
84841506,THIRD PTCG Club,1,1,196,Fezandipiti ex
84841508,zoroark190,0,0,88,Mega Kangaskhan ex
84841508,wkonishi,1,1,88,Dudunsparce
84841509,ZETADIVISION,0,1,163,Dragapult ex
84841509,Michael Long,1,0,163,Fezandipiti ex
84841512,nasuo445,0,0,188,Cynthia's Garchomp ex
84841512,ZETADIVISION,1,1,188,Dragapult ex
84841513,btk15049,0,0,147,Cornerstone Mask Ogerpon ex
84841513,Raihan Ramadistra,1,1,147,Mega Kangaskhan ex
84841515,btk15049,0,1,192,Cornerstone Mask Ogerpon ex
84841515,Gotem Penguin,1,0,192,Mega Froslass ex
84841516,kazuki0123,0,1,198,Marnie's Grimmsnarl ex
84841516,bono,1,0,198,Fezandipiti ex
84841519,WinDecks,0,0,143,Mega Starmie ex
84841519,THIRD PTCG Club,1,1,143,Fezandipiti ex
84841520,BluezLee,0,0,30,Dudunsparce
84841520,kashiwashira,1,1,30,Team Rocket's Mewtwo ex
84841538,ごんさくよねきち,0,0,145,Marnie's Grimmsnarl ex
84841538,Boss's Orders Are All You Need,1,1,145,Shaymin
84841552,bono,0,1,125,Mega Kangaskhan ex
84841552,Gotem Penguin,1,0,125,Mega Froslass ex
84841985,junlee789,0,1,186,Marnie's Grimmsnarl ex
84841985,Yushin Ito,1,0,186,Marnie's Grimmsnarl ex
84841991,kidekikish,0,0,134,Chandelure
84841991,LiamK,1,1,134,Cornerstone Mask Ogerpon ex
84841992,Majkel1337,0,0,257,Bloodmoon Ursaluna
84841992,youtube.com/@BigBugginnings,1,1,257,Dragapult ex
84841995,Majkel1337,0,1,122,Dudunsparce
84841995,nasuo445,1,0,122,Cynthia's Garchomp ex
84842000,mitomeat823,0,0,125,Mega Lucario ex
84842000,THIRD PTCG Club,1,1,125,Fezandipiti ex
84842001,aaa,0,1,74,Fezandipiti ex
84842001,LiamK,1,0,74,Teal Mask Ogerpon ex
84842002,Topdecking is All You Need,0,0,149,Cynthia's Garchomp ex
84842002,Raihan Ramadistra,1,1,149,Mega Kangaskhan ex
84842004,Rmy,0,0,188,Dudunsparce
84842004,kuromoka,1,1,188,Cynthia's Garchomp ex
84842005,Raihan Ramadistra,0,1,111,Mega Kangaskhan ex
84842005,koga_poke,1,0,111,Yveltal
84842007,zoroark190,0,0,68,Mega Kangaskhan ex
84842007,Gotem Penguin,1,1,68,Mega Froslass ex
84842008,kazuki0123,0,1,201,Marnie's Grimmsnarl ex
84842008,Sota Uchiyama,1,0,201,Marnie's Grimmsnarl ex
84842009,LiamK,0,1,150,Cornerstone Mask Ogerpon ex
84842009,Michael Long,1,0,150,Fezandipiti ex
84842013,Majkel1337,0,1,134,Bloodmoon Ursaluna
84842013,Yushin Ito,1,0,134,Mega Starmie ex
84842016,ごんさくよねきち,0,1,169,Marnie's Grimmsnarl ex
84842016,btk15049,1,0,169,Cornerstone Mask Ogerpon ex
84842017,lmaffei,0,1,181,Mega Lopunny ex
84842017,bono,1,0,181,Mega Kangaskhan ex
84842045,ごんさくよねきち,0,1,116,Marnie's Grimmsnarl ex
84842045,bono,1,0,116,Mega Kangaskhan ex
84842066,youtube.com/@BigBugginnings,0,1,163,Dragapult ex
84842066,Gotem Penguin,1,0,163,Mega Froslass ex
84842482,nasuo445,0,0,57,Cynthia's Garchomp ex
84842482,Majkel1337,1,1,57,Dudunsparce
84842483,Yushin Ito,0,1,194,Marnie's Grimmsnarl ex
84842483,youtube.com/@BigBugginnings,1,0,194,Dragapult ex
84842489,soyukke,0,0,115,Alakazam
84842489,LiamK,1,1,115,Cornerstone Mask Ogerpon ex
84842495,Yushin Ito,0,1,25,Mega Starmie ex
84842495,Majkel1337,1,0,25,Dudunsparce
84842496,aaa,0,0,141,Fezandipiti ex
84842496,Raihan Ramadistra,1,1,141,Mega Kangaskhan ex
84842497,Majkel1337,0,0,249,Bloodmoon Ursaluna
84842497,btk15049,1,1,249,Cornerstone Mask Ogerpon ex
84842499,Raihan Ramadistra,0,1,114,Mega Kangaskhan ex
84842499,Star-mine,1,0,114,Chandelure
84842501,kazuki0123,0,0,167,Marnie's Grimmsnarl ex
84842501,やる気元気ミワハルキ,1,1,167,Mega Lucario ex
84842504,bono,0,0,43,Fezandipiti ex
84842504,박강찬,1,1,43,Cynthia's Garchomp ex
84842506,Rmy,0,0,223,Dudunsparce
84842506,THIRD PTCG Club,1,1,223,Fezandipiti ex
84842509,zoroark190,0,0,131,Mega Kangaskhan ex
84842509,wkonishi,1,1,131,Dudunsparce
84842512,Michael Long,0,0,151,Fezandipiti ex
84842512,junlee789,1,1,151,Marnie's Grimmsnarl ex
84842513,nasuo445,0,1,208,Cynthia's Garchomp ex
84842513,bono,1,0,208,Fezandipiti ex
84842517,THIRD PTCG Club,0,1,89,Fezandipiti ex
84842517,Yushin Ito,1,0,89,Mega Starmie ex
84842519,capbloo,0,1,248,Alakazam
84842519,kashiwashira,1,0,248,Team Rocket's Mewtwo ex
84842522,btk15049,0,0,259,Cornerstone Mask Ogerpon ex
84842522,ごんさくよねきち,1,1,259,Marnie's Grimmsnarl ex
84842524,Majkel1337,0,1,136,Bloodmoon Ursaluna
84842524,ごんさくよねきち,1,0,136,Marnie's Grimmsnarl ex
84842554,bono,0,0,129,Mega Kangaskhan ex
84842554,LiamK,1,1,129,Teal Mask Ogerpon ex
84842916,Rmy,0,1,218,Dudunsparce
84842916,wally0593,1,0,218,Dudunsparce
84842989,Yushin Ito,0,0,183,Marnie's Grimmsnarl ex
84842989,Majkel1337,1,1,183,Dudunsparce
84842992,nasuo445,0,0,205,Cynthia's Garchomp ex
84842992,wally0593,1,1,205,Dudunsparce
84842994,Yushin Ito,0,0,248,Marnie's Grimmsnarl ex
84842994,LiamK,1,1,248,Cornerstone Mask Ogerpon ex
84842998,THIRD PTCG Club,0,1,119,Fezandipiti ex
84842998,LiamK,1,0,119,Teal Mask Ogerpon ex
84843001,Majkel1337,0,1,155,Bloodmoon Ursaluna
84843001,Moegi,1,0,155,Archaludon ex
84843006,Majkel1337,0,1,133,Dudunsparce
84843006,Yushin Ito,1,0,133,Marnie's Grimmsnarl ex
84843007,aaa,0,1,164,Fezandipiti ex
84843007,Majkel1337,1,0,164,Bloodmoon Ursaluna
84843009,tonakaiiii,0,0,181,Marnie's Grimmsnarl ex
84843009,nasuo445,1,1,181,Cynthia's Garchomp ex
84843010,capbloo,0,1,182,Alakazam
84843010,Oleksandr_Savsunenko,1,0,182,Dudunsparce
84843011,bono,0,1,173,Fezandipiti ex
84843011,Majkel1337,1,0,173,Dudunsparce
84843012,Michael Long,0,0,101,Fezandipiti ex
84843012,Yushin Ito,1,1,101,Mega Starmie ex
84843013,Rmy,0,0,179,Dudunsparce
84843013,tonakaiiii,1,1,179,Marnie's Grimmsnarl ex
84843015,WinDecks,0,1,60,Mega Starmie ex
84843015,youtube.com/@BigBugginnings,1,0,60,Dragapult ex
84843016,kazuki0123,0,0,155,Marnie's Grimmsnarl ex
84843016,ZETADIVISION,1,1,155,Dragapult ex
84843023,Moegi,0,0,165,Archaludon ex
84843023,zoroark190,1,1,165,Mega Kangaskhan ex
84843499,Majkel1337,0,1,141,Dudunsparce
84843499,nasuo445,1,0,141,Cynthia's Garchomp ex
84843503,Yushin Ito,0,1,177,Marnie's Grimmsnarl ex
84843503,カドラバ Kadoraba,1,0,177,Fezandipiti ex
84843506,LiamK,0,1,112,Cornerstone Mask Ogerpon ex
84843506,tw_shin,1,0,112,Marnie's Grimmsnarl ex
84843508,THIRD PTCG Club,0,1,199,Fezandipiti ex
84843508,btk15049,1,0,199,Cornerstone Mask Ogerpon ex
84843513,Majkel1337,0,1,169,Dudunsparce
84843513,Rmy,1,0,169,Dudunsparce
84843515,aaa,0,0,208,Fezandipiti ex
84843515,Majkel1337,1,1,208,Bloodmoon Ursaluna
84843523,Raihan Ramadistra,0,1,135,Mega Kangaskhan ex
84843523,ごんさくよねきち,1,0,135,Marnie's Grimmsnarl ex
84843524,capbloo,0,0,201,Alakazam
84843524,THIRD PTCG Club,1,1,201,Fezandipiti ex
84843526,lmaffei,0,1,109,Mega Lopunny ex
84843526,WinDecks,1,0,109,Mega Starmie ex
84843527,Yushin Ito,0,0,85,Mega Starmie ex
84843527,aaa,1,1,85,Fezandipiti ex
84843530,btk15049,0,0,124,Cornerstone Mask Ogerpon ex
84843530,bono,1,1,124,Fezandipiti ex
84843531,kazuki0123,0,0,126,Marnie's Grimmsnarl ex
84843531,zoroark190,1,1,126,Mega Kangaskhan ex
84843534,Rmy,0,1,266,Dudunsparce
84843534,suwat513,1,0,266,Fezandipiti ex
84843537,zoroark190,0,1,36,Mega Kangaskhan ex
84843537,Xander,1,0,36,Archaludon ex
84843561,kashiwashira,0,1,192,Team Rocket's Mewtwo ex
84843561,Majkel1337,1,0,192,Bloodmoon Ursaluna
84843566,wkonishi,0,1,177,Dudunsparce
84843566,btk15049,1,0,177,Cornerstone Mask Ogerpon ex
84843583,matsurih,0,0,179,Dudunsparce
84843583,ごんさくよねきち,1,1,179,Marnie's Grimmsnarl ex
84843585,Michael Long,0,1,171,Fezandipiti ex
84843585,ZETADIVISION,1,0,171,Dragapult ex
84844039,Majkel1337,0,1,116,Bloodmoon Ursaluna
84844039,Yushin Ito,1,0,116,Mega Starmie ex
84844041,nasuo445,0,1,106,Cynthia's Garchomp ex
84844041,Hase2727,1,0,106,Mega Kangaskhan ex
84844042,WinDecks,0,1,124,Mega Starmie ex
84844042,btk15049,1,0,124,Cornerstone Mask Ogerpon ex
84844043,5.5,0,1,166,Alakazam
84844043,Yushin Ito,1,0,166,Marnie's Grimmsnarl ex
84844048,Majkel1337,0,1,62,Dudunsparce
84844048,senkin13,1,0,62,Dudunsparce
84844049,aaa,0,1,153,Fezandipiti ex
84844049,zoroark190,1,0,153,Mega Kangaskhan ex
84844050,kashiwashira,0,0,120,Team Rocket's Mewtwo ex
84844050,Yushin Ito,1,1,120,Mega Starmie ex
84844052,wkonishi,0,1,114,Dudunsparce
84844052,Raihan Ramadistra,1,0,114,Mega Kangaskhan ex
84844054,LiamK,0,0,102,Cornerstone Mask Ogerpon ex
84844054,WinDecks,1,1,102,Mega Starmie ex
84844057,wally0593,0,1,126,Dudunsparce
84844057,nasuo445,1,0,126,Cynthia's Garchomp ex
84844059,THIRD PTCG Club,0,0,145,Fezandipiti ex
84844059,XIAODOUZI,1,1,145,Marnie's Grimmsnarl ex
84844061,aaa,0,1,190,Fezandipiti ex
84844061,wally0593,1,0,190,Dudunsparce
84844062,Michael Long,0,1,200,Fezandipiti ex
84844062,Rmy,1,0,200,Dudunsparce
84844067,bono,0,1,191,Fezandipiti ex
84844067,Bozo Boys,1,0,191,Alakazam
84844071,capbloo,0,0,174,Alakazam
84844071,THIRD PTCG Club,1,1,174,Fezandipiti ex
84844082,kazuki0123,0,1,243,Marnie's Grimmsnarl ex
84844082,渡邊征央,1,0,243,Marnie's Grimmsnarl ex
84844105,Michael Long,0,1,185,Fezandipiti ex
84844105,Majkel1337,1,0,185,Dudunsparce
84844559,nasuo445,0,0,131,Cynthia's Garchomp ex
84844559,matsurih,1,1,131,Dudunsparce
84844561,Yushin Ito,0,0,209,Marnie's Grimmsnarl ex
84844561,nasuo445,1,1,209,Cynthia's Garchomp ex
84844562,wally0593,0,0,226,Dudunsparce
84844562,THIRD PTCG Club,1,1,226,Fezandipiti ex
84844563,LiamK,0,0,274,Cornerstone Mask Ogerpon ex
84844563,Yushin Ito,1,1,274,Marnie's Grimmsnarl ex
84844566,Majkel1337,0,0,171,Dudunsparce
84844566,Michael Long,1,1,171,Fezandipiti ex
84844568,junlee789,0,1,183,Marnie's Grimmsnarl ex
84844568,Majkel1337,1,0,183,Bloodmoon Ursaluna
84844569,aaa,0,1,162,Fezandipiti ex
84844569,Michael Long,1,0,162,Fezandipiti ex
84844570,genki toyama,0,0,113,Mega Lucario ex
84844570,Raihan Ramadistra,1,1,113,Mega Kangaskhan ex
84844574,Oleksandr_Savsunenko,0,0,174,Dudunsparce
84844574,bono,1,1,174,Fezandipiti ex
84844579,capbloo,0,1,95,Alakazam
84844579,zoroark190,1,0,95,Mega Kangaskhan ex
84844583,渡邊征央,0,0,153,Marnie's Grimmsnarl ex
84844583,nasuo445,1,1,153,Cynthia's Garchomp ex
84844599,Michael Long,0,0,185,Fezandipiti ex
84844599,LiamK,1,1,185,Cornerstone Mask Ogerpon ex
84844608,kazuki0123,0,1,149,Marnie's Grimmsnarl ex
84844608,カドラバ Kadoraba,1,0,149,Fezandipiti ex
84844609,Rmy,0,1,151,Dudunsparce
84844609,suwat513,1,0,151,Fezandipiti ex
84844629,kashiwashira,0,1,128,Team Rocket's Mewtwo ex
84844629,Star-mine,1,0,128,Chandelure
84844832,btk15049,0,1,154,Cornerstone Mask Ogerpon ex
84844832,5.5,1,0,154,Alakazam
84845079,LiamK,0,1,138,Cornerstone Mask Ogerpon ex
84845079,kawachi,1,0,138,Fezandipiti ex
84845080,nasuo445,0,1,167,Cynthia's Garchomp ex
84845080,NoOne,1,0,167,Dudunsparce
84845084,THIRD PTCG Club,0,1,112,Fezandipiti ex
84845084,やる気元気ミワハルキ,1,0,112,Mega Lucario ex
84845085,Majkel1337,0,1,163,Dudunsparce
84845085,Yushin Ito,1,0,163,Marnie's Grimmsnarl ex
84845088,Majkel1337,0,1,52,Dudunsparce
84845088,Yushin Ito,1,0,52,Mega Starmie ex
84845092,aaa,0,1,162,Fezandipiti ex
84845092,ごんさくよねきち,1,0,162,Marnie's Grimmsnarl ex
84845093,Raihan Ramadistra,0,1,147,Mega Kangaskhan ex
84845093,ImANoob1122,1,0,147,Mega Lucario ex
84845094,Majkel1337,0,0,174,Bloodmoon Ursaluna
84845094,kazuki0123,1,1,174,Marnie's Grimmsnarl ex
84845095,bono,0,0,212,Fezandipiti ex
84845095,kazuki0123,1,1,212,Marnie's Grimmsnarl ex
84845099,Abhyuday,0,0,237,Dudunsparce
84845099,nasuo445,1,1,237,Cynthia's Garchomp ex
84845135,kazuki0123,0,1,201,Marnie's Grimmsnarl ex
84845135,Bozo Boys,1,0,201,Alakazam
84845152,wally0593,0,0,104,Dudunsparce
84845152,WinDecks,1,1,104,Mega Starmie ex
84845153,zoroark190,0,1,86,Mega Kangaskhan ex
84845153,Yudai Ueno,1,0,86,Marnie's Grimmsnarl ex
84845359,Xander,0,0,102,Archaludon ex
84845359,5.5,1,1,102,Alakazam
84845548,Rmy,0,1,171,Dudunsparce
84845548,Yushin Ito,1,0,171,Marnie's Grimmsnarl ex
84845601,nasuo445,0,1,207,Cynthia's Garchomp ex
84845601,junlee789,1,0,207,Marnie's Grimmsnarl ex
84845604,Majkel1337,0,1,195,Bloodmoon Ursaluna
84845604,matsurih,1,0,195,Dudunsparce
84845605,LiamK,0,1,158,Cornerstone Mask Ogerpon ex
84845605,aaa,1,0,158,Fezandipiti ex
84845606,tw_shin,0,1,179,Marnie's Grimmsnarl ex
84845606,aaa,1,0,179,Fezandipiti ex
84845613,Rmy,0,1,175,Dudunsparce
84845613,Kento Umeda,1,0,175,Dudunsparce
84845617,Majkel1337,0,0,120,Dudunsparce
84845617,WinDecks,1,1,120,Mega Starmie ex
84845633,nasuo445,0,1,222,Cynthia's Garchomp ex
84845633,btk15049,1,0,222,Cornerstone Mask Ogerpon ex
84845642,THIRD PTCG Club,0,0,146,Marnie's Grimmsnarl ex
84845642,Raihan Ramadistra,1,1,146,Mega Kangaskhan ex
84845647,Yushin Ito,0,1,25,Mega Starmie ex
84845647,bono,1,0,25,Fezandipiti ex
84845649,Gotem Penguin,0,0,100,Mega Froslass ex
84845649,WinDecks,1,1,100,Mega Starmie ex
84845650,すーぱーひとで,0,0,210,Dudunsparce
84845650,THIRD PTCG Club,1,1,210,Fezandipiti ex
84846124,Rmy,0,1,143,Dudunsparce
84846124,nasuo445,1,0,143,Cynthia's Garchomp ex
84846125,LiamK,0,1,145,Cornerstone Mask Ogerpon ex
84846125,THIRD PTCG Club,1,0,145,Fezandipiti ex
84846126,kazuki0123,0,0,146,Marnie's Grimmsnarl ex
84846126,LiamK,1,1,146,Cornerstone Mask Ogerpon ex
84846131,Raihan Ramadistra,0,1,155,Mega Kangaskhan ex
84846131,Michael Long,1,0,155,Fezandipiti ex
84846132,于笑非lilishyxf,0,0,87,Mega Lucario ex
84846132,Yushin Ito,1,1,87,Marnie's Grimmsnarl ex
84846137,nasuo445,0,0,228,Cynthia's Garchomp ex
84846137,Majkel1337,1,1,228,Bloodmoon Ursaluna
84846140,Majkel1337,0,1,113,Bloodmoon Ursaluna
84846140,WinDecks,1,0,113,Mega Starmie ex
84846150,kazuki0123,0,1,47,Marnie's Grimmsnarl ex
84846150,Yudai Ueno,1,0,47,Marnie's Grimmsnarl ex
84846153,bono,0,0,134,Fezandipiti ex
84846153,LiamK,1,1,134,Cornerstone Mask Ogerpon ex
84846164,WinDecks,0,1,80,Mega Starmie ex
84846164,kashiwashira,1,0,80,Team Rocket's Mewtwo ex
84846187,kazuki0123,0,1,252,Marnie's Grimmsnarl ex
84846187,Yushin Ito,1,0,252,Mega Starmie ex
84846190,capbloo,0,0,142,Alakazam
84846190,zoroark190,1,1,142,Mega Kangaskhan ex
84846610,wally0593,0,1,409,Dudunsparce
84846610,LiamK,1,0,409,Cornerstone Mask Ogerpon ex
84846624,Michael Long,0,0,234,Fezandipiti ex
84846624,nasuo445,1,1,234,Cynthia's Garchomp ex
84846625,Majkel1337,0,1,17,Bloodmoon Ursaluna
84846625,LiamK,1,0,17,Cornerstone Mask Ogerpon ex
84846631,Dũng Đỗ,0,0,67,Mega Kangaskhan ex
84846631,THIRD PTCG Club,1,1,67,Fezandipiti ex
84846636,nasuo445,0,0,204,Cynthia's Garchomp ex
84846636,Majkel1337,1,1,204,Dudunsparce
84846637,Yushin Ito,0,1,159,Marnie's Grimmsnarl ex
84846637,mitomeat823,1,0,159,Mega Lucario ex
84846649,aaa,0,1,205,Fezandipiti ex
84846649,wally0593,1,0,205,Dudunsparce
84846664,Rmy,0,1,139,Dudunsparce
84846664,渡邊征央,1,0,139,Marnie's Grimmsnarl ex
84846666,kazuki0123,0,0,199,Marnie's Grimmsnarl ex
84846666,apetresc,1,1,199,Marnie's Grimmsnarl ex
84846670,youtube.com/@BigBugginnings,0,0,196,Dragapult ex
84846670,nasuo445,1,1,196,Cynthia's Garchomp ex
84846702,박강찬,0,1,81,Cynthia's Garchomp ex
84846702,WinDecks,1,0,81,Mega Starmie ex
84847158,bono,0,1,85,Mega Kangaskhan ex
84847158,LiamK,1,0,85,Cornerstone Mask Ogerpon ex
84847161,nasuo445,0,1,190,Cynthia's Garchomp ex
84847161,THIRD PTCG Club,1,0,190,Fezandipiti ex
84847162,ごんさくよねきち,0,1,109,Marnie's Grimmsnarl ex
84847162,nasuo445,1,0,109,Cynthia's Garchomp ex
84847163,Praxel,0,0,143,Marnie's Grimmsnarl ex
84847163,Majkel1337,1,1,143,Dudunsparce
84847165,Yushin Ito,0,1,129,Mega Starmie ex
84847165,Raihan Ramadistra,1,0,129,Mega Kangaskhan ex
84847166,MPGaming,0,1,266,Mega Kangaskhan ex
84847166,Yushin Ito,1,0,266,Marnie's Grimmsnarl ex
84847167,Majkel1337,0,0,191,Bloodmoon Ursaluna
84847167,nasuo445,1,1,191,Cynthia's Garchomp ex
84847666,Dũng Đỗ,0,1,88,Mega Kangaskhan ex
84847666,LiamK,1,0,88,Cornerstone Mask Ogerpon ex
84847668,junlee789,0,1,175,Marnie's Grimmsnarl ex
84847668,THIRD PTCG Club,1,0,175,Fezandipiti ex
84847669,nasuo445,0,0,323,Cynthia's Garchomp ex
84847669,すーぱーひとで,1,1,323,Dudunsparce
84847670,Majkel1337,0,1,79,Dudunsparce
84847670,Dũng Đỗ,1,0,79,Mega Kangaskhan ex
84847672,Boss's Orders Are All You Need,0,0,145,Shaymin
84847672,Yushin Ito,1,1,145,Marnie's Grimmsnarl ex
84847674,nasuo445,0,0,138,Cynthia's Garchomp ex
84847674,bono,1,1,138,Fezandipiti ex
84847676,Yushin Ito,0,0,213,Marnie's Grimmsnarl ex
84847676,Raihan Ramadistra,1,1,213,Mega Kangaskhan ex
84847680,koga_poke,0,0,124,Yveltal
84847680,Majkel1337,1,1,124,Bloodmoon Ursaluna
84847697,teetru,0,1,204,Fezandipiti ex
84847697,Rmy,1,0,204,Dudunsparce
84847716,aaa,0,1,188,Fezandipiti ex
84847716,Abhyuday,1,0,188,Dudunsparce
84848159,Yushin Ito,0,1,181,Marnie's Grimmsnarl ex
84848159,Kento Umeda,1,0,181,Dudunsparce
84848160,Majkel1337,0,0,134,Bloodmoon Ursaluna
84848160,LiamK,1,1,134,Cornerstone Mask Ogerpon ex
84848169,Sota Uchiyama,0,0,148,Marnie's Grimmsnarl ex
84848169,THIRD PTCG Club,1,1,148,Fezandipiti ex
84848172,Majkel1337,0,0,189,Bloodmoon Ursaluna
84848172,Yushin Ito,1,1,189,Marnie's Grimmsnarl ex
84848175,bono,0,1,180,Fezandipiti ex
84848175,nasuo445,1,0,180,Cynthia's Garchomp ex
84848181,Raihan Ramadistra,0,1,237,Mega Kangaskhan ex
84848181,Majkel1337,1,0,237,Dudunsparce
84848211,aaa,0,1,134,Fezandipiti ex
84848211,nasuo445,1,0,134,Cynthia's Garchomp ex
84848664,LiamK,0,0,504,Cornerstone Mask Ogerpon ex
84848664,Majkel1337,1,1,504,Dudunsparce
84848665,XP3RiX,0,0,29,Dudunsparce
84848665,LiamK,1,1,29,Cornerstone Mask Ogerpon ex
84848667,LiamK,0,0,116,Teal Mask Ogerpon ex
84848667,Raihan Ramadistra,1,1,116,Mega Kangaskhan ex
84848668,THIRD PTCG Club,0,1,223,Fezandipiti ex
84848668,wkonishi,1,0,223,Dudunsparce
84848686,kashiwashira,0,1,145,Team Rocket's Mewtwo ex
84848686,Yushin Ito,1,0,145,Marnie's Grimmsnarl ex
84848692,Hase2727,0,0,140,Mega Kangaskhan ex
84848692,nasuo445,1,1,140,Cynthia's Garchomp ex
84848698,Majkel1337,0,0,215,Bloodmoon Ursaluna
84848698,junlee789,1,1,215,Marnie's Grimmsnarl ex
84848713,aaa,0,0,191,Fezandipiti ex
84848713,THIRD PTCG Club,1,1,191,Fezandipiti ex
84849164,Yushin Ito,0,1,94,Mega Starmie ex
84849164,Majkel1337,1,0,94,Dudunsparce
84849165,junlee789,0,0,204,Marnie's Grimmsnarl ex
84849165,LiamK,1,1,204,Cornerstone Mask Ogerpon ex
84849167,wkonishi,0,1,170,Dudunsparce
84849167,THIRD PTCG Club,1,0,170,Fezandipiti ex
84849168,Raihan Ramadistra,0,1,120,Mega Kangaskhan ex
84849168,Xander,1,0,120,Archaludon ex
84849186,Yushin Ito,0,1,161,Marnie's Grimmsnarl ex
84849186,matsurih,1,0,161,Dudunsparce
84849199,nasuo445,0,1,149,Cynthia's Garchomp ex
84849199,Xander,1,0,149,Archaludon ex
84849543,junlee789,0,1,115,Marnie's Grimmsnarl ex
84849543,LiamK,1,0,115,Cornerstone Mask Ogerpon ex
84849551,capbloo,0,0,152,Alakazam
84849551,Raihan Ramadistra,1,1,152,Mega Kangaskhan ex
84849589,Yushin Ito,0,1,170,Marnie's Grimmsnarl ex
84849589,nasuo445,1,0,170,Cynthia's Garchomp ex
84849704,capbloo,0,0,195,Alakazam
84849704,THIRD PTCG Club,1,1,195,Fezandipiti ex
84849711,LiamK,0,0,137,Teal Mask Ogerpon ex
84849711,nasuo445,1,1,137,Cynthia's Garchomp ex
84850201,THIRD PTCG Club,0,1,124,Fezandipiti ex
84850201,Dũng Đỗ,1,0,124,Mega Kangaskhan ex
84850218,bono,0,0,191,Mega Kangaskhan ex
84850218,LiamK,1,1,191,Cornerstone Mask Ogerpon ex
84850220,nasuo445,0,0,193,Cynthia's Garchomp ex
84850220,hoshippi,1,1,193,Marnie's Grimmsnarl ex
84850221,Majkel1337,0,0,123,Dudunsparce
84850221,Banjo,1,1,123,Mega Starmie ex
84850455,Ajishio,0,0,229,Alakazam
84850455,5.5,1,1,229,Alakazam
84850691,Raihan Ramadistra,0,1,159,Mega Kangaskhan ex
84850691,genki toyama,1,0,159,Mega Lucario ex
84851198,Raihan Ramadistra,0,1,116,Mega Kangaskhan ex
84851198,matsurih,1,0,116,Dudunsparce
84851214,THIRD PTCG Club,0,0,176,Fezandipiti ex
84851214,Majkel1337,1,1,176,Dudunsparce
84851707,WinDecks,0,1,101,Mega Starmie ex
84851707,Raihan Ramadistra,1,0,101,Mega Kangaskhan ex
84852463,5.5,0,1,59,Alakazam
84852463,Dũng Đỗ,1,0,59,Mega Kangaskhan ex
84852896,senkin13,0,1,177,Dudunsparce
84852896,matsurih,1,0,177,Dudunsparce
84852966,5.5,0,0,190,Alakazam
84852966,Rmy,1,1,190,Dudunsparce
84853390,senkin13,0,1,123,Dudunsparce
84853390,Ajishio,1,0,123,Alakazam
84853467,5.5,0,0,202,Alakazam
84853467,youtube.com/@BigBugginnings,1,1,202,Dragapult ex
84853901,Topdecking is All You Need,0,0,196,Cynthia's Garchomp ex
84853901,senkin13,1,1,196,Dudunsparce
84854179,kazuki0123,0,0,182,Marnie's Grimmsnarl ex
84854179,渡邊征央,1,1,182,Marnie's Grimmsnarl ex
84854401,senkin13,0,0,356,Dudunsparce
84854401,5.5,1,1,356,Alakazam
84854602,Yushin Ito,0,1,93,Mega Starmie ex
84854602,takaygiiiiiiii,1,0,93,Dudunsparce
84854984,5.5,0,0,125,Alakazam
84854984,Sota Uchiyama,1,1,125,Marnie's Grimmsnarl ex
84856195,Yushin Ito,0,1,125,Marnie's Grimmsnarl ex
84856195,Topdecking is All You Need,1,0,125,Cynthia's Garchomp ex
84856203,aaa,0,1,115,Fezandipiti ex
84856203,Sota Uchiyama,1,0,115,Marnie's Grimmsnarl ex
84856675,Majkel1337,0,1,167,Bloodmoon Ursaluna
84856675,Akira-Ninth,1,0,167,Mega Lucario ex
84856921,senkin13,0,0,87,Dudunsparce
84856921,Rmy,1,1,87,Dudunsparce
84856998,5.5,0,1,125,Alakazam
84856998,Dũng Đỗ,1,0,125,Mega Kangaskhan ex
84857129,LiamK,0,0,83,Cornerstone Mask Ogerpon ex
84857129,Banjo,1,1,83,Mega Starmie ex
84857149,nasuo445,0,1,109,Cynthia's Garchomp ex
84857149,Banjo,1,0,109,Mega Starmie ex
84857430,kashiwashira,0,1,68,Team Rocket's Mewtwo ex
84857430,taksai,1,0,68,Mega Starmie ex
84857477,Bozo Boys,0,1,213,Alakazam
84857477,5.5,1,0,213,Alakazam
84857643,kashiwashira,0,0,73,Team Rocket's Mewtwo ex
84857643,WinDecks,1,1,73,Mega Starmie ex
84857645,MPGaming,0,0,117,Mega Kangaskhan ex
84857645,THIRD PTCG Club,1,1,117,Fezandipiti ex
84857647,nasuo445,0,0,215,Cynthia's Garchomp ex
84857647,すーぱーひとで,1,1,215,Dudunsparce
84857649,Majkel1337,0,1,105,Bloodmoon Ursaluna
84857649,Raihan Ramadistra,1,0,105,Mega Kangaskhan ex
84858131,Majkel1337,0,1,118,Dudunsparce
84858131,渡邊征央,1,0,118,Marnie's Grimmsnarl ex
84858251,Hase2727,0,0,127,Mega Kangaskhan ex
84858251,hodumi,1,1,127,Cynthia's Garchomp ex
84858308,hamuhei,0,1,147,Cynthia's Garchomp ex
84858308,Akira-Ninth,1,0,147,Mega Lucario ex
84858752,hodumi,0,1,163,Cynthia's Garchomp ex
84858752,teetru,1,0,163,Fezandipiti ex
84858829,Xander,0,0,79,Archaludon ex
84858829,Bozo Boys,1,1,79,Alakazam
84859249,渡邊征央,0,1,199,Marnie's Grimmsnarl ex
84859249,hodumi,1,0,199,Cynthia's Garchomp ex
84859288,hamuhei,0,0,299,Cynthia's Garchomp ex
84859288,btk15049,1,1,299,Cornerstone Mask Ogerpon ex
84859743,Boss's Orders Are All You Need,0,0,155,Shaymin
84859743,hodumi,1,1,155,Cynthia's Garchomp ex
84859817,Bozo Boys,0,0,174,Alakazam
84859817,Yushin Ito,1,1,174,Marnie's Grimmsnarl ex
84860229,hodumi,0,0,151,Cynthia's Garchomp ex
84860229,Rmy,1,1,151,Dudunsparce
84860316,Yushin Ito,0,0,194,Mega Starmie ex
84860316,senkin13,1,1,194,Dudunsparce
84860448,teetru,0,1,187,Fezandipiti ex
84860448,Majkel1337,1,0,187,Bloodmoon Ursaluna
84860788,Yushin Ito,0,1,97,Mega Starmie ex
84860788,Bozo Boys,1,0,97,Alakazam
84861218,hodumi,0,1,169,Cynthia's Garchomp ex
84861218,ごんさくよねきち,1,0,169,Marnie's Grimmsnarl ex
84861258,ごんさくよねきち,0,1,81,Marnie's Grimmsnarl ex
84861258,kawachi,1,0,81,Fezandipiti ex
84861278,nasuo445,0,1,183,Cynthia's Garchomp ex
84861278,capbloo,1,0,183,Alakazam
84861310,aaa,0,0,118,Fezandipiti ex
84861310,senkin13,1,1,118,Dudunsparce
84861709,btk15049,0,0,193,Cornerstone Mask Ogerpon ex
84861709,hodumi,1,1,193,Cynthia's Garchomp ex
84862011,Rmy,0,1,174,Dudunsparce
84862011,Michael Long,1,0,174,Fezandipiti ex
84862203,nasuo445,0,1,175,Cynthia's Garchomp ex
84862203,hodumi,1,0,175,Cynthia's Garchomp ex
84862529,zoroark190,0,0,80,Mega Kangaskhan ex
84862529,LiamK,1,1,80,Teal Mask Ogerpon ex
84863030,ImANoob1122,0,1,160,Mega Lucario ex
84863030,kazuki0123,1,0,160,Marnie's Grimmsnarl ex
84863176,Yudai Ueno,0,1,261,Marnie's Grimmsnarl ex
84863176,btk15049,1,0,261,Cornerstone Mask Ogerpon ex
84863274,Yudai Ueno,0,0,177,Marnie's Grimmsnarl ex
84863274,OsElCoUn,1,1,177,Fezandipiti ex
84863685,Yudai Ueno,0,1,129,Marnie's Grimmsnarl ex
84863685,kashiwashira,1,0,129,Team Rocket's Mewtwo ex
84863701,kashiwashira,0,0,226,Team Rocket's Mewtwo ex
84863701,mhiro2,1,1,226,Fezandipiti ex
84863716,kashiwashira,0,1,111,Team Rocket's Mewtwo ex
84863716,hodumi,1,0,111,Cynthia's Garchomp ex
84863902,Boss's Orders Are All You Need,0,1,94,Shaymin
84863902,5.5,1,0,94,Alakazam
84864017,Yushin Ito,0,1,177,Mega Starmie ex
84864017,LiamK,1,0,177,Cornerstone Mask Ogerpon ex
84864022,Majkel1337,0,1,89,Bloodmoon Ursaluna
84864022,Raihan Ramadistra,1,0,89,Mega Kangaskhan ex
84864024,Majkel1337,0,1,136,Bloodmoon Ursaluna
84864024,THIRD PTCG Club,1,0,136,Fezandipiti ex
84864182,aaa,0,1,108,Fezandipiti ex
84864182,Yudai Ueno,1,0,108,Marnie's Grimmsnarl ex
84864195,kashiwashira,0,1,157,Team Rocket's Mewtwo ex
84864195,LumenLiquidity,1,0,157,Dragapult ex
84864204,kashiwashira,0,0,216,Team Rocket's Mewtwo ex
84864204,mhiro2,1,1,216,Fezandipiti ex
84864226,hodumi,0,0,30,Cynthia's Garchomp ex
84864226,WinDecks,1,1,30,Mega Starmie ex
84864278,capbloo,0,1,143,Alakazam
84864278,teetru,1,0,143,Fezandipiti ex
84864691,LiamK,0,1,178,Cornerstone Mask Ogerpon ex
84864691,Yudai Ueno,1,0,178,Marnie's Grimmsnarl ex
84864700,WinDecks,0,0,72,Mega Starmie ex
84864700,mhiro2,1,1,72,Fezandipiti ex
84865212,junlee789,0,0,178,Marnie's Grimmsnarl ex
84865212,mhiro2,1,1,178,Fezandipiti ex
84865292,tw_shin,0,0,174,Marnie's Grimmsnarl ex
84865292,capbloo,1,1,174,Alakazam
84865423,5.5,0,1,158,Alakazam
84865423,mhiro2,1,0,158,Fezandipiti ex
84865726,mhiro2,0,0,182,Fezandipiti ex
84865726,Michael Long,1,1,182,Fezandipiti ex
84865803,capbloo,0,1,85,Alakazam
84865803,Yushin Ito,1,0,85,Mega Starmie ex
84865932,5.5,0,0,112,Alakazam
84865932,kidekikish,1,1,112,Chandelure
84866234,THIRD PTCG Club,0,0,160,Fezandipiti ex
84866234,Yudai Ueno,1,1,160,Marnie's Grimmsnarl ex
84866258,mhiro2,0,0,124,Fezandipiti ex
84866258,Yushin Ito,1,1,124,Mega Starmie ex
84866326,aaa,0,1,126,Fezandipiti ex
84866326,capbloo,1,0,126,Alakazam
84866494,Yudai Ueno,0,0,157,Marnie's Grimmsnarl ex
84866494,Yushin Ito,1,1,157,Marnie's Grimmsnarl ex
84866842,junlee789,0,1,158,Marnie's Grimmsnarl ex
84866842,capbloo,1,0,158,Alakazam
84867269,taksai,0,0,186,Mega Starmie ex
84867269,Yudai Ueno,1,1,186,Marnie's Grimmsnarl ex
84867769,Yudai Ueno,0,1,171,Marnie's Grimmsnarl ex
84867769,teetru,1,0,171,Fezandipiti ex
84867782,mhiro2,0,1,159,Fezandipiti ex
84867782,kawachi,1,0,159,Fezandipiti ex
84867977,Majkel1337,0,0,216,Dudunsparce
84867977,5.5,1,1,216,Alakazam
84868284,Star-mine,0,1,132,Chandelure
84868284,mhiro2,1,0,132,Fezandipiti ex
84868471,渡邊征央,0,1,144,Marnie's Grimmsnarl ex
84868471,5.5,1,0,144,Alakazam
84868509,tonakaiiii,0,1,166,Marnie's Grimmsnarl ex
84868509,Yudai Ueno,1,0,166,Marnie's Grimmsnarl ex
84868559,ojicat,0,1,193,Dragapult ex
84868559,Rmy,1,0,193,Dudunsparce
84868790,kashiwashira,0,1,163,Team Rocket's Mewtwo ex
84868790,Yudai Ueno,1,0,163,Marnie's Grimmsnarl ex
84868829,Bozo Boys,0,1,90,Alakazam
84868829,hodumi,1,0,90,Cynthia's Garchomp ex
84869003,mhiro2,0,0,208,Fezandipiti ex
84869003,5.5,1,1,208,Alakazam
84869044,nasuo445,0,0,177,Cynthia's Garchomp ex
84869044,Yushin Ito,1,1,177,Marnie's Grimmsnarl ex
84869047,Eduardo Rocha de Andrade,0,0,147,Marnie's Grimmsnarl ex
84869047,nasuo445,1,1,147,Cynthia's Garchomp ex
84869064,Akira-Ninth,0,0,163,Mega Lucario ex
84869064,Yudai Ueno,1,1,163,Marnie's Grimmsnarl ex
84869302,Majkel1337,0,1,181,Dudunsparce
84869302,Yudai Ueno,1,0,181,Marnie's Grimmsnarl ex
84869339,hodumi,0,0,204,Cynthia's Garchomp ex
84869339,junlee789,1,1,204,Marnie's Grimmsnarl ex
84869566,Raihan Ramadistra,0,1,547,Mega Kangaskhan ex
84869566,5.5,1,0,547,Alakazam
84869885,junlee789,0,1,157,Marnie's Grimmsnarl ex
84869885,capbloo,1,0,157,Alakazam
84869898,Rmy,0,1,184,Dudunsparce
84869898,Bozo Boys,1,0,184,Alakazam
84869998,5.5,0,0,83,Alakazam
84869998,Boss's Orders Are All You Need,1,1,83,Shaymin
84870058,bono,0,0,49,Mega Kangaskhan ex
84870058,Majkel1337,1,1,49,Bloodmoon Ursaluna
84870565,kashiwashira,0,0,154,Team Rocket's Mewtwo ex
84870565,kazuki0123,1,1,154,Marnie's Grimmsnarl ex
84870577,5.5,0,0,134,Alakazam
84870577,ごんさくよねきち,1,1,134,Marnie's Grimmsnarl ex
84870877,kazuki0123,0,1,183,Marnie's Grimmsnarl ex
84870877,豆本豆豆包,1,0,183,Alakazam
84871000,bono,0,1,200,Fezandipiti ex
84871000,iwashi,1,0,200,Marnie's Grimmsnarl ex
84871046,zoroark190,0,1,174,Mega Kangaskhan ex
84871046,bono,1,0,174,Fezandipiti ex
84871533,THIRD PTCG Club,0,0,89,Fezandipiti ex
84871533,WinDecks,1,1,89,Mega Starmie ex
84872028,Yushin Ito,0,1,193,Marnie's Grimmsnarl ex
84872028,Mykhailo Kalus,1,0,193,Marnie's Grimmsnarl ex
84872506,渡邊征央,0,1,138,Marnie's Grimmsnarl ex
84872506,Yushin Ito,1,0,138,Mega Starmie ex
84872993,youtube.com/@BigBugginnings,0,1,199,Dragapult ex
84872993,Raihan Ramadistra,1,0,199,Mega Kangaskhan ex
84873014,junlee789,0,0,99,Marnie's Grimmsnarl ex
84873014,Yushin Ito,1,1,99,Marnie's Grimmsnarl ex
84873023,LiamK,0,0,142,Cornerstone Mask Ogerpon ex
84873023,nasuo445,1,1,142,Cynthia's Garchomp ex
84873035,Raihan Ramadistra,0,0,95,Mega Kangaskhan ex
84873035,Majkel1337,1,1,95,Dudunsparce
84873198,Yushin Ito,0,1,85,Marnie's Grimmsnarl ex
84873198,Majkel1337,1,0,85,Dudunsparce
84873946,Yushin Ito,0,0,128,Marnie's Grimmsnarl ex
84873946,WinDecks,1,1,128,Mega Starmie ex
84873979,Rmy,0,1,193,Dudunsparce
84873979,Majkel1337,1,0,193,Bloodmoon Ursaluna
84874014,nasuo445,0,1,164,Cynthia's Garchomp ex
84874014,wkonishi,1,0,164,Dudunsparce
84874440,Yushin Ito,0,1,178,Marnie's Grimmsnarl ex
84874440,Kento Umeda,1,0,178,Dudunsparce
84874457,bdif,0,1,118,Mega Kangaskhan ex
84874457,kidekikish,1,0,118,Chandelure
84874525,THIRD PTCG Club,0,0,158,Fezandipiti ex
84874525,Rmy,1,1,158,Dudunsparce
84874539,Rmy,0,0,207,Dudunsparce
84874539,nasuo445,1,1,207,Cynthia's Garchomp ex
84874846,ごんさくよねきち,0,1,162,Marnie's Grimmsnarl ex
84874846,mhiro2,1,0,162,Fezandipiti ex
84874952,tonakaiiii,0,0,174,Marnie's Grimmsnarl ex
84874952,Yushin Ito,1,1,174,Marnie's Grimmsnarl ex
84875014,nasuo445,0,0,145,Cynthia's Garchomp ex
84875014,zoroark190,1,1,145,Mega Kangaskhan ex
84875029,Majkel1337,0,1,36,Dudunsparce
84875029,Yushin Ito,1,0,36,Mega Starmie ex
84875046,カドラバ Kadoraba,0,0,166,Fezandipiti ex
84875046,aaa,1,1,166,Fezandipiti ex
84875053,ShumpeiNomura,0,0,94,Archaludon ex
84875053,LiamK,1,1,94,Cornerstone Mask Ogerpon ex
84875464,Yushin Ito,0,1,167,Marnie's Grimmsnarl ex
84875464,capbloo,1,0,167,Alakazam
84875519,wkonishi,0,1,135,Dudunsparce
84875519,Raihan Ramadistra,1,0,135,Mega Kangaskhan ex
84875537,Oleksandr_Savsunenko,0,0,133,Dudunsparce
84875537,bono,1,1,133,Fezandipiti ex
84875553,nasuo445,0,1,137,Cynthia's Garchomp ex
84875553,LiamK,1,0,137,Cornerstone Mask Ogerpon ex
84875913,Yushin Ito,0,1,30,Marnie's Grimmsnarl ex
84875913,MPGaming,1,0,30,Mega Kangaskhan ex
84875997,Yushin Ito,0,1,147,Marnie's Grimmsnarl ex
84875997,Rmy,1,0,147,Dudunsparce
84876013,LiamK,0,1,134,Cornerstone Mask Ogerpon ex
84876013,THIRD PTCG Club,1,0,134,Fezandipiti ex
84876041,aaa,0,1,43,Fezandipiti ex
84876041,djschmit,1,0,43,Fezandipiti ex
84876465,aaa,0,0,192,Fezandipiti ex
84876465,Yushin Ito,1,1,192,Marnie's Grimmsnarl ex
84876509,LiamK,0,1,103,Cornerstone Mask Ogerpon ex
84876509,tw_shin,1,0,103,Marnie's Grimmsnarl ex
84876520,wkonishi,0,1,52,Dudunsparce
84876520,aaa,1,0,52,Fezandipiti ex
84876575,Rmy,0,1,195,Dudunsparce
84876575,aidy,1,0,195,Dudunsparce
84876977,Yushin Ito,0,1,196,Marnie's Grimmsnarl ex
84876977,capbloo,1,0,196,Alakazam
84876997,5.5,0,1,405,Alakazam
84876997,LiamK,1,0,405,Cornerstone Mask Ogerpon ex
84877007,btk15049,0,0,134,Cornerstone Mask Ogerpon ex
84877007,Boss's Orders Are All You Need,1,1,134,Shaymin
84877017,Rmy,0,0,142,Dudunsparce
84877017,Dũng Đỗ,1,1,142,Mega Kangaskhan ex
84877030,aaa,0,1,125,Fezandipiti ex
84877030,nasuo445,1,0,125,Cynthia's Garchomp ex
84877033,Raihan Ramadistra,0,1,166,Mega Kangaskhan ex
84877033,tonakaiiii,1,0,166,Marnie's Grimmsnarl ex
84877035,Rmy,0,0,172,Dudunsparce
84877035,aaa,1,1,172,Fezandipiti ex
84877045,nasuo445,0,1,127,Cynthia's Garchomp ex
84877045,Yushin Ito,1,0,127,Mega Starmie ex
84877076,THIRD PTCG Club,0,0,91,Fezandipiti ex
84877076,WinDecks,1,1,91,Mega Starmie ex
84877077,LiamK,0,0,99,Cornerstone Mask Ogerpon ex
84877077,WinDecks,1,1,99,Mega Starmie ex
84877243,kashiwashira,0,0,73,Team Rocket's Mewtwo ex
84877243,Ushimaru,1,1,73,Marnie's Grimmsnarl ex
84877461,Yushin Ito,0,1,93,Mega Starmie ex
84877461,capbloo,1,0,93,Alakazam
84877485,Yushin Ito,0,1,123,Marnie's Grimmsnarl ex
84877485,zoroark190,1,0,123,Mega Kangaskhan ex
84877507,aaa,0,0,131,Fezandipiti ex
84877507,kidekikish,1,1,131,Chandelure
84877512,Boss's Orders Are All You Need,0,1,98,Shaymin
84877512,Raihan Ramadistra,1,0,98,Mega Kangaskhan ex
84877517,teetru,0,1,136,Fezandipiti ex
84877517,LiamK,1,0,136,Cornerstone Mask Ogerpon ex
84877522,Rmy,0,1,221,Dudunsparce
84877522,nasuo445,1,0,221,Cynthia's Garchomp ex
84877545,Pokemon001,0,0,153,Mega Lucario ex
84877545,nasuo445,1,1,153,Cynthia's Garchomp ex
84877581,ShumpeiNomura,0,1,129,Archaludon ex
84877581,kashiwashira,1,0,129,Team Rocket's Mewtwo ex
84877582,Rmy,0,1,155,Dudunsparce
84877582,Yigit Kayali,1,0,155,Dudunsparce
84877590,MPGaming,0,0,116,Mega Kangaskhan ex
84877590,bono,1,1,116,Fezandipiti ex
84877601,nasuo445,0,0,207,Cynthia's Garchomp ex
84877601,THIRD PTCG Club,1,1,207,Fezandipiti ex
84877609,ImANoob1122,0,0,145,Mega Lucario ex
84877609,zoroark190,1,1,145,Mega Kangaskhan ex
84877745,koga_poke,0,0,178,Yveltal
84877745,Ushimaru,1,1,178,Marnie's Grimmsnarl ex
84877970,OsElCoUn,0,1,169,Fezandipiti ex
84877970,Rmy,1,0,169,Dudunsparce
84877977,aaa,0,0,124,Fezandipiti ex
84877977,Yushin Ito,1,1,124,Marnie's Grimmsnarl ex
84878026,yamy893,0,1,158,Chandelure
84878026,nasuo445,1,0,158,Cynthia's Garchomp ex
84878027,aaa,0,0,176,Fezandipiti ex
84878027,THIRD PTCG Club,1,1,176,Fezandipiti ex
84878030,Rmy,0,1,95,Dudunsparce
84878030,Raihan Ramadistra,1,0,95,Mega Kangaskhan ex
84878045,bono,0,0,160,Fezandipiti ex
84878045,THIRD PTCG Club,1,1,160,Fezandipiti ex
84878047,LiamK,0,1,83,Cornerstone Mask Ogerpon ex
84878047,kazuki0123,1,0,83,Marnie's Grimmsnarl ex
84878054,WinDecks,0,1,125,Mega Starmie ex
84878054,junlee789,1,0,125,Marnie's Grimmsnarl ex
84878063,Michael Long,0,0,194,Fezandipiti ex
84878063,Rmy,1,1,194,Dudunsparce
84878065,Sota Uchiyama,0,0,195,Marnie's Grimmsnarl ex
84878065,nasuo445,1,1,195,Cynthia's Garchomp ex
84878077,bono,0,1,195,Fezandipiti ex
84878077,nasuo445,1,0,195,Cynthia's Garchomp ex
84878087,ごんさくよねきち,0,0,131,Marnie's Grimmsnarl ex
84878087,5.5,1,1,131,Alakazam
84878236,Majkel1337,0,1,174,Marnie's Grimmsnarl ex
84878236,noikaret,1,0,174,Cornerstone Mask Ogerpon ex
84878240,Majkel1337,0,1,119,Dudunsparce
84878240,Ushimaru,1,0,119,Marnie's Grimmsnarl ex
84878462,nasuo445,0,0,159,Cynthia's Garchomp ex
84878462,Rmy,1,1,159,Dudunsparce
84878463,THIRD PTCG Club,0,0,160,Fezandipiti ex
84878463,bono,1,1,160,Mega Kangaskhan ex
84878478,Raihan Ramadistra,0,1,139,Mega Kangaskhan ex
84878478,aaa,1,0,139,Fezandipiti ex
84878483,Oleksandr_Savsunenko,0,1,231,Dudunsparce
84878483,Raihan Ramadistra,1,0,231,Mega Kangaskhan ex
84878485,bono,0,0,177,Fezandipiti ex
84878485,Hase2727,1,1,177,Mega Kangaskhan ex
84878499,Majkel1337,0,0,213,Marnie's Grimmsnarl ex
84878499,WinDecks,1,1,213,Mega Starmie ex
84878535,nasuo445,0,1,222,Cynthia's Garchomp ex
84878535,Majkel1337,1,0,222,Dudunsparce
84878570,THIRD PTCG Club,0,0,111,Fezandipiti ex
84878570,LiamK,1,1,111,Cornerstone Mask Ogerpon ex
84878573,Yushin Ito,0,1,93,Marnie's Grimmsnarl ex
84878573,aaa,1,0,93,Fezandipiti ex
84878729,ごんさくよねきち,0,1,186,Marnie's Grimmsnarl ex
84878729,Ushimaru,1,0,186,Marnie's Grimmsnarl ex
84878949,Yushin Ito,0,0,140,Marnie's Grimmsnarl ex
84878949,Rmy,1,1,140,Dudunsparce
84878963,LiamK,0,1,156,Cornerstone Mask Ogerpon ex
84878963,Ushimaru,1,0,156,Marnie's Grimmsnarl ex
84878964,The Debauchery Tea Party,0,1,183,Marnie's Grimmsnarl ex
84878964,Rmy,1,0,183,Dudunsparce
84878973,WinDecks,0,1,90,Mega Starmie ex
84878973,kawachi,1,0,90,Fezandipiti ex
84878975,kazuki0123,0,0,139,Marnie's Grimmsnarl ex
84878975,THIRD PTCG Club,1,1,139,Fezandipiti ex
84878977,bono,0,1,127,Fezandipiti ex
84878977,Raihan Ramadistra,1,0,127,Mega Kangaskhan ex
84878984,aaa,0,1,106,Fezandipiti ex
84878984,wkonishi,1,0,106,Dudunsparce
84878991,mitomeat823,0,1,130,Mega Lucario ex
84878991,nasuo445,1,0,130,Cynthia's Garchomp ex
84879040,zoroark190,0,1,98,Mega Kangaskhan ex
84879040,Shota Hirao,1,0,98,Marnie's Grimmsnarl ex
84879042,bono,0,0,214,Fezandipiti ex
84879042,kashiwashira,1,1,214,Team Rocket's Mewtwo ex
84879053,lmaffei,0,0,130,Mega Lopunny ex
84879053,nasuo445,1,1,130,Cynthia's Garchomp ex
84879226,Majkel1337,0,1,130,Dudunsparce
84879226,OsElCoUn,1,0,130,Fezandipiti ex
84879451,Hase2727,0,1,206,Mega Kangaskhan ex
84879451,Yushin Ito,1,0,206,Marnie's Grimmsnarl ex
84879461,Raihan Ramadistra,0,0,73,Mega Kangaskhan ex
84879461,豆本豆豆包,1,1,73,Alakazam
84879468,Majkel1337,0,1,167,Dudunsparce
84879468,Rmy,1,0,167,Dudunsparce
84879474,Rmy,0,0,106,Dudunsparce
84879474,WinDecks,1,1,106,Mega Starmie ex
84879483,THIRD PTCG Club,0,0,156,Fezandipiti ex
84879483,Majkel1337,1,1,156,Dudunsparce
84879514,aaa,0,1,203,Fezandipiti ex
84879514,Rmy,1,0,203,Dudunsparce
84879519,wkonishi,0,1,50,Dudunsparce
84879519,Raihan Ramadistra,1,0,50,Mega Kangaskhan ex
84879521,nasuo445,0,0,225,Cynthia's Garchomp ex
84879521,youtube.com/@BigBugginnings,1,1,225,Dragapult ex
84879530,youtube.com/@BigBugginnings,0,1,162,Dragapult ex
84879530,zoroark190,1,0,162,Mega Kangaskhan ex
84879535,nasuo445,0,1,187,Cynthia's Garchomp ex
84879535,Yushin Ito,1,0,187,Marnie's Grimmsnarl ex
84879540,matsurih,0,1,110,Dudunsparce
84879540,bono,1,0,110,Fezandipiti ex
84879559,5.5,0,0,98,Alakazam
84879559,Yushin Ito,1,1,98,Mega Starmie ex
84879736,Banjo,0,0,33,Mega Starmie ex
84879736,Majkel1337,1,1,33,Marnie's Grimmsnarl ex
84879737,zoroark190,0,1,128,Mega Kangaskhan ex
84879737,Majkel1337,1,0,128,Dudunsparce
84879950,Yushin Ito,0,1,115,Marnie's Grimmsnarl ex
84879950,WinDecks,1,0,115,Mega Starmie ex
84879965,WinDecks,0,1,113,Mega Starmie ex
84879965,kashiwashira,1,0,113,Team Rocket's Mewtwo ex
84879967,LiamK,0,1,167,Cornerstone Mask Ogerpon ex
84879967,THIRD PTCG Club,1,0,167,Marnie's Grimmsnarl ex
84879975,LiamK,0,1,308,Cornerstone Mask Ogerpon ex
84879975,Rmy,1,0,308,Dudunsparce
84879976,THIRD PTCG Club,0,1,176,Fezandipiti ex
84879976,wkonishi,1,0,176,Dudunsparce
84879978,aaa,0,1,138,Fezandipiti ex
84879978,zoroark190,1,0,138,Mega Kangaskhan ex
84880006,WinDecks,0,1,106,Mega Starmie ex
84880006,nasuo445,1,0,106,Cynthia's Garchomp ex
84880008,ShumpeiNomura,0,1,126,Archaludon ex
84880008,bono,1,0,126,Fezandipiti ex
84880024,Raihan Ramadistra,0,1,87,Mega Kangaskhan ex
84880024,nasuo445,1,0,87,Cynthia's Garchomp ex
84880038,Yushin Ito,0,0,121,Mega Starmie ex
84880038,于笑非lilishyxf,1,1,121,Mega Lucario ex
84880041,ImANoob1122,0,1,168,Mega Lucario ex
84880041,zoroark190,1,0,168,Mega Kangaskhan ex
84880073,trickstar,0,0,156,Fezandipiti ex
84880073,ごんさくよねきち,1,1,156,Marnie's Grimmsnarl ex
84880078,Yushin Ito,0,0,253,Marnie's Grimmsnarl ex
84880078,Raihan Ramadistra,1,1,253,Mega Kangaskhan ex
84880248,Majkel1337,0,1,86,Dudunsparce
84880248,bono,1,0,86,Mega Kangaskhan ex
84880251,Majkel1337,0,1,149,Marnie's Grimmsnarl ex
84880251,zoroark190,1,0,149,Mega Kangaskhan ex
84880457,渡邊征央,0,0,174,Marnie's Grimmsnarl ex
84880457,Yushin Ito,1,1,174,Marnie's Grimmsnarl ex
84880467,ごんさくよねきち,0,0,76,Marnie's Grimmsnarl ex
84880467,LiamK,1,1,76,Cornerstone Mask Ogerpon ex
84880468,ごんさくよねきち,0,1,109,Marnie's Grimmsnarl ex
84880468,WinDecks,1,0,109,Mega Starmie ex
84880477,aaa,0,0,174,Fezandipiti ex
84880477,Michael Long,1,1,174,Fezandipiti ex
84880483,Hase2727,0,0,121,Mega Kangaskhan ex
84880483,Rmy,1,1,121,Dudunsparce
84880512,Raihan Ramadistra,0,1,94,Mega Kangaskhan ex
84880512,Banjo,1,0,94,Mega Starmie ex
84880533,ごんさくよねきち,0,0,263,Marnie's Grimmsnarl ex
84880533,kazuki0123,1,1,263,Marnie's Grimmsnarl ex
84880548,nasuo445,0,1,196,Cynthia's Garchomp ex
84880548,tonakaiiii,1,0,196,Marnie's Grimmsnarl ex
84880573,zoroark190,0,1,142,Mega Kangaskhan ex
84880573,nasuo445,1,0,142,Cynthia's Garchomp ex
84880575,Yushin Ito,0,0,121,Mega Starmie ex
84880575,Gotem Penguin,1,1,121,Mega Froslass ex
84880736,Majkel1337,0,0,182,Marnie's Grimmsnarl ex
84880736,nasuo445,1,1,182,Cynthia's Garchomp ex
84880744,Majkel1337,0,0,180,Dudunsparce
84880744,Raihan Ramadistra,1,1,180,Mega Kangaskhan ex
84880945,Majkel1337,0,1,126,Dudunsparce
84880945,Yushin Ito,1,0,126,Marnie's Grimmsnarl ex
84880956,Dũng Đỗ,0,1,142,Mega Kangaskhan ex
84880956,LiamK,1,0,142,Cornerstone Mask Ogerpon ex
84880959,shosemaru,0,1,162,Dudunsparce
84880959,THIRD PTCG Club,1,0,162,Fezandipiti ex
84880968,WinDecks,0,1,103,Mega Starmie ex
84880968,Majkel1337,1,0,103,Dudunsparce
84880969,Boss's Orders Are All You Need,0,1,98,Shaymin
84880969,aaa,1,0,98,Fezandipiti ex
84880970,Rmy,0,1,57,Dudunsparce
84880970,bono,1,0,57,Mega Kangaskhan ex
84880985,nasuo445,0,0,193,Cynthia's Garchomp ex
84880985,Bulba-Zero,1,1,193,Mega Kangaskhan ex
84880998,渡邊征央,0,1,144,Marnie's Grimmsnarl ex
84880998,nasuo445,1,0,144,Cynthia's Garchomp ex
84881010,bono,0,0,176,Fezandipiti ex
84881010,THIRD PTCG Club,1,1,176,Fezandipiti ex
84881068,Boss's Orders Are All You Need,0,1,114,Shaymin
84881068,capbloo,1,0,114,Alakazam
84881075,btk15049,0,0,167,Cornerstone Mask Ogerpon ex
84881075,Yushin Ito,1,1,167,Mega Starmie ex
84881233,ShumpeiNomura,0,1,50,Archaludon ex
84881233,bono,1,0,50,Mega Kangaskhan ex
84881244,Majkel1337,0,0,262,Marnie's Grimmsnarl ex
84881244,Dũng Đỗ,1,1,262,Mega Kangaskhan ex
84881251,Majkel1337,0,1,158,Dudunsparce
84881251,XP3RiX,1,0,158,Dudunsparce
84881440,Yushin Ito,0,1,188,Marnie's Grimmsnarl ex
84881440,kazuki0123,1,0,188,Marnie's Grimmsnarl ex
84881450,Boss's Orders Are All You Need,0,0,125,Shaymin
84881450,LiamK,1,1,125,Cornerstone Mask Ogerpon ex
84881454,WinDecks,0,1,109,Mega Starmie ex
84881454,Amane Suzuki,1,0,109,Team Rocket's Articuno
84881462,Rmy,0,1,91,Dudunsparce
84881462,WinDecks,1,0,91,Mega Starmie ex
84881466,lmaffei,0,0,123,Mega Lopunny ex
84881466,THIRD PTCG Club,1,1,123,Fezandipiti ex
84881482,wkonishi,0,0,194,Dudunsparce
84881482,nasuo445,1,1,194,Cynthia's Garchomp ex
84881512,Dũng Đỗ,0,0,126,Mega Kangaskhan ex
84881512,Raihan Ramadistra,1,1,126,Mega Kangaskhan ex
84881526,Yushin Ito,0,1,104,Mega Starmie ex
84881526,btk15049,1,0,104,Cornerstone Mask Ogerpon ex
84881532,Akira-Ninth,0,1,140,Mega Lucario ex
84881532,bono,1,0,140,Fezandipiti ex
84881560,Ajishio,0,0,146,Alakazam
84881560,zoroark190,1,1,146,Mega Kangaskhan ex
84881586,WinDecks,0,1,29,Mega Starmie ex
84881586,Michael Long,1,0,29,Fezandipiti ex
84881757,matsurih,0,0,175,Dudunsparce
84881757,Majkel1337,1,1,175,Dudunsparce
84881810,Michael Long,0,0,168,Fezandipiti ex
84881810,Majkel1337,1,1,168,Marnie's Grimmsnarl ex
84881905,kidekikish,0,0,121,Chandelure
84881905,Yushin Ito,1,1,121,Marnie's Grimmsnarl ex
84881928,ShumpeiNomura,0,1,90,Archaludon ex
84881928,aaa,1,0,90,Fezandipiti ex
84881949,nasuo445,0,1,120,Cynthia's Garchomp ex
84881949,tw_shin,1,0,120,Marnie's Grimmsnarl ex
84881956,Yushin Ito,0,0,120,Mega Starmie ex
84881956,bono,1,1,120,Fezandipiti ex
84881996,Mykhailo Kalus,0,0,111,Marnie's Grimmsnarl ex
84881996,zoroark190,1,1,111,Mega Kangaskhan ex
84882005,Rmy,0,1,161,Dudunsparce
84882005,matsurih,1,0,161,Dudunsparce
84882006,Sota Uchiyama,0,1,38,Marnie's Grimmsnarl ex
84882006,THIRD PTCG Club,1,0,38,Fezandipiti ex
84882021,nasuo445,0,1,125,Cynthia's Garchomp ex
84882021,WinDecks,1,0,125,Mega Starmie ex
84882029,ごんさくよねきち,0,0,163,Marnie's Grimmsnarl ex
84882029,ImANoob1122,1,1,163,Mega Lucario ex
84882037,Raihan Ramadistra,0,1,89,Mega Kangaskhan ex
84882037,Boss's Orders Are All You Need,1,0,89,Shaymin
84882042,bono,0,1,131,Fezandipiti ex
84882042,LiamK,1,0,131,Teal Mask Ogerpon ex
84882075,5.5,0,0,194,Alakazam
84882075,kazuki0123,1,1,194,Marnie's Grimmsnarl ex
84882253,ShumpeiNomura,0,0,160,Archaludon ex
84882253,Hase2727,1,1,160,Mega Kangaskhan ex
84882264,iwashi,0,1,143,Marnie's Grimmsnarl ex
84882264,Majkel1337,1,0,143,Dudunsparce
84882454,LiamK,0,0,703,Cornerstone Mask Ogerpon ex
84882454,Bozo Boys,1,1,703,Alakazam
84882461,nasuo445,0,1,113,Cynthia's Garchomp ex
84882461,Majkel1337,1,0,113,Marnie's Grimmsnarl ex
84882465,THIRD PTCG Club,0,0,131,Fezandipiti ex
84882465,WinDecks,1,1,131,Mega Starmie ex
84882474,Rmy,0,0,212,Dudunsparce
84882474,Michael Long,1,1,212,Fezandipiti ex
84882475,tw_shin,0,0,203,Marnie's Grimmsnarl ex
84882475,Raihan Ramadistra,1,1,203,Mega Kangaskhan ex
84882478,btk15049,0,0,112,Cornerstone Mask Ogerpon ex
84882478,aaa,1,1,112,Fezandipiti ex
84882481,bono,0,1,257,Fezandipiti ex
84882481,Gotem Penguin,1,0,257,Mega Froslass ex
84882486,Banjo,0,1,114,Mega Starmie ex
84882486,ごんさくよねきち,1,0,114,Marnie's Grimmsnarl ex
84882492,junlee789,0,1,140,Marnie's Grimmsnarl ex
84882492,Yushin Ito,1,0,140,Mega Starmie ex
84882773,suwat513,0,0,165,Fezandipiti ex
84882773,Majkel1337,1,1,165,Marnie's Grimmsnarl ex
84882775,Majkel1337,0,1,192,Dudunsparce
84882775,wkonishi,1,0,192,Dudunsparce
84882952,Majkel1337,0,0,155,Dudunsparce
84882952,Yushin Ito,1,1,155,Marnie's Grimmsnarl ex
84882958,WinDecks,0,0,88,Mega Starmie ex
84882958,Majkel1337,1,1,88,Dudunsparce
84882959,豆本豆豆包,0,0,331,Alakazam
84882959,LiamK,1,1,331,Cornerstone Mask Ogerpon ex
84882966,Raihan Ramadistra,0,0,152,Mega Kangaskhan ex
84882966,ごんさくよねきち,1,1,152,Marnie's Grimmsnarl ex
84882967,THIRD PTCG Club,0,0,174,Fezandipiti ex
84882967,mitomeat823,1,1,174,Mega Lucario ex
84882969,Hase2727,0,1,150,Mega Kangaskhan ex
84882969,aaa,1,0,150,Fezandipiti ex
84882971,nasuo445,0,1,183,Cynthia's Garchomp ex
84882971,koga_poke,1,0,183,Yveltal
84882973,OsElCoUn,0,1,158,Fezandipiti ex
84882973,bono,1,0,158,Fezandipiti ex
84882999,kazuki0123,0,1,199,Marnie's Grimmsnarl ex
84882999,nasuo445,1,0,199,Cynthia's Garchomp ex
84883093,豆本豆豆包,0,0,178,Alakazam
84883093,capbloo,1,1,178,Alakazam
84883096,zoroark190,0,1,166,Mega Kangaskhan ex
84883096,kashiwashira,1,0,166,Team Rocket's Mewtwo ex
84883297,OsElCoUn,0,0,186,Fezandipiti ex
84883297,Majkel1337,1,1,186,Dudunsparce
84883457,Yushin Ito,0,1,145,Marnie's Grimmsnarl ex
84883457,WinDecks,1,0,145,Mega Starmie ex
84883468,LiamK,0,1,134,Cornerstone Mask Ogerpon ex
84883468,ImANoob1122,1,0,134,Mega Lucario ex
84883469,ShumpeiNomura,0,1,225,Archaludon ex
84883469,Rmy,1,0,225,Dudunsparce
84883470,NoOne,0,0,78,Dudunsparce
84883470,WinDecks,1,1,78,Mega Starmie ex
84883474,Raihan Ramadistra,0,0,118,Mega Kangaskhan ex
84883474,5.5,1,1,118,Alakazam
84883475,Majkel1337,0,0,181,Marnie's Grimmsnarl ex
84883475,nasuo445,1,1,181,Cynthia's Garchomp ex
84883476,THIRD PTCG Club,0,1,203,Fezandipiti ex
84883476,Rmy,1,0,203,Dudunsparce
84883477,aaa,0,0,204,Fezandipiti ex
84883477,渡邊征央,1,1,204,Marnie's Grimmsnarl ex
84883482,kidekikish,0,0,158,Chandelure
84883482,kazuki0123,1,1,158,Marnie's Grimmsnarl ex
84883514,THIRD PTCG Club,0,0,171,Fezandipiti ex
84883514,ごんさくよねきち,1,1,171,Marnie's Grimmsnarl ex
84883515,junlee789,0,1,126,Marnie's Grimmsnarl ex
84883515,Yushin Ito,1,0,126,Mega Starmie ex
84883613,kashiwashira,0,1,180,Team Rocket's Mewtwo ex
84883613,ShumpeiNomura,1,0,180,Archaludon ex
84883801,Majkel1337,0,0,216,Marnie's Grimmsnarl ex
84883801,渡邊征央,1,1,216,Marnie's Grimmsnarl ex
84883807,ImANoob1122,0,1,170,Mega Lucario ex
84883807,Majkel1337,1,0,170,Dudunsparce
84883962,Yushin Ito,0,1,169,Marnie's Grimmsnarl ex
84883962,ShumpeiNomura,1,0,169,Archaludon ex
84883973,WinDecks,0,0,105,Mega Starmie ex
84883973,Pixegami,1,1,105,Marnie's Grimmsnarl ex
84883983,Bulba-Zero,0,0,91,Mega Kangaskhan ex
84883983,Rmy,1,1,91,Dudunsparce
84883984,nasuo445,0,1,139,Cynthia's Garchomp ex
84883984,Mykhailo Kalus,1,0,139,Marnie's Grimmsnarl ex
84883988,bono,0,1,228,Fezandipiti ex
84883988,wally0593,1,0,228,Dudunsparce
84883989,kidekikish,0,1,93,Chandelure
84883989,THIRD PTCG Club,1,0,93,Fezandipiti ex
84883990,nasuo445,0,1,242,Cynthia's Garchomp ex
84883990,5.5,1,0,242,Alakazam
84883992,btk15049,0,0,185,Cornerstone Mask Ogerpon ex
84883992,aaa,1,1,185,Fezandipiti ex
84883996,Ebi,0,1,163,Dudunsparce
84883996,ごんさくよねきち,1,0,163,Marnie's Grimmsnarl ex
84883997,Raihan Ramadistra,0,1,197,Mega Kangaskhan ex
84883997,Michael Long,1,0,197,Fezandipiti ex
84884024,Majkel1337,0,0,131,Marnie's Grimmsnarl ex
84884024,zoroark190,1,1,131,Mega Kangaskhan ex
84884132,Michael Long,0,1,164,Fezandipiti ex
84884132,hoshippi,1,0,164,Marnie's Grimmsnarl ex
84884286,ごんさくよねきち,0,1,105,Marnie's Grimmsnarl ex
84884286,ShumpeiNomura,1,0,105,Archaludon ex
84884315,Majkel1337,0,0,43,Dudunsparce
84884315,The Debauchery Tea Party,1,1,43,Marnie's Grimmsnarl ex
84884459,Yushin Ito,0,0,159,Marnie's Grimmsnarl ex
84884459,Majkel1337,1,1,159,Dudunsparce
84884470,LiamK,0,1,130,Cornerstone Mask Ogerpon ex
84884470,Majkel1337,1,0,130,Dudunsparce
84884473,capbloo,0,1,91,Alakazam
84884473,WinDecks,1,0,91,Mega Starmie ex
84884481,ごんさくよねきち,0,1,158,Marnie's Grimmsnarl ex
84884481,Rmy,1,0,158,Dudunsparce
84884482,Voyager,0,1,186,Fezandipiti ex
84884482,nasuo445,1,0,186,Cynthia's Garchomp ex
84884483,Oleksandr_Savsunenko,0,0,166,Dudunsparce
84884483,Raihan Ramadistra,1,1,166,Mega Kangaskhan ex
84884488,Bozo Boys,0,0,171,Alakazam
84884488,bono,1,1,171,Fezandipiti ex
84884489,THIRD PTCG Club,0,0,172,Fezandipiti ex
84884489,変化の書ゾロアーク,1,1,172,Alakazam
84884490,kazuki0123,0,0,139,Marnie's Grimmsnarl ex
84884490,wally0593,1,1,139,Dudunsparce
84884492,lmaffei,0,0,111,Mega Lopunny ex
84884492,aaa,1,1,111,Fezandipiti ex
84884493,ojicat,0,1,193,Dragapult ex
84884493,Michael Long,1,0,193,Fezandipiti ex
84884496,THIRD PTCG Club,0,1,113,Fezandipiti ex
84884496,ごんさくよねきち,1,0,113,Marnie's Grimmsnarl ex
84884503,nasuo445,0,0,136,Cynthia's Garchomp ex
84884503,zoroark190,1,1,136,Mega Kangaskhan ex
84884504,Shota Hirao,0,1,177,Marnie's Grimmsnarl ex
84884504,Yushin Ito,1,0,177,Mega Starmie ex
84884514,Dũng Đỗ,0,0,110,Mega Kangaskhan ex
84884514,kashiwashira,1,1,110,Team Rocket's Mewtwo ex
84884519,aaa,0,1,69,Fezandipiti ex
84884519,bono,1,0,69,Mega Kangaskhan ex
84884545,youtube.com/@BigBugginnings,0,0,135,Dragapult ex
84884545,MPGaming,1,1,135,Mega Kangaskhan ex
84884561,Dũng Đỗ,0,1,217,Mega Kangaskhan ex
84884561,カドラバ Kadoraba,1,0,217,Fezandipiti ex
84884578,WinDecks,0,1,89,Mega Starmie ex
84884578,Bozo Boys,1,0,89,Alakazam
84884807,MPGaming,0,0,145,Mega Kangaskhan ex
84884807,ShumpeiNomura,1,1,145,Archaludon ex
84884845,ごんさくよねきち,0,0,84,Marnie's Grimmsnarl ex
84884845,Majkel1337,1,1,84,Dudunsparce
84884976,Yushin Ito,0,1,188,Marnie's Grimmsnarl ex
84884976,wkonishi,1,0,188,Dudunsparce
84884985,LiamK,0,1,178,Cornerstone Mask Ogerpon ex
84884985,suwat513,1,0,178,Fezandipiti ex
84884989,bono,0,1,166,Mega Kangaskhan ex
84884989,WinDecks,1,0,166,Mega Starmie ex
84884993,youtube.com/@BigBugginnings,0,1,161,Dragapult ex
84884993,aaa,1,0,161,Fezandipiti ex
84884994,Rmy,0,0,183,Dudunsparce
84884994,kazuki0123,1,1,183,Marnie's Grimmsnarl ex
84884996,ojicat,0,1,122,Dragapult ex
84884996,Raihan Ramadistra,1,0,122,Mega Kangaskhan ex
84884997,wkonishi,0,0,203,Dudunsparce
84884997,nasuo445,1,1,203,Cynthia's Garchomp ex
84884998,THIRD PTCG Club,0,1,86,Fezandipiti ex
84884998,LiamK,1,0,86,Teal Mask Ogerpon ex
84885000,bono,0,1,74,Fezandipiti ex
84885000,Yushin Ito,1,0,74,Mega Starmie ex
84885001,kazuki0123,0,1,211,Marnie's Grimmsnarl ex
84885001,Ajishio,1,0,211,Alakazam
84885002,ごんさくよねきち,0,1,219,Marnie's Grimmsnarl ex
84885002,Majkel1337,1,0,219,Marnie's Grimmsnarl ex
84885008,nasuo445,0,1,161,Cynthia's Garchomp ex
84885008,kashiwashira,1,0,161,Team Rocket's Mewtwo ex
84885020,Yushin Ito,0,1,96,Mega Starmie ex
84885020,wkonishi,1,0,96,Dudunsparce
84885043,カドラバ Kadoraba,0,0,119,Fezandipiti ex
84885043,Gotem Penguin,1,1,119,Mega Froslass ex
84885105,THIRD PTCG Club,0,1,101,Fezandipiti ex
84885105,junlee789,1,0,101,Marnie's Grimmsnarl ex
84885310,kawachi,0,1,34,Fezandipiti ex
84885310,MPGaming,1,0,34,Mega Kangaskhan ex
84885368,Majkel1337,0,1,100,Dudunsparce
84885368,kidekikish,1,0,100,Chandelure
84885497,Yushin Ito,0,1,147,Marnie's Grimmsnarl ex
84885497,ShumpeiNomura,1,0,147,Archaludon ex
84885500,LiamK,0,1,205,Cornerstone Mask Ogerpon ex
84885500,kazuki0123,1,0,205,Marnie's Grimmsnarl ex
84885507,ojicat,0,1,91,Dragapult ex
84885507,WinDecks,1,0,91,Mega Starmie ex
84885509,nasuo445,0,1,243,Cynthia's Garchomp ex
84885509,youtube.com/@BigBugginnings,1,0,243,Dragapult ex
84885510,5.5,0,1,184,Alakazam
84885510,THIRD PTCG Club,1,0,184,Fezandipiti ex
84885511,wally0593,0,1,180,Dudunsparce
84885511,bono,1,0,180,Fezandipiti ex
84885512,Raihan Ramadistra,0,1,189,Mega Kangaskhan ex
84885512,Michael Long,1,0,189,Fezandipiti ex
84885513,kazuki0123,0,1,172,Marnie's Grimmsnarl ex
84885513,nasuo445,1,0,172,Cynthia's Garchomp ex
84885514,Rmy,0,0,135,Dudunsparce
84885514,MPGaming,1,1,135,Mega Kangaskhan ex
84885515,aaa,0,0,207,Fezandipiti ex
84885515,XP3RiX,1,1,207,Dudunsparce
84885518,kazuki0123,0,0,191,Marnie's Grimmsnarl ex
84885518,渡邊征央,1,1,191,Marnie's Grimmsnarl ex
84885520,zoroark190,0,1,28,Mega Kangaskhan ex
84885520,5.5,1,0,28,Alakazam
84885524,bono,0,1,194,Mega Kangaskhan ex
84885524,Abhyuday,1,0,194,Dudunsparce
84885526,kashiwashira,0,0,169,Team Rocket's Mewtwo ex
84885526,kazuki0123,1,1,169,Marnie's Grimmsnarl ex
84885539,Gotem Penguin,0,1,253,Mega Froslass ex
84885539,Michael Long,1,0,253,Fezandipiti ex
84885545,nasuo445,0,0,200,Cynthia's Garchomp ex
84885545,Dũng Đỗ,1,1,200,Mega Kangaskhan ex
84885571,qb,0,1,103,Dudunsparce
84885571,Boss's Orders Are All You Need,1,0,103,Shaymin
84885606,5.5,0,0,82,Alakazam
84885606,Yushin Ito,1,1,82,Mega Starmie ex
84885672,kidekikish,0,1,105,Chandelure
84885672,豆本豆豆包,1,0,105,Alakazam
84885828,Oleksandr_Savsunenko,0,0,187,Dudunsparce
84885828,kawachi,1,1,187,Fezandipiti ex
84885882,kazuki0123,0,0,133,Marnie's Grimmsnarl ex
84885882,Majkel1337,1,1,133,Dudunsparce
84886009,Yushin Ito,0,1,239,Marnie's Grimmsnarl ex
84886009,kazuki0123,1,0,239,Marnie's Grimmsnarl ex
84886016,5.5,0,0,422,Alakazam
84886016,LiamK,1,1,422,Cornerstone Mask Ogerpon ex
84886021,zoroark190,0,0,128,Mega Kangaskhan ex
84886021,nasuo445,1,1,128,Cynthia's Garchomp ex
84886024,WinDecks,0,1,47,Mega Starmie ex
84886024,Raihan Ramadistra,1,0,47,Mega Kangaskhan ex
84886027,ごんさくよねきち,0,1,118,Marnie's Grimmsnarl ex
84886027,bono,1,0,118,Fezandipiti ex
84886029,kazuki0123,0,1,174,Marnie's Grimmsnarl ex
84886029,The Debauchery Tea Party,1,0,174,Marnie's Grimmsnarl ex
84886030,Mykhailo Kalus,0,0,136,Marnie's Grimmsnarl ex
84886030,Rmy,1,1,136,Dudunsparce
84886032,nasuo445,0,1,210,Cynthia's Garchomp ex
84886032,Eduardo Rocha de Andrade,1,0,210,Marnie's Grimmsnarl ex
84886034,Bozo Boys,0,0,221,Alakazam
84886034,THIRD PTCG Club,1,1,221,Fezandipiti ex
84886036,tonakaiiii,0,0,132,Marnie's Grimmsnarl ex
84886036,zoroark190,1,1,132,Mega Kangaskhan ex
84886039,bono,0,0,137,Mega Kangaskhan ex
84886039,nasuo445,1,1,137,Cynthia's Garchomp ex
84886040,Yushin Ito,0,0,93,Mega Starmie ex
84886040,THIRD PTCG Club,1,1,93,Fezandipiti ex
84886045,THIRD PTCG Club,0,1,213,Fezandipiti ex
84886045,kashiwashira,1,0,213,Team Rocket's Mewtwo ex
84886107,kidekikish,0,0,110,Chandelure
84886107,5.5,1,1,110,Alakazam
84886348,kawachi,0,1,99,Fezandipiti ex
84886348,iwashi,1,0,99,Marnie's Grimmsnarl ex
84886368,Rmy,0,0,205,Dudunsparce
84886368,ShumpeiNomura,1,1,205,Archaludon ex
84886398,kawachi,0,0,171,Fezandipiti ex
84886398,Majkel1337,1,1,171,Dudunsparce
84886520,Raihan Ramadistra,0,1,204,Mega Kangaskhan ex
84886520,Yushin Ito,1,0,204,Marnie's Grimmsnarl ex
84886530,bono,0,0,134,Fezandipiti ex
84886530,LiamK,1,1,134,Cornerstone Mask Ogerpon ex
84886537,WinDecks,0,0,119,Mega Starmie ex
84886537,kuromoka,1,1,119,Cynthia's Garchomp ex
84886538,豆本豆豆包,0,1,170,Alakazam
84886538,THIRD PTCG Club,1,0,170,Fezandipiti ex
84886539,nasuo445,0,1,237,Cynthia's Garchomp ex
84886539,豆本豆豆包,1,0,237,Alakazam
84886541,ごんさくよねきち,0,1,131,Marnie's Grimmsnarl ex
84886541,Raihan Ramadistra,1,0,131,Mega Kangaskhan ex
84886542,zoroark190,0,1,114,Mega Kangaskhan ex
84886542,nasuo445,1,0,114,Cynthia's Garchomp ex
84886544,kazuki0123,0,1,190,Marnie's Grimmsnarl ex
84886544,Bozo Boys,1,0,190,Alakazam
84886548,mimi,0,1,120,Archaludon ex
84886548,bono,1,0,120,Fezandipiti ex
84886549,bono,0,1,142,Fezandipiti ex
84886549,zoroark190,1,0,142,Mega Kangaskhan ex
84886550,kuromoka,0,1,199,Cynthia's Garchomp ex
84886550,ごんさくよねきち,1,0,199,Marnie's Grimmsnarl ex
84886562,Dũng Đỗ,0,1,170,Mega Kangaskhan ex
84886562,Sota Uchiyama,1,0,170,Marnie's Grimmsnarl ex
84886629,LiamK,0,1,115,Teal Mask Ogerpon ex
84886629,capbloo,1,0,115,Alakazam
84886847,pino 70122,0,1,146,Mega Lucario ex
84886847,WinDecks,1,0,146,Mega Starmie ex
84886913,Majkel1337,0,0,88,Dudunsparce
84886913,Yushin Ito,1,1,88,Mega Starmie ex
84886991,Yushin Ito,0,0,269,Marnie's Grimmsnarl ex
84886991,junlee789,1,1,269,Marnie's Grimmsnarl ex
84887011,Banjo,0,0,247,Mega Starmie ex
84887011,kazuki0123,1,1,247,Marnie's Grimmsnarl ex
84887021,LiamK,0,1,168,Cornerstone Mask Ogerpon ex
84887021,bono,1,0,168,Fezandipiti ex
84887023,zoroark190,0,0,83,Mega Kangaskhan ex
84887023,WinDecks,1,1,83,Mega Starmie ex
84887032,LiamK,0,1,139,Cornerstone Mask Ogerpon ex
84887032,bono,1,0,139,Mega Kangaskhan ex
84887033,matsurih,0,1,34,Dudunsparce
84887033,Gotem Penguin,1,0,34,Mega Froslass ex
84887036,bono,0,1,201,Fezandipiti ex
84887036,Michael Long,1,0,201,Fezandipiti ex
84887044,Dũng Đỗ,0,0,168,Mega Kangaskhan ex
84887044,kashiwashira,1,1,168,Team Rocket's Mewtwo ex
84887048,渡邊征央,0,1,229,Marnie's Grimmsnarl ex
84887048,youtube.com/@BigBugginnings,1,0,229,Dragapult ex
84887056,junlee789,0,0,125,Marnie's Grimmsnarl ex
84887056,bono,1,1,125,Mega Kangaskhan ex
84887057,LiamK,0,0,128,Teal Mask Ogerpon ex
84887057,nasuo445,1,1,128,Cynthia's Garchomp ex
84887096,WinDecks,0,0,138,Mega Starmie ex
84887096,Hase2727,1,1,138,Mega Kangaskhan ex
84887099,wkonishi,0,0,168,Dudunsparce
84887099,nasuo445,1,1,168,Cynthia's Garchomp ex
84887101,nasuo445,0,1,74,Cynthia's Garchomp ex
84887101,bono,1,0,74,Mega Kangaskhan ex
84887102,kashiwashira,0,1,231,Team Rocket's Mewtwo ex
84887102,Rmy,1,0,231,Dudunsparce
84887104,Raihan Ramadistra,0,1,78,Mega Kangaskhan ex
84887104,ごんさくよねきち,1,0,78,Marnie's Grimmsnarl ex
84887112,LiamK,0,1,128,Cornerstone Mask Ogerpon ex
84887112,THIRD PTCG Club,1,0,128,Fezandipiti ex
84887114,ごんさくよねきち,0,1,157,Marnie's Grimmsnarl ex
84887114,XIAODOUZI,1,0,157,Marnie's Grimmsnarl ex
84887152,Banjo,0,1,132,Mega Starmie ex
84887152,aaa,1,0,132,Fezandipiti ex
84887199,Hase2727,0,0,97,Mega Kangaskhan ex
84887199,WinDecks,1,1,97,Mega Starmie ex
84887214,bono,0,1,104,Mega Kangaskhan ex
84887214,ImANoob1122,1,0,104,Mega Lucario ex
84887363,Bulba-Zero,0,0,165,Mega Kangaskhan ex
84887363,pino 70122,1,1,165,Mega Lucario ex
84887434,Majkel1337,0,0,217,Dudunsparce
84887434,suwat513,1,1,217,Fezandipiti ex
84887545,Yushin Ito,0,1,163,Marnie's Grimmsnarl ex
84887545,Majkel1337,1,0,163,Dudunsparce
84887553,Star-mine,0,0,125,Chandelure
84887553,LiamK,1,1,125,Cornerstone Mask Ogerpon ex
84887558,nasuo445,0,1,142,Cynthia's Garchomp ex
84887558,LiamK,1,0,142,Cornerstone Mask Ogerpon ex
84887559,teetru,0,1,193,Fezandipiti ex
84887559,nasuo445,1,0,193,Cynthia's Garchomp ex
84887560,aaa,0,0,125,Fezandipiti ex
84887560,Raihan Ramadistra,1,1,125,Mega Kangaskhan ex
84887563,5.5,0,1,173,Alakazam
84887563,kazuki0123,1,0,173,Marnie's Grimmsnarl ex
84887565,THIRD PTCG Club,0,0,136,Fezandipiti ex
84887565,Yushin Ito,1,1,136,Marnie's Grimmsnarl ex
84887567,Yushin Ito,0,1,152,Marnie's Grimmsnarl ex
84887567,Rmy,1,0,152,Dudunsparce
84887569,junlee789,0,0,87,Marnie's Grimmsnarl ex
84887569,aaa,1,1,87,Fezandipiti ex
84887573,bono,0,1,140,Fezandipiti ex
84887573,noikaret,1,0,140,Cornerstone Mask Ogerpon ex
84887576,ImANoob1122,0,1,131,Mega Lucario ex
84887576,zoroark190,1,0,131,Mega Kangaskhan ex
84887582,capbloo,0,0,254,Alakazam
84887582,豆本豆豆包,1,1,254,Alakazam
84887585,MPGaming,0,1,192,Mega Kangaskhan ex
84887585,渡邊征央,1,0,192,Marnie's Grimmsnarl ex
84887683,WinDecks,0,1,101,Mega Starmie ex
84887683,5.5,1,0,101,Alakazam
84887713,ごんさくよねきち,0,1,152,Marnie's Grimmsnarl ex
84887713,MPGaming,1,0,152,Mega Kangaskhan ex
84887885,XP3RiX,0,0,24,Dudunsparce
84887885,pino 70122,1,1,24,Mega Lucario ex
84887898,THIRD PTCG Club,0,1,56,Fezandipiti ex
84887898,qb,1,0,56,Dudunsparce
84887948,LiamK,0,0,918,Cornerstone Mask Ogerpon ex
84887948,Majkel1337,1,1,918,Dudunsparce
84888065,LiamK,0,0,33,Cornerstone Mask Ogerpon ex
84888065,Yushin Ito,1,1,33,Marnie's Grimmsnarl ex
84888071,LiamK,0,1,182,Cornerstone Mask Ogerpon ex
84888071,pino 70122,1,0,182,Mega Lucario ex
84888074,nasuo445,0,1,168,Cynthia's Garchomp ex
84888074,bono,1,0,168,Mega Kangaskhan ex
84888079,ojicat,0,1,89,Dragapult ex
84888079,nasuo445,1,0,89,Cynthia's Garchomp ex
84888080,Yushin Ito,0,1,26,Mega Starmie ex
84888080,THIRD PTCG Club,1,0,26,Fezandipiti ex
84888083,kazuki0123,0,0,163,Marnie's Grimmsnarl ex
84888083,Gotem Penguin,1,1,163,Mega Froslass ex
84888086,Yudai Ueno,0,0,138,Marnie's Grimmsnarl ex
84888086,WinDecks,1,1,138,Mega Starmie ex
84888089,mitomeat823,0,0,190,Mega Lucario ex
84888089,ごんさくよねきち,1,1,190,Marnie's Grimmsnarl ex
84888096,Yushin Ito,0,1,53,Mega Starmie ex
84888096,taksai,1,0,53,Mega Starmie ex
84888097,zoroark190,0,1,178,Mega Kangaskhan ex
84888097,THIRD PTCG Club,1,0,178,Fezandipiti ex
84888107,nasuo445,0,1,145,Cynthia's Garchomp ex
84888107,Gotem Penguin,1,0,145,Mega Froslass ex
84888108,渡邊征央,0,0,114,Marnie's Grimmsnarl ex
84888108,WinDecks,1,1,114,Mega Starmie ex
84888120,Michael Long,0,0,178,Fezandipiti ex
84888120,junlee789,1,1,178,Marnie's Grimmsnarl ex
84888416,pino 70122,0,0,168,Mega Lucario ex
84888416,v0m0v,1,1,168,Crustle
84888439,bono,0,0,68,Mega Kangaskhan ex
84888439,kawachi,1,1,68,Fezandipiti ex
84888479,Majkel1337,0,1,178,Dudunsparce
84888479,Shardul Gharat,1,0,178,Marnie's Grimmsnarl ex
84888585,aaa,0,1,152,Fezandipiti ex
84888585,Yushin Ito,1,0,152,Marnie's Grimmsnarl ex
84888594,LiamK,0,1,153,Cornerstone Mask Ogerpon ex
84888594,aaa,1,0,153,Fezandipiti ex
84888596,nasuo445,0,0,142,Cynthia's Garchomp ex
84888596,aaa,1,1,142,Fezandipiti ex
84888598,Raihan Ramadistra,0,0,163,Mega Kangaskhan ex
84888598,MPGaming,1,1,163,Mega Kangaskhan ex
84888601,Rmy,0,0,26,Dudunsparce
84888601,WinDecks,1,1,26,Mega Starmie ex
84888602,nasuo445,0,1,182,Cynthia's Garchomp ex
84888602,kuromoka,1,0,182,Cynthia's Garchomp ex
84888606,Majkel1337,0,1,162,Marnie's Grimmsnarl ex
84888606,bono,1,0,162,Fezandipiti ex
84888607,aaa,0,0,117,Fezandipiti ex
84888607,Star-mine,1,1,117,Chandelure
84888608,ごんさくよねきち,0,1,241,Marnie's Grimmsnarl ex
84888608,Akira-Ninth,1,0,241,Mega Lucario ex
84888611,THIRD PTCG Club,0,0,126,Fezandipiti ex
84888611,5.5,1,1,126,Alakazam
84888612,bono,0,0,161,Mega Kangaskhan ex
84888612,Yushin Ito,1,1,161,Mega Starmie ex
84888615,bono,0,1,76,Mega Kangaskhan ex
84888615,hiro094,1,0,76,Mega Lucario ex
84888617,zoroark190,0,1,116,Mega Kangaskhan ex
84888617,tonakaiiii,1,0,116,Marnie's Grimmsnarl ex
84888623,capbloo,0,0,232,Alakazam
84888623,Abhyuday,1,1,232,Dudunsparce
84888626,Michael Long,0,1,111,Fezandipiti ex
84888626,MPGaming,1,0,111,Mega Kangaskhan ex
84888628,junlee789,0,0,172,Marnie's Grimmsnarl ex
84888628,nasuo445,1,1,172,Cynthia's Garchomp ex
84888631,渡邊征央,0,0,176,Marnie's Grimmsnarl ex
84888631,junlee789,1,1,176,Marnie's Grimmsnarl ex
84888632,capbloo,0,1,181,Alakazam
84888632,豆本豆豆包,1,0,181,Alakazam
84888936,LiamK,0,1,172,Cornerstone Mask Ogerpon ex
84888936,pino 70122,1,0,172,Mega Lucario ex
84888972,ShumpeiNomura,0,0,55,Archaludon ex
84888972,zoroark190,1,1,55,Mega Kangaskhan ex
84889003,Hase2727,0,0,97,Mega Kangaskhan ex
84889003,Majkel1337,1,1,97,Dudunsparce
84889008,Majkel1337,0,1,219,Marnie's Grimmsnarl ex
84889008,やる気元気ミワハルキ,1,0,219,Mega Lucario ex
84889109,bono,0,0,130,Fezandipiti ex
84889109,LiamK,1,1,130,Cornerstone Mask Ogerpon ex
84889114,nasuo445,0,0,146,Cynthia's Garchomp ex
84889114,Dũng Đỗ,1,1,146,Mega Kangaskhan ex
84889116,qb,0,0,82,Dudunsparce
84889116,WinDecks,1,1,82,Mega Starmie ex
84889117,nasuo445,0,1,181,Cynthia's Garchomp ex
84889117,5.5,1,0,181,Alakazam
84889118,Raihan Ramadistra,0,1,218,Mega Kangaskhan ex
84889118,Oleksandr_Savsunenko,1,0,218,Dudunsparce
84889121,Yigit Kayali,0,0,205,Dudunsparce
84889121,Rmy,1,1,205,Dudunsparce
84889122,aaa,0,1,145,Fezandipiti ex
84889122,zoroark190,1,0,145,Mega Kangaskhan ex
84889124,kazuki0123,0,1,183,Marnie's Grimmsnarl ex
84889124,junlee789,1,0,183,Marnie's Grimmsnarl ex
84889125,Yushin Ito,0,1,147,Mega Starmie ex
84889125,Raihan Ramadistra,1,0,147,Mega Kangaskhan ex
84889127,bono,0,1,140,Fezandipiti ex
84889127,nasuo445,1,0,140,Cynthia's Garchomp ex
84889129,213tubo,0,1,121,Fezandipiti ex
84889129,zoroark190,1,0,121,Mega Kangaskhan ex
84889132,bono,0,0,117,Mega Kangaskhan ex
84889132,koga_poke,1,1,117,Yveltal
84889135,yamy893,0,1,126,Chandelure
84889135,youtube.com/@BigBugginnings,1,0,126,Dragapult ex
84889140,capbloo,0,1,75,Alakazam
84889140,WinDecks,1,0,75,Mega Starmie ex
84889141,kashiwashira,0,0,92,Team Rocket's Mewtwo ex
84889141,Gotem Penguin,1,1,92,Mega Froslass ex
84889145,Rmy,0,0,119,Dudunsparce
84889145,ojicat,1,1,119,Dragapult ex
84889189,Sota Uchiyama,0,0,178,Marnie's Grimmsnarl ex
84889189,ごんさくよねきち,1,1,178,Marnie's Grimmsnarl ex
84889203,Majkel1337,0,0,279,Marnie's Grimmsnarl ex
84889203,btk15049,1,1,279,Cornerstone Mask Ogerpon ex
84889264,kazuki0123,0,1,127,Marnie's Grimmsnarl ex
84889264,ShumpeiNomura,1,0,127,Archaludon ex
84889531,Majkel1337,0,1,26,Dudunsparce
84889531,capbloo,1,0,26,Alakazam
84889624,Yushin Ito,0,1,56,Marnie's Grimmsnarl ex
84889624,LiamK,1,0,56,Cornerstone Mask Ogerpon ex
84889629,LiamK,0,0,197,Cornerstone Mask Ogerpon ex
84889629,ごんさくよねきち,1,1,197,Marnie's Grimmsnarl ex
84889630,nasuo445,0,1,135,Cynthia's Garchomp ex
84889630,Akira-Ninth,1,0,135,Mega Lucario ex
84889640,nasuo445,0,1,205,Cynthia's Garchomp ex
84889640,THIRD PTCG Club,1,0,205,Fezandipiti ex
84889643,kidekikish,0,1,140,Chandelure
84889643,aaa,1,0,140,Fezandipiti ex
84889644,THIRD PTCG Club,0,0,164,Fezandipiti ex
84889644,ごんさくよねきち,1,1,164,Marnie's Grimmsnarl ex
84889646,kazuki0123,0,0,106,Marnie's Grimmsnarl ex
84889646,ImANoob1122,1,1,106,Mega Lucario ex
84889648,Banjo,0,1,137,Mega Starmie ex
84889648,Rmy,1,0,137,Dudunsparce
84889649,nasuo445,0,1,166,Cynthia's Garchomp ex
84889649,bono,1,0,166,Fezandipiti ex
84889654,kashiwashira,0,1,173,Team Rocket's Mewtwo ex
84889654,THIRD PTCG Club,1,0,173,Fezandipiti ex
84889659,bono,0,0,108,Mega Kangaskhan ex
84889659,kazuki0123,1,1,108,Marnie's Grimmsnarl ex
84889660,LiamK,0,0,156,Cornerstone Mask Ogerpon ex
84889660,youtube.com/@BigBugginnings,1,1,156,Dragapult ex
84890046,Majkel1337,0,0,184,Dudunsparce
84890046,Hase2727,1,1,184,Mega Kangaskhan ex
84890137,Majkel1337,0,1,123,Dudunsparce
84890137,Yushin Ito,1,0,123,Marnie's Grimmsnarl ex
84890148,nasuo445,0,0,140,Cynthia's Garchomp ex
84890148,Marshall Maximizer,1,1,140,Yveltal
84890151,nasuo445,0,1,189,Cynthia's Garchomp ex
84890151,aaa,1,0,189,Fezandipiti ex
84890153,LiamK,0,0,139,Cornerstone Mask Ogerpon ex
84890153,ごんさくよねきち,1,1,139,Marnie's Grimmsnarl ex
84890155,WinDecks,0,1,133,Mega Starmie ex
84890155,ZETADIVISION,1,0,133,Dragapult ex
84890156,tonakaiiii,0,0,201,Marnie's Grimmsnarl ex
84890156,Raihan Ramadistra,1,1,201,Mega Kangaskhan ex
84890157,ゆとり,0,0,171,Cornerstone Mask Ogerpon ex
84890157,aaa,1,1,171,Fezandipiti ex
84890162,ShumpeiNomura,0,0,57,Archaludon ex
84890162,bono,1,1,57,Fezandipiti ex
84890164,zoroark190,0,1,127,Mega Kangaskhan ex
84890164,Shota Hirao,1,0,127,Marnie's Grimmsnarl ex
84890165,lmaffei,0,0,175,Mega Lopunny ex
84890165,Yushin Ito,1,1,175,Mega Starmie ex
84890166,Rmy,0,0,161,Dudunsparce
84890166,ImANoob1122,1,1,161,Mega Lucario ex
84890170,Michael Long,0,1,106,Fezandipiti ex
84890170,やる気元気ミワハルキ,1,0,106,Mega Lucario ex
84890172,wally0593,0,1,104,Dudunsparce
84890172,LiamK,1,0,104,Teal Mask Ogerpon ex
84890173,junlee789,0,1,190,Marnie's Grimmsnarl ex
84890173,Gotem Penguin,1,0,190,Mega Froslass ex
84890183,kawachi,0,1,113,Fezandipiti ex
84890183,渡邊征央,1,0,113,Marnie's Grimmsnarl ex
84890188,junlee789,0,0,115,Marnie's Grimmsnarl ex
84890188,nasuo445,1,1,115,Cynthia's Garchomp ex
84890193,5.5,0,1,232,Alakazam
84890193,kashiwashira,1,0,232,Team Rocket's Mewtwo ex
84890207,bono,0,1,33,Fezandipiti ex
84890207,5.5,1,0,33,Alakazam
84890529,OsElCoUn,0,0,195,Fezandipiti ex
84890529,kawachi,1,1,195,Fezandipiti ex
84890570,カドラバ Kadoraba,0,0,199,Fezandipiti ex
84890570,Majkel1337,1,1,199,Dudunsparce
84890654,Majkel1337,0,1,205,Marnie's Grimmsnarl ex
84890654,Yushin Ito,1,0,205,Marnie's Grimmsnarl ex
84890667,LiamK,0,1,134,Cornerstone Mask Ogerpon ex
84890667,kidekikish,1,0,134,Chandelure
84890669,nasuo445,0,1,154,Cynthia's Garchomp ex
84890669,NoOne,1,0,154,Dudunsparce
84890670,LiamK,0,0,116,Cornerstone Mask Ogerpon ex
84890670,ごんさくよねきち,1,1,116,Marnie's Grimmsnarl ex
84890673,zoroark190,0,1,156,Mega Kangaskhan ex
84890673,nasuo445,1,0,156,Cynthia's Garchomp ex
84890675,WinDecks,0,0,97,Mega Starmie ex
84890675,kawachi,1,1,97,Fezandipiti ex
84890676,Yushin Ito,0,1,124,Mega Starmie ex
84890676,Shota Hirao,1,0,124,Marnie's Grimmsnarl ex
84890679,bono,0,0,120,Fezandipiti ex
84890679,koga_poke,1,1,120,Yveltal
84890682,zoroark190,0,0,137,Mega Kangaskhan ex
84890682,WinDecks,1,1,137,Mega Starmie ex
84890692,bono,0,1,122,Mega Kangaskhan ex
84890692,Sota Uchiyama,1,0,122,Marnie's Grimmsnarl ex
84890694,Dũng Đỗ,0,1,157,Mega Kangaskhan ex
84890694,Michael Long,1,0,157,Fezandipiti ex
84890696,Rmy,0,0,222,Dudunsparce
84890696,capbloo,1,1,222,Alakazam
84890755,zoroark190,0,0,138,Mega Kangaskhan ex
84890755,Dũng Đỗ,1,1,138,Mega Kangaskhan ex
84890770,wally0593,0,0,156,Dudunsparce
84890770,bono,1,1,156,Mega Kangaskhan ex
84890792,Ajishio,0,1,113,Alakazam
84890792,youtube.com/@BigBugginnings,1,0,113,Dragapult ex
84890814,mimi,0,0,110,Archaludon ex
84890814,kazuki0123,1,1,110,Marnie's Grimmsnarl ex
84891060,kawachi,0,1,89,Fezandipiti ex
84891060,LiamK,1,0,89,Cornerstone Mask Ogerpon ex
84891077,capbloo,0,0,276,Alakazam
84891077,ShumpeiNomura,1,1,276,Archaludon ex
84891103,Majkel1337,0,1,547,Dudunsparce
84891103,LiamK,1,0,547,Cornerstone Mask Ogerpon ex
84891110,koga_poke,0,0,118,Yveltal
84891110,Majkel1337,1,1,118,Marnie's Grimmsnarl ex
84891180,Yushin Ito,0,1,64,Marnie's Grimmsnarl ex
84891180,kawachi,1,0,64,Fezandipiti ex
84891194,LiamK,0,0,133,Cornerstone Mask Ogerpon ex
84891194,やる気元気ミワハルキ,1,1,133,Mega Lucario ex
84891196,nasuo445,0,1,194,Cynthia's Garchomp ex
84891196,ごんさくよねきち,1,0,194,Marnie's Grimmsnarl ex
84891198,ごんさくよねきち,0,1,331,Marnie's Grimmsnarl ex
84891198,btk15049,1,0,331,Cornerstone Mask Ogerpon ex
84891202,Raihan Ramadistra,0,0,115,Mega Kangaskhan ex
84891202,nasuo445,1,1,115,Cynthia's Garchomp ex
84891203,aaa,0,1,185,Fezandipiti ex
84891203,nasuo445,1,0,185,Cynthia's Garchomp ex
84891204,WinDecks,0,1,127,Mega Starmie ex
84891204,kuromoka,1,0,127,Cynthia's Garchomp ex
84891205,Yushin Ito,0,0,93,Mega Starmie ex
84891205,bono,1,1,93,Fezandipiti ex
84891206,zoroark190,0,1,159,Mega Kangaskhan ex
84891206,kazuki0123,1,0,159,Marnie's Grimmsnarl ex
84891207,aaa,0,0,194,Fezandipiti ex
84891207,5.5,1,1,194,Alakazam
84891209,Marshall Maximizer,0,1,151,Marnie's Grimmsnarl ex
84891209,bono,1,0,151,Fezandipiti ex
84891211,THIRD PTCG Club,0,1,128,Fezandipiti ex
84891211,tonakaiiii,1,0,128,Marnie's Grimmsnarl ex
84891213,5.5,0,1,152,Alakazam
84891213,zoroark190,1,0,152,Mega Kangaskhan ex
84891214,Rmy,0,0,108,Dudunsparce
84891214,MPGaming,1,1,108,Mega Kangaskhan ex
84891216,Michael Long,0,1,188,Fezandipiti ex
84891216,Rmy,1,0,188,Dudunsparce
84891217,youtube.com/@BigBugginnings,0,0,157,Dragapult ex
84891217,junlee789,1,1,157,Marnie's Grimmsnarl ex
84891221,capbloo,0,1,147,Alakazam
84891221,WinDecks,1,0,147,Mega Starmie ex
84891223,nasuo445,0,1,113,Cynthia's Garchomp ex
84891223,LiamK,1,0,113,Teal Mask Ogerpon ex
84891226,Gotem Penguin,0,0,126,Mega Froslass ex
84891226,tw_shin,1,1,126,Marnie's Grimmsnarl ex
84891229,btk15049,0,1,182,Cornerstone Mask Ogerpon ex
84891229,THIRD PTCG Club,1,0,182,Fezandipiti ex
84891254,ojicat,0,0,176,Dragapult ex
84891254,kashiwashira,1,1,176,Team Rocket's Mewtwo ex
84891600,kawachi,0,0,106,Fezandipiti ex
84891600,WinDecks,1,1,106,Mega Starmie ex
84891634,Yushin Ito,0,1,160,Marnie's Grimmsnarl ex
84891634,Majkel1337,1,0,160,Dudunsparce
84891708,Yushin Ito,0,0,180,Marnie's Grimmsnarl ex
84891708,Majkel1337,1,1,180,Dudunsparce
84891719,aaa,0,0,106,Fezandipiti ex
84891719,LiamK,1,1,106,Cornerstone Mask Ogerpon ex
84891720,nasuo445,0,1,134,Cynthia's Garchomp ex
84891720,Banjo,1,0,134,Mega Starmie ex
84891723,ごんさくよねきち,0,1,42,Marnie's Grimmsnarl ex
84891723,wkonishi,1,0,42,Dudunsparce
84891726,aaa,0,1,160,Fezandipiti ex
84891726,nasuo445,1,0,160,Cynthia's Garchomp ex
84891728,kuromoka,0,1,83,Cynthia's Garchomp ex
84891728,Raihan Ramadistra,1,0,83,Mega Kangaskhan ex
84891732,Yushin Ito,0,1,124,Mega Starmie ex
84891732,ImANoob1122,1,0,124,Mega Lucario ex
84891734,kashiwashira,0,0,117,Team Rocket's Mewtwo ex
84891734,WinDecks,1,1,117,Mega Starmie ex
84891736,kazuki0123,0,1,196,Marnie's Grimmsnarl ex
84891736,btk15049,1,0,196,Cornerstone Mask Ogerpon ex
84891738,すーぱーひとで,0,0,165,Dudunsparce
84891738,bono,1,1,165,Fezandipiti ex
84891742,Michael Long,0,0,169,Fezandipiti ex
84891742,capbloo,1,1,169,Alakazam
84891749,bono,0,0,43,Mega Kangaskhan ex
84891749,taksai,1,1,43,Mega Starmie ex
84891751,capbloo,0,1,153,Alakazam
84891751,wally0593,1,0,153,Dudunsparce
84891753,kashiwashira,0,1,182,Team Rocket's Mewtwo ex
84891753,Abhyuday,1,0,182,Dudunsparce
84891754,Rmy,0,0,14,Dudunsparce
84891754,taksai,1,1,14,Mega Starmie ex
84891755,WinDecks,0,1,99,Mega Starmie ex
84891755,Gotem Penguin,1,0,99,Mega Froslass ex
84891762,taksai,0,1,110,Mega Starmie ex
84891762,koga_poke,1,0,110,Yveltal
84891785,zoroark190,0,0,151,Mega Kangaskhan ex
84891785,MR.h,1,1,151,Crustle
84891789,youtube.com/@BigBugginnings,0,0,182,Dragapult ex
84891789,Abhyuday,1,1,182,Dudunsparce
84891791,bono,0,0,86,Mega Kangaskhan ex
84891791,Ajishio,1,1,86,Alakazam
84892162,taksai,0,1,109,Mega Starmie ex
84892162,Majkel1337,1,0,109,Dudunsparce
84892240,Dũng Đỗ,0,1,275,Mega Kangaskhan ex
84892240,Yushin Ito,1,0,275,Marnie's Grimmsnarl ex
84892252,zoroark190,0,0,138,Mega Kangaskhan ex
84892252,nasuo445,1,1,138,Cynthia's Garchomp ex
84892253,nasuo445,0,1,135,Cynthia's Garchomp ex
84892253,ごんさくよねきち,1,0,135,Marnie's Grimmsnarl ex
84892256,nasuo445,0,1,253,Cynthia's Garchomp ex
84892256,bono,1,0,253,Fezandipiti ex
84892258,taksai,0,1,105,Mega Starmie ex
84892258,LiamK,1,0,105,Cornerstone Mask Ogerpon ex
84892261,aaa,0,1,126,Fezandipiti ex
84892261,Pixegami,1,0,126,Marnie's Grimmsnarl ex
84892264,Yushin Ito,0,1,97,Mega Starmie ex
84892264,wally0593,1,0,97,Dudunsparce
84892265,Raihan Ramadistra,0,0,136,Mega Kangaskhan ex
84892265,Ajishio,1,1,136,Alakazam
84892266,bono,0,0,152,Fezandipiti ex
84892266,nasuo445,1,1,152,Cynthia's Garchomp ex
84892269,capbloo,0,1,127,Alakazam
84892269,ojicat,1,0,127,Dragapult ex
84892271,youtube.com/@BigBugginnings,0,1,185,Dragapult ex
84892271,Michael Long,1,0,185,Fezandipiti ex
84892275,Dũng Đỗ,0,0,94,Mega Kangaskhan ex
84892275,WinDecks,1,1,94,Mega Starmie ex
84892281,bono,0,0,123,Mega Kangaskhan ex
84892281,LiamK,1,1,123,Teal Mask Ogerpon ex
84892293,Gotem Penguin,0,0,103,Mega Froslass ex
84892293,ShumpeiNomura,1,1,103,Archaludon ex
84892301,Majkel1337,0,1,203,Marnie's Grimmsnarl ex
84892301,junlee789,1,0,203,Marnie's Grimmsnarl ex
84892309,WinDecks,0,1,109,Mega Starmie ex
84892309,matsurih,1,0,109,Dudunsparce
84892391,THIRD PTCG Club,0,1,55,Fezandipiti ex
84892391,やる気元気ミワハルキ,1,0,55,Mega Lucario ex
84892692,ShumpeiNomura,0,1,141,Archaludon ex
84892692,mitomeat823,1,0,141,Mega Lucario ex
84892706,kashiwashira,0,0,335,Team Rocket's Mewtwo ex
84892706,Majkel1337,1,1,335,Dudunsparce
84892713,Majkel1337,0,0,18,Marnie's Grimmsnarl ex
84892713,mitomeat823,1,1,18,Mega Lucario ex
84892770,Yushin Ito,0,1,144,Marnie's Grimmsnarl ex
84892770,Rmy,1,0,144,Dudunsparce
84892780,capbloo,0,1,156,Alakazam
84892780,nasuo445,1,0,156,Cynthia's Garchomp ex
84892788,kuromoka,0,0,71,Cynthia's Garchomp ex
84892788,ごんさくよねきち,1,1,71,Marnie's Grimmsnarl ex
84892792,Rmy,0,0,152,Dudunsparce
84892792,aaa,1,1,152,Fezandipiti ex
84892793,Yushin Ito,0,1,94,Mega Starmie ex
84892793,Star-mine,1,0,94,Chandelure
84892794,WinDecks,0,0,111,Mega Starmie ex
84892794,やる気元気ミワハルキ,1,1,111,Mega Lucario ex
84892795,bono,0,0,151,Fezandipiti ex
84892795,Raihan Ramadistra,1,1,151,Mega Kangaskhan ex
84892797,ShumpeiNomura,0,1,152,Archaludon ex
84892797,kazuki0123,1,0,152,Marnie's Grimmsnarl ex
84892801,capbloo,0,1,192,Alakazam
84892801,Bozo Boys,1,0,192,Alakazam
84892802,Ajishio,0,1,189,Alakazam
84892802,THIRD PTCG Club,1,0,189,Fezandipiti ex
84892806,capbloo,0,0,215,Alakazam
84892806,kashiwashira,1,1,215,Team Rocket's Mewtwo ex
84892807,zoroark190,0,1,96,Mega Kangaskhan ex
84892807,WinDecks,1,0,96,Mega Starmie ex
84892809,nasuo445,0,1,74,Cynthia's Garchomp ex
84892809,LiamK,1,0,74,Teal Mask Ogerpon ex
84892812,ShumpeiNomura,0,1,156,Archaludon ex
84892812,youtube.com/@BigBugginnings,1,0,156,Dragapult ex
84892814,Dũng Đỗ,0,0,102,Mega Kangaskhan ex
84892814,ShumpeiNomura,1,1,102,Archaludon ex
84892822,THIRD PTCG Club,0,0,196,Fezandipiti ex
84892822,ShumpeiNomura,1,1,196,Archaludon ex
84892832,WinDecks,0,1,127,Mega Starmie ex
84892832,youtube.com/@BigBugginnings,1,0,127,Dragapult ex
84893198,kawachi,0,1,102,Fezandipiti ex
84893198,pino 70122,1,0,102,Mega Lucario ex
84893231,ShumpeiNomura,0,0,107,Archaludon ex
84893231,ImANoob1122,1,1,107,Mega Lucario ex
84893252,Majkel1337,0,1,124,Dudunsparce
84893252,ShumpeiNomura,1,0,124,Archaludon ex
84893314,Yushin Ito,0,1,143,Marnie's Grimmsnarl ex
84893314,kashiwashira,1,0,143,Team Rocket's Mewtwo ex
84893322,Michael Long,0,0,223,Fezandipiti ex
84893322,nasuo445,1,1,223,Cynthia's Garchomp ex
84893326,ごんさくよねきち,0,0,204,Marnie's Grimmsnarl ex
84893326,Yushin Ito,1,1,204,Marnie's Grimmsnarl ex
84893327,LiamK,0,1,120,Cornerstone Mask Ogerpon ex
84893327,渡邊征央,1,0,120,Marnie's Grimmsnarl ex
84893329,WinDecks,0,1,65,Mega Starmie ex
84893329,nasuo445,1,0,65,Cynthia's Garchomp ex
84893334,v0m0v,0,0,130,Crustle
84893334,Yushin Ito,1,1,130,Mega Starmie ex
84893340,kawachi,0,0,132,Fezandipiti ex
84893340,Raihan Ramadistra,1,1,132,Mega Kangaskhan ex
84893343,WinDecks,0,0,216,Mega Starmie ex
84893343,kazuki0123,1,1,216,Marnie's Grimmsnarl ex
84893345,213tubo,0,1,63,Fezandipiti ex
84893345,kazuki0123,1,0,63,Marnie's Grimmsnarl ex
84893346,WinDecks,0,0,105,Mega Starmie ex
84893346,capbloo,1,1,105,Alakazam
84893348,taksai,0,0,26,Mega Starmie ex
84893348,ImANoob1122,1,1,26,Mega Lucario ex
84893353,wally0593,0,1,168,Dudunsparce
84893353,THIRD PTCG Club,1,0,168,Fezandipiti ex
84893355,LiamK,0,0,84,Teal Mask Ogerpon ex
84893355,hiro094,1,1,84,Mega Lucario ex
84893356,MPGaming,0,1,154,Mega Kangaskhan ex
84893356,Dũng Đỗ,1,0,154,Mega Kangaskhan ex
84893375,junlee789,0,0,141,Marnie's Grimmsnarl ex
84893375,capbloo,1,1,141,Alakazam
84893404,koga_poke,0,0,85,Yveltal
84893404,kawachi,1,1,85,Fezandipiti ex
84893784,kawachi,0,0,153,Fezandipiti ex
84893784,ShumpeiNomura,1,1,153,Archaludon ex
84893810,ShumpeiNomura,0,1,142,Archaludon ex
84893810,Michael Long,1,0,142,Fezandipiti ex
84893816,Majkel1337,0,0,38,Dudunsparce
84893816,ごんさくよねきち,1,1,38,Marnie's Grimmsnarl ex
84893876,taksai,0,0,108,Mega Starmie ex
84893876,Yushin Ito,1,1,108,Marnie's Grimmsnarl ex
84893882,junlee789,0,0,136,Marnie's Grimmsnarl ex
84893882,LiamK,1,1,136,Cornerstone Mask Ogerpon ex
84893886,nasuo445,0,1,220,Cynthia's Garchomp ex
84893886,aaa,1,0,220,Fezandipiti ex
84893891,aaa,0,0,203,Fezandipiti ex
84893891,bono,1,1,203,Fezandipiti ex
84893893,Yushin Ito,0,0,153,Mega Starmie ex
84893893,Ketchum Alt,1,1,153,Dudunsparce
84893894,kazuki0123,0,0,166,Marnie's Grimmsnarl ex
84893894,Raihan Ramadistra,1,1,166,Mega Kangaskhan ex
84893901,WinDecks,0,1,25,Mega Starmie ex
84893901,MPGaming,1,0,25,Mega Kangaskhan ex
84893902,kazuki0123,0,1,175,Marnie's Grimmsnarl ex
84893902,Kento Umeda,1,0,175,Dudunsparce
84893909,ShumpeiNomura,0,0,146,Archaludon ex
84893909,zoroark190,1,1,146,Mega Kangaskhan ex
84893913,THIRD PTCG Club,0,1,99,Fezandipiti ex
84893913,zoroark190,1,0,99,Mega Kangaskhan ex
84893918,bono,0,1,145,Mega Kangaskhan ex
84893918,junlee789,1,0,145,Marnie's Grimmsnarl ex
84893924,Dũng Đỗ,0,0,54,Mega Kangaskhan ex
84893924,aaa,1,1,54,Fezandipiti ex
84893926,youtube.com/@BigBugginnings,0,0,223,Dragapult ex
84893926,Majkel1337,1,1,223,Marnie's Grimmsnarl ex
84893937,hiro094,0,1,114,Mega Lucario ex
84893937,Yushin Ito,1,0,114,Mega Starmie ex
84893954,Bozo Boys,0,1,114,Alakazam
84893954,bono,1,0,114,Mega Kangaskhan ex
84894384,Majkel1337,0,1,96,Dudunsparce
84894384,ImANoob1122,1,0,96,Mega Lucario ex
84894397,Rmy,0,0,209,Dudunsparce
84894397,Majkel1337,1,1,209,Marnie's Grimmsnarl ex
84894437,Yushin Ito,0,1,143,Marnie's Grimmsnarl ex
84894437,tw_shin,1,0,143,Marnie's Grimmsnarl ex
84894443,aaa,0,0,171,Fezandipiti ex
84894443,nasuo445,1,1,171,Cynthia's Garchomp ex
84894450,Marshall Maximizer,0,0,157,Yveltal
84894450,nasuo445,1,1,157,Cynthia's Garchomp ex
84894452,LiamK,0,1,77,Cornerstone Mask Ogerpon ex
84894452,ごんさくよねきち,1,0,77,Marnie's Grimmsnarl ex
84894458,Bozo Boys,0,0,287,Alakazam
84894458,LiamK,1,1,287,Cornerstone Mask Ogerpon ex
84894461,Yushin Ito,0,0,84,Mega Starmie ex
84894461,aaa,1,1,84,Fezandipiti ex
84894462,zoroark190,0,0,166,Mega Kangaskhan ex
84894462,tonakaiiii,1,1,166,Marnie's Grimmsnarl ex
84894466,kazuki0123,0,1,157,Marnie's Grimmsnarl ex
84894466,wally0593,1,0,157,Dudunsparce
84894468,taksai,0,1,126,Mega Starmie ex
84894468,iwashi,1,0,126,Marnie's Grimmsnarl ex
84894471,THIRD PTCG Club,0,1,123,Fezandipiti ex
84894471,ImANoob1122,1,0,123,Mega Lucario ex
84894475,youtube.com/@BigBugginnings,0,0,183,Dragapult ex
84894475,ShumpeiNomura,1,1,183,Archaludon ex
84894476,Abhyuday,0,0,23,Dudunsparce
84894476,Michael Long,1,1,23,Fezandipiti ex
84894483,豆本豆豆包,0,0,153,Alakazam
84894483,Dũng Đỗ,1,1,153,Mega Kangaskhan ex
84894492,WinDecks,0,1,93,Mega Starmie ex
84894492,hiro094,1,0,93,Mega Lucario ex
84894494,Majkel1337,0,1,180,Marnie's Grimmsnarl ex
84894494,wally0593,1,0,180,Dudunsparce
84894503,mitomeat823,0,0,144,Mega Lucario ex
84894503,LiamK,1,1,144,Teal Mask Ogerpon ex
84894508,THIRD PTCG Club,0,1,30,Fezandipiti ex
84894508,kidekikish,1,0,30,Chandelure
84894861,Raihan Ramadistra,0,1,102,Mega Kangaskhan ex
84894861,yasu,1,0,102,Cynthia's Garchomp ex
84894927,Majkel1337,0,1,113,Dudunsparce
84894927,zoroark190,1,0,113,Mega Kangaskhan ex
84894947,Yushin Ito,0,0,131,Mega Starmie ex
84894947,kawachi,1,1,131,Fezandipiti ex
84894951,nasuo445,0,0,209,Cynthia's Garchomp ex
84894951,kawachi,1,1,209,Fezandipiti ex
84894960,btk15049,0,0,212,Cornerstone Mask Ogerpon ex
84894960,nasuo445,1,1,212,Cynthia's Garchomp ex
84894965,aaa,0,1,83,Fezandipiti ex
84894965,Raihan Ramadistra,1,0,83,Mega Kangaskhan ex
84894966,kuromoka,0,0,119,Cynthia's Garchomp ex
84894966,Yushin Ito,1,1,119,Mega Starmie ex
84894967,WinDecks,0,0,133,Mega Starmie ex
84894967,nasuo445,1,1,133,Cynthia's Garchomp ex
84894969,btk15049,0,0,209,Cornerstone Mask Ogerpon ex
84894969,capbloo,1,1,209,Alakazam
84894970,wally0593,0,1,164,Dudunsparce
84894970,kazuki0123,1,0,164,Marnie's Grimmsnarl ex
84894974,Star-mine,0,0,155,Chandelure
84894974,zoroark190,1,1,155,Mega Kangaskhan ex
84894975,aaa,0,0,182,Fezandipiti ex
84894975,Akira-Ninth,1,1,182,Mega Lucario ex
84894980,kashiwashira,0,0,230,Team Rocket's Mewtwo ex
84894980,豆本豆豆包,1,1,230,Alakazam
84894982,LiamK,0,0,49,Teal Mask Ogerpon ex
84894982,capbloo,1,1,49,Alakazam
84894984,Rmy,0,1,170,Dudunsparce
84894984,ShumpeiNomura,1,0,170,Archaludon ex
84894986,LiamK,0,0,90,Cornerstone Mask Ogerpon ex
84894986,taksai,1,1,90,Mega Starmie ex
84894988,tw_shin,0,0,126,Marnie's Grimmsnarl ex
84894988,Michael Long,1,1,126,Fezandipiti ex
84894991,zoroark190,0,0,131,Mega Kangaskhan ex
84894991,THIRD PTCG Club,1,1,131,Fezandipiti ex
84895005,wally0593,0,1,177,Dudunsparce
84895005,btk15049,1,0,177,Cornerstone Mask Ogerpon ex
84895011,Bozo Boys,0,1,121,Alakazam
84895011,Majkel1337,1,0,121,Marnie's Grimmsnarl ex
84895041,ZETADIVISION,0,0,134,Dragapult ex
84895041,zoroark190,1,1,134,Mega Kangaskhan ex
84895053,nasuo445,0,1,157,Cynthia's Garchomp ex
84895053,Yushin Ito,1,0,157,Marnie's Grimmsnarl ex
84895079,wally0593,0,0,167,Dudunsparce
84895079,bono,1,1,167,Mega Kangaskhan ex
84895096,mhiro2,0,0,143,Fezandipiti ex
84895096,LiamK,1,1,143,Cornerstone Mask Ogerpon ex
84895229,capbloo,0,0,221,Alakazam
84895229,tonakaiiii,1,1,221,Marnie's Grimmsnarl ex
84895489,kawachi,0,0,174,Fezandipiti ex
84895489,Yushin Ito,1,1,174,Marnie's Grimmsnarl ex
84895514,Majkel1337,0,0,162,Marnie's Grimmsnarl ex
84895514,ShumpeiNomura,1,1,162,Archaludon ex
84895522,bono,0,0,154,Fezandipiti ex
84895522,Majkel1337,1,1,154,Dudunsparce
84895536,kawachi,0,1,191,Fezandipiti ex
84895536,Majkel1337,1,0,191,Marnie's Grimmsnarl ex
84895567,Yushin Ito,0,1,130,Marnie's Grimmsnarl ex
84895567,capbloo,1,0,130,Alakazam
84895570,nasuo445,0,1,108,Cynthia's Garchomp ex
84895570,Raihan Ramadistra,1,0,108,Mega Kangaskhan ex
84895574,nasuo445,0,0,114,Cynthia's Garchomp ex
84895574,suwat513,1,1,114,Fezandipiti ex
84895575,Rmy,0,0,112,Dudunsparce
84895575,LiamK,1,1,112,Cornerstone Mask Ogerpon ex
84895578,ごんさくよねきち,0,1,177,Marnie's Grimmsnarl ex
84895578,ShumpeiNomura,1,0,177,Archaludon ex
84895581,ImANoob1122,0,0,167,Mega Lucario ex
84895581,Raihan Ramadistra,1,1,167,Mega Kangaskhan ex
84895583,5.5,0,0,19,Alakazam
84895583,Yushin Ito,1,1,19,Mega Starmie ex
84895584,Dũng Đỗ,0,1,175,Mega Kangaskhan ex
84895584,aaa,1,0,175,Fezandipiti ex
84895586,WinDecks,0,0,125,Mega Starmie ex
84895586,Marshall Maximizer,1,1,125,Marnie's Grimmsnarl ex
84895588,capbloo,0,0,336,Alakazam
84895588,LiamK,1,1,336,Cornerstone Mask Ogerpon ex
84895590,kazuki0123,0,0,212,Marnie's Grimmsnarl ex
84895590,junlee789,1,1,212,Marnie's Grimmsnarl ex
84895598,nasuo445,0,1,70,Cynthia's Garchomp ex
84895598,LiamK,1,0,70,Teal Mask Ogerpon ex
84895599,THIRD PTCG Club,0,0,174,Fezandipiti ex
84895599,于笑非lilishyxf,1,1,174,Mega Lucario ex
84895602,ImANoob1122,0,0,153,Mega Lucario ex
84895602,bono,1,1,153,Mega Kangaskhan ex
84895606,ShumpeiNomura,0,1,164,Archaludon ex
84895606,aaa,1,0,164,Fezandipiti ex
84895608,Dũng Đỗ,0,1,263,Mega Kangaskhan ex
84895608,Majkel1337,1,0,263,Marnie's Grimmsnarl ex
84895609,kazuki0123,0,1,178,Marnie's Grimmsnarl ex
84895609,Rmy,1,0,178,Dudunsparce
84895614,wally0593,0,1,204,Dudunsparce
84895614,豆本豆豆包,1,0,204,Alakazam
84895622,ImANoob1122,0,0,128,Mega Lucario ex
84895622,Rmy,1,1,128,Dudunsparce
84895624,OsElCoUn,0,1,75,Fezandipiti ex
84895624,ShumpeiNomura,1,0,75,Archaludon ex
84895628,wkonishi,0,0,182,Dudunsparce
84895628,wally0593,1,1,182,Dudunsparce
84895633,kawachi,0,0,217,Fezandipiti ex
84895633,suwat513,1,1,217,Fezandipiti ex
84895715,WinDecks,0,1,108,Mega Starmie ex
84895715,カドラバ Kadoraba,1,0,108,Fezandipiti ex
84896068,Bozo Boys,0,1,165,Alakazam
84896068,kawachi,1,0,165,Fezandipiti ex
84896100,nasuo445,0,1,246,Cynthia's Garchomp ex
84896100,Majkel1337,1,0,246,Dudunsparce
84896148,Yushin Ito,0,1,151,Marnie's Grimmsnarl ex
84896148,nasuo445,1,0,151,Cynthia's Garchomp ex
84896149,豆本豆豆包,0,0,39,Alakazam
84896149,ごんさくよねきち,1,1,39,Marnie's Grimmsnarl ex
84896151,nasuo445,0,0,108,Cynthia's Garchomp ex
84896151,Yushin Ito,1,1,108,Mega Starmie ex
84896160,Ajishio,0,0,81,Alakazam
84896160,Yushin Ito,1,1,81,Mega Starmie ex
84896161,Kento Umeda,0,1,76,Dudunsparce
84896161,Raihan Ramadistra,1,0,76,Mega Kangaskhan ex
84896163,渡邊征央,0,1,50,Marnie's Grimmsnarl ex
84896163,aaa,1,0,50,Fezandipiti ex
84896165,mitomeat823,0,1,121,Mega Lucario ex
84896165,WinDecks,1,0,121,Mega Starmie ex
84896166,Voyager,0,0,98,Fezandipiti ex
84896166,zoroark190,1,1,98,Mega Kangaskhan ex
84896168,capbloo,0,0,155,Alakazam
84896168,Ajishio,1,1,155,Alakazam
84896171,Marshall Maximizer,0,0,226,Marnie's Grimmsnarl ex
84896171,THIRD PTCG Club,1,1,226,Fezandipiti ex
84896175,capbloo,0,0,163,Alakazam
84896175,Michael Long,1,1,163,Fezandipiti ex
84896178,nasuo445,0,1,190,Cynthia's Garchomp ex
84896178,bono,1,0,190,Fezandipiti ex
84896182,Dũng Đỗ,0,0,18,Mega Kangaskhan ex
84896182,mitomeat823,1,1,18,Mega Lucario ex
84896185,WinDecks,0,1,110,Mega Starmie ex
84896185,Rmy,1,0,110,Dudunsparce
84896187,WinDecks,0,1,27,Mega Starmie ex
84896187,wally0593,1,0,27,Dudunsparce
84896193,btk15049,0,1,182,Cornerstone Mask Ogerpon ex
84896193,bono,1,0,182,Fezandipiti ex
84896197,junlee789,0,1,163,Marnie's Grimmsnarl ex
84896197,Abhyuday,1,0,163,Dudunsparce
84896209,OsElCoUn,0,0,180,Fezandipiti ex
84896209,bono,1,1,180,Fezandipiti ex
84896210,豆本豆豆包,0,1,85,Alakazam
84896210,taksai,1,0,85,Mega Starmie ex
84896215,capbloo,0,1,76,Alakazam
84896215,MPGaming,1,0,76,Mega Kangaskhan ex
84896647,kawachi,0,0,144,Fezandipiti ex
84896647,Rmy,1,1,144,Dudunsparce
84896676,Majkel1337,0,1,142,Dudunsparce
84896676,Yushin Ito,1,0,142,Marnie's Grimmsnarl ex
84896684,aaa,0,1,126,Fezandipiti ex
84896684,Marshall Maximizer,1,0,126,Yveltal
84896712,Yushin Ito,0,1,110,Marnie's Grimmsnarl ex
84896712,zoroark190,1,0,110,Mega Kangaskhan ex
84896723,nasuo445,0,1,124,Cynthia's Garchomp ex
84896723,mitomeat823,1,0,124,Mega Lucario ex
84896724,Akira-Ninth,0,0,109,Mega Lucario ex
84896724,ごんさくよねきち,1,1,109,Marnie's Grimmsnarl ex
84896727,taksai,0,1,63,Mega Starmie ex
84896727,nasuo445,1,0,63,Cynthia's Garchomp ex
84896730,zoroark190,0,1,101,Mega Kangaskhan ex
84896730,Yushin Ito,1,0,101,Mega Starmie ex
84896731,LiamK,0,1,132,Cornerstone Mask Ogerpon ex
84896731,THIRD PTCG Club,1,0,132,Fezandipiti ex
84896733,Marshall Maximizer,0,0,193,Marnie's Grimmsnarl ex
84896733,Raihan Ramadistra,1,1,193,Mega Kangaskhan ex
84896736,capbloo,0,1,85,Alakazam
84896736,WinDecks,1,0,85,Mega Starmie ex
84896737,渡邊征央,0,1,81,Marnie's Grimmsnarl ex
84896737,aaa,1,0,81,Fezandipiti ex
84896739,kazuki0123,0,1,189,Marnie's Grimmsnarl ex
84896739,Rmy,1,0,189,Dudunsparce
84896740,bono,0,0,111,Mega Kangaskhan ex
84896740,WinDecks,1,1,111,Mega Starmie ex
84896743,Michael Long,0,1,127,Fezandipiti ex
84896743,tonakaiiii,1,0,127,Marnie's Grimmsnarl ex
84896744,mitomeat823,0,1,67,Mega Lucario ex
84896744,bono,1,0,67,Mega Kangaskhan ex
84896747,taksai,0,0,94,Mega Starmie ex
84896747,WinDecks,1,1,94,Mega Starmie ex
84896749,kashiwashira,0,0,160,Team Rocket's Mewtwo ex
84896749,zoroark190,1,1,160,Mega Kangaskhan ex
84896753,bono,0,0,216,Fezandipiti ex
84896753,ShumpeiNomura,1,1,216,Archaludon ex
84896754,WinDecks,0,0,155,Mega Starmie ex
84896754,Sota Uchiyama,1,1,155,Marnie's Grimmsnarl ex
84896755,Dũng Đỗ,0,1,180,Mega Kangaskhan ex
84896755,bono,1,0,180,Mega Kangaskhan ex
84896757,mitomeat823,0,1,39,Mega Lucario ex
84896757,zoroark190,1,0,39,Mega Kangaskhan ex
84896767,Dũng Đỗ,0,0,77,Mega Kangaskhan ex
84896767,Ajishio,1,1,77,Alakazam
84896799,Bozo Boys,0,0,583,Alakazam
84896799,LiamK,1,1,583,Cornerstone Mask Ogerpon ex
84897288,Yudai Ueno,0,1,183,Marnie's Grimmsnarl ex
84897288,kawachi,1,0,183,Fezandipiti ex
84897291,ごんさくよねきち,0,1,122,Marnie's Grimmsnarl ex
84897291,Yushin Ito,1,0,122,Marnie's Grimmsnarl ex
84897309,Raihan Ramadistra,0,0,180,Mega Kangaskhan ex
84897309,nasuo445,1,1,180,Cynthia's Garchomp ex
84897310,LiamK,0,1,187,Cornerstone Mask Ogerpon ex
84897310,btk15049,1,0,187,Cornerstone Mask Ogerpon ex
84897313,bono,0,1,118,Mega Kangaskhan ex
84897313,ごんさくよねきち,1,0,118,Marnie's Grimmsnarl ex
84897320,Yushin Ito,0,1,32,Mega Starmie ex
84897320,ごんさくよねきち,1,0,32,Marnie's Grimmsnarl ex
84897321,Yushin Ito,0,1,100,Mega Starmie ex
84897321,Raihan Ramadistra,1,0,100,Mega Kangaskhan ex
84897322,WinDecks,0,0,20,Mega Starmie ex
84897322,capbloo,1,1,20,Alakazam
84897323,kazuki0123,0,1,123,Marnie's Grimmsnarl ex
84897323,btk15049,1,0,123,Cornerstone Mask Ogerpon ex
84897327,taksai,0,0,129,Mega Starmie ex
84897327,Michael Long,1,1,129,Fezandipiti ex
84897331,capbloo,0,0,275,Alakazam
84897331,ShumpeiNomura,1,1,275,Archaludon ex
84897332,THIRD PTCG Club,0,1,135,Fezandipiti ex
84897332,MPGaming,1,0,135,Mega Kangaskhan ex
84897334,taksai,0,0,104,Mega Starmie ex
84897334,mitomeat823,1,1,104,Mega Lucario ex
84897338,ShumpeiNomura,0,1,169,Archaludon ex
84897338,aaa,1,0,169,Fezandipiti ex
84897339,Yushin Ito,0,1,88,Mega Starmie ex
84897339,kashiwashira,1,0,88,Team Rocket's Mewtwo ex
84897342,ShumpeiNomura,0,0,151,Archaludon ex
84897342,junlee789,1,1,151,Marnie's Grimmsnarl ex
84897344,kazuki0123,0,1,256,Marnie's Grimmsnarl ex
84897344,Rmy,1,0,256,Dudunsparce
84897347,Dũng Đỗ,0,0,102,Mega Kangaskhan ex
84897347,Ajishio,1,1,102,Alakazam
84897349,youtube.com/@BigBugginnings,0,1,201,Dragapult ex
84897349,kawachi,1,0,201,Fezandipiti ex
84897367,OsElCoUn,0,1,167,Fezandipiti ex
84897367,zoroark190,1,0,167,Mega Kangaskhan ex
84897368,Shota Hirao,0,0,175,Marnie's Grimmsnarl ex
84897368,junlee789,1,1,175,Marnie's Grimmsnarl ex
84897372,kazuki0123,0,0,219,Marnie's Grimmsnarl ex
84897372,The Debauchery Tea Party,1,1,219,Marnie's Grimmsnarl ex
84897849,ShumpeiNomura,0,1,222,Archaludon ex
84897849,bono,1,0,222,Fezandipiti ex
84897866,Majkel1337,0,1,117,Marnie's Grimmsnarl ex
84897866,Banjo,1,0,117,Mega Starmie ex
84897867,ZETADIVISION,0,1,43,Dragapult ex
84897867,wkonishi,1,0,43,Dudunsparce
84897873,zoroark190,0,1,134,Mega Kangaskhan ex
84897873,nasuo445,1,0,134,Cynthia's Garchomp ex
84897874,LiamK,0,0,134,Cornerstone Mask Ogerpon ex
84897874,ごんさくよねきち,1,1,134,Marnie's Grimmsnarl ex
84897876,nasuo445,0,1,162,Cynthia's Garchomp ex
84897876,ShumpeiNomura,1,0,162,Archaludon ex
84897878,ごんさくよねきち,0,1,90,Marnie's Grimmsnarl ex
84897878,hiro094,1,0,90,Mega Lucario ex
84897881,LiamK,0,0,153,Cornerstone Mask Ogerpon ex
84897881,Yushin Ito,1,1,153,Mega Starmie ex
84897889,kazuki0123,0,1,191,Marnie's Grimmsnarl ex
84897889,Mykhailo Kalus,1,0,191,Marnie's Grimmsnarl ex
84897890,koga_poke,0,0,114,Yveltal
84897890,Raihan Ramadistra,1,1,114,Mega Kangaskhan ex
84897893,koga_poke,0,0,86,Yveltal
84897893,Michael Long,1,1,86,Fezandipiti ex
84897897,junlee789,0,1,131,Marnie's Grimmsnarl ex
84897897,capbloo,1,0,131,Alakazam
84897898,aaa,0,0,175,Fezandipiti ex
84897898,zoroark190,1,1,175,Mega Kangaskhan ex
84897899,LiamK,0,0,202,Teal Mask Ogerpon ex
84897899,youtube.com/@BigBugginnings,1,1,202,Dragapult ex
84897900,LiamK,0,1,82,Teal Mask Ogerpon ex
84897900,junlee789,1,0,82,Marnie's Grimmsnarl ex
84897902,nasuo445,0,0,135,Cynthia's Garchomp ex
84897902,mitomeat823,1,1,135,Mega Lucario ex
84897929,kawachi,0,0,174,Fezandipiti ex
84897929,Bozo Boys,1,1,174,Alakazam
84897931,hiro094,0,0,112,Mega Lucario ex
84897931,LiamK,1,1,112,Teal Mask Ogerpon ex
84897934,OsElCoUn,0,1,170,Fezandipiti ex
84897934,capbloo,1,0,170,Alakazam
84897968,kidekikish,0,0,143,Chandelure
84897968,mitomeat823,1,1,143,Mega Lucario ex
84898364,kawachi,0,0,164,Fezandipiti ex
84898364,Raihan Ramadistra,1,1,164,Mega Kangaskhan ex
84898395,Majkel1337,0,0,189,Dudunsparce
84898395,Yushin Ito,1,1,189,Marnie's Grimmsnarl ex
84898416,ShumpeiNomura,0,0,151,Archaludon ex
84898416,Yushin Ito,1,1,151,Marnie's Grimmsnarl ex
84898422,Yushin Ito,0,0,183,Marnie's Grimmsnarl ex
84898422,LiamK,1,1,183,Cornerstone Mask Ogerpon ex
84898426,Hase2727,0,0,138,Mega Kangaskhan ex
84898426,Yushin Ito,1,1,138,Mega Starmie ex
84898427,nasuo445,0,1,82,Cynthia's Garchomp ex
84898427,Bulba-Zero,1,0,82,Mega Kangaskhan ex
84898428,Majkel1337,0,0,184,Marnie's Grimmsnarl ex
84898428,wkonishi,1,1,184,Dudunsparce
84898430,豆本豆豆包,0,0,160,Alakazam
84898430,ごんさくよねきち,1,1,160,Marnie's Grimmsnarl ex
84898441,Michael Long,0,1,169,Fezandipiti ex
84898441,THIRD PTCG Club,1,0,169,Fezandipiti ex
84898442,Raihan Ramadistra,0,1,168,Mega Kangaskhan ex
84898442,THIRD PTCG Club,1,0,168,Fezandipiti ex
84898443,zoroark190,0,1,167,Mega Kangaskhan ex
84898443,OsElCoUn,1,0,167,Fezandipiti ex
84898450,mitomeat823,0,1,165,Mega Lucario ex
84898450,Abhyuday,1,0,165,Dudunsparce
84898452,mitomeat823,0,0,143,Mega Lucario ex
84898452,LiamK,1,1,143,Teal Mask Ogerpon ex
84898456,aaa,0,1,95,Fezandipiti ex
84898456,やる気元気ミワハルキ,1,0,95,Mega Lucario ex
84898457,渡邊征央,0,0,111,Marnie's Grimmsnarl ex
84898457,WinDecks,1,1,111,Mega Starmie ex
84898460,kashiwashira,0,0,166,Team Rocket's Mewtwo ex
84898460,渡邊征央,1,1,166,Marnie's Grimmsnarl ex
84898465,junlee789,0,0,170,Marnie's Grimmsnarl ex
84898465,bono,1,1,170,Mega Kangaskhan ex
84898468,taksai,0,0,130,Mega Starmie ex
84898468,Dũng Đỗ,1,1,130,Mega Kangaskhan ex
84898471,Bozo Boys,0,1,193,Alakazam
84898471,suwat513,1,0,193,Fezandipiti ex
84898476,ShumpeiNomura,0,1,112,Archaludon ex
84898476,wkonishi,1,0,112,Dudunsparce
84898478,btk15049,0,0,175,Cornerstone Mask Ogerpon ex
84898478,ZETADIVISION,1,1,175,Dragapult ex
84898578,Michael Long,0,1,86,Fezandipiti ex
84898578,koga_poke,1,0,86,Yveltal
84898960,Michael Long,0,1,50,Fezandipiti ex
84898960,Majkel1337,1,0,50,Dudunsparce
84898975,ZETADIVISION,0,0,175,Dragapult ex
84898975,Yushin Ito,1,1,175,Marnie's Grimmsnarl ex
84898988,Mykhailo Kalus,0,0,219,Marnie's Grimmsnarl ex
84898988,nasuo445,1,1,219,Cynthia's Garchomp ex
84898989,NoOne,0,0,171,Dudunsparce
84898989,nasuo445,1,1,171,Cynthia's Garchomp ex
84898990,LiamK,0,1,135,Cornerstone Mask Ogerpon ex
84898990,wkonishi,1,0,135,Dudunsparce
84898993,WinDecks,0,0,124,Mega Starmie ex
84898993,Yushin Ito,1,1,124,Mega Starmie ex
84898995,bdif,0,0,134,Mega Kangaskhan ex
84898995,Raihan Ramadistra,1,1,134,Mega Kangaskhan ex
84899002,Yudai Ueno,0,0,164,Marnie's Grimmsnarl ex
84899002,Michael Long,1,1,164,Fezandipiti ex
84899007,Ajishio,0,1,108,Alakazam
84899007,LiamK,1,0,108,Teal Mask Ogerpon ex
84899012,btk15049,0,1,125,Cornerstone Mask Ogerpon ex
84899012,WinDecks,1,0,125,Mega Starmie ex
84899015,WinDecks,0,1,139,Mega Starmie ex
84899015,tw_shin,1,0,139,Marnie's Grimmsnarl ex
84899017,THIRD PTCG Club,0,1,99,Fezandipiti ex
84899017,ShumpeiNomura,1,0,99,Archaludon ex
84899018,Sota Uchiyama,0,0,187,Marnie's Grimmsnarl ex
84899018,junlee789,1,1,187,Marnie's Grimmsnarl ex
84899027,5.5,0,1,177,Alakazam
84899027,kawachi,1,0,177,Fezandipiti ex
84899030,wkonishi,0,0,173,Dudunsparce
84899030,kashiwashira,1,1,173,Team Rocket's Mewtwo ex
84899037,junlee789,0,0,51,Marnie's Grimmsnarl ex
84899037,OsElCoUn,1,1,51,Fezandipiti ex
84899043,hiro094,0,0,194,Mega Lucario ex
84899043,wally0593,1,1,194,Dudunsparce
84899044,Shardul Gharat,0,0,117,Marnie's Grimmsnarl ex
84899044,ShumpeiNomura,1,1,117,Archaludon ex
84899045,渡邊征央,0,0,167,Marnie's Grimmsnarl ex
84899045,wally0593,1,1,167,Dudunsparce
84899047,kashiwashira,0,1,173,Team Rocket's Mewtwo ex
84899047,Ajishio,1,0,173,Alakazam
84899502,Abhyuday,0,1,151,Dudunsparce
84899502,kawachi,1,0,151,Fezandipiti ex
84899519,すーぱーひとで,0,0,197,Dudunsparce
84899519,Majkel1337,1,1,197,Dudunsparce
84899533,zoroark190,0,1,126,Mega Kangaskhan ex
84899533,Yushin Ito,1,0,126,Marnie's Grimmsnarl ex
84899538,LiamK,0,1,195,Cornerstone Mask Ogerpon ex
84899538,btk15049,1,0,195,Cornerstone Mask Ogerpon ex
84899543,WinDecks,0,1,179,Mega Starmie ex
84899543,ごんさくよねきち,1,0,179,Marnie's Grimmsnarl ex
84899546,Pokemon Siuuuu,0,0,201,Dudunsparce
84899546,nasuo445,1,1,201,Cynthia's Garchomp ex
84899548,Yushin Ito,0,1,80,Mega Starmie ex
84899548,btk15049,1,0,80,Cornerstone Mask Ogerpon ex
84899556,Dũng Đỗ,0,0,182,Mega Kangaskhan ex
84899556,Raihan Ramadistra,1,1,182,Mega Kangaskhan ex
84899557,Michael Long,0,0,246,Fezandipiti ex
84899557,btk15049,1,1,246,Cornerstone Mask Ogerpon ex
84899563,zoroark190,0,1,148,Mega Kangaskhan ex
84899563,aaa,1,0,148,Fezandipiti ex
84899565,THIRD PTCG Club,0,1,78,Fezandipiti ex
84899565,Banjo,1,0,78,Mega Starmie ex
84899566,mitomeat823,0,1,123,Mega Lucario ex
84899566,Shota Hirao,1,0,123,Marnie's Grimmsnarl ex
84899568,taksai,0,0,133,Mega Starmie ex
84899568,wally0593,1,1,133,Dudunsparce
84899570,btk15049,0,1,22,Cornerstone Mask Ogerpon ex
84899570,LiamK,1,0,22,Teal Mask Ogerpon ex
84899571,Sota Uchiyama,0,0,135,Marnie's Grimmsnarl ex
84899571,zoroark190,1,1,135,Mega Kangaskhan ex
84899573,Gotem Penguin,0,1,55,Mega Froslass ex
84899573,ShumpeiNomura,1,0,55,Archaludon ex
84899575,bono,0,1,218,Mega Kangaskhan ex
84899575,Bozo Boys,1,0,218,Alakazam
84899576,渡邊征央,0,1,107,Marnie's Grimmsnarl ex
84899576,WinDecks,1,0,107,Mega Starmie ex
84899579,junlee789,0,1,170,Marnie's Grimmsnarl ex
84899579,Ajishio,1,0,170,Alakazam
84899584,taksai,0,0,140,Mega Starmie ex
84899584,ごんさくよねきち,1,1,140,Marnie's Grimmsnarl ex
84899587,Yudai Ueno,0,0,145,Marnie's Grimmsnarl ex
84899587,kashiwashira,1,1,145,Team Rocket's Mewtwo ex
84899590,bono,0,1,150,Mega Kangaskhan ex
84899590,btk15049,1,0,150,Cornerstone Mask Ogerpon ex
84900085,Raihan Ramadistra,0,0,106,Mega Kangaskhan ex
84900085,Majkel1337,1,1,106,Dudunsparce
84900096,Yushin Ito,0,1,124,Marnie's Grimmsnarl ex
84900096,capbloo,1,0,124,Alakazam
84900101,kashiwashira,0,1,180,Team Rocket's Mewtwo ex
84900101,LiamK,1,0,180,Cornerstone Mask Ogerpon ex
84900103,nasuo445,0,1,168,Cynthia's Garchomp ex
84900103,THIRD PTCG Club,1,0,168,Fezandipiti ex
84900104,nasuo445,0,1,115,Cynthia's Garchomp ex
84900104,Gotem Penguin,1,0,115,Mega Froslass ex
84900106,Michael Long,0,1,141,Fezandipiti ex
84900106,ごんさくよねきち,1,0,141,Marnie's Grimmsnarl ex
84900107,Yushin Ito,0,0,145,Mega Starmie ex
84900107,Marshall Maximizer,1,1,145,Marnie's Grimmsnarl ex
84900114,nasuo445,0,1,124,Cynthia's Garchomp ex
84900114,Raihan Ramadistra,1,0,124,Mega Kangaskhan ex
84900117,Majkel1337,0,1,221,Marnie's Grimmsnarl ex
84900117,渡邊征央,1,0,221,Marnie's Grimmsnarl ex
84900120,nasuo445,0,1,149,Cynthia's Garchomp ex
84900120,zoroark190,1,0,149,Mega Kangaskhan ex
84900129,zoroark190,0,1,141,Mega Kangaskhan ex
84900129,btk15049,1,0,141,Cornerstone Mask Ogerpon ex
84900132,bono,0,0,92,Mega Kangaskhan ex
84900132,kazuki0123,1,1,92,Marnie's Grimmsnarl ex
84900133,WinDecks,0,1,118,Mega Starmie ex
84900133,やる気元気ミワハルキ,1,0,118,Mega Lucario ex
84900137,aaa,0,0,104,Fezandipiti ex
84900137,WinDecks,1,1,104,Mega Starmie ex
84900138,suwat513,0,1,122,Fezandipiti ex
84900138,ShumpeiNomura,1,0,122,Archaludon ex
84900142,taksai,0,1,22,Mega Starmie ex
84900142,Bozo Boys,1,0,22,Alakazam
84900147,ShumpeiNomura,0,1,190,Archaludon ex
84900147,Abhyuday,1,0,190,Dudunsparce
84900174,Gotem Penguin,0,0,188,Mega Froslass ex
84900174,ごんさくよねきち,1,1,188,Marnie's Grimmsnarl ex
84900175,capbloo,0,0,41,Alakazam
84900175,wally0593,1,1,41,Dudunsparce
84900183,渡邊征央,0,1,174,Marnie's Grimmsnarl ex
84900183,kazuki0123,1,0,174,Marnie's Grimmsnarl ex
84900193,yamy893,0,0,130,Chandelure
84900193,wally0593,1,1,130,Dudunsparce
84900642,Majkel1337,0,0,141,Dudunsparce
84900642,Yushin Ito,1,1,141,Marnie's Grimmsnarl ex
84900652,LiamK,0,1,210,Teal Mask Ogerpon ex
84900652,Yushin Ito,1,0,210,Marnie's Grimmsnarl ex
84900655,nasuo445,0,1,138,Cynthia's Garchomp ex
84900655,LiamK,1,0,138,Cornerstone Mask Ogerpon ex
84900657,Yushin Ito,0,1,70,Mega Starmie ex
84900657,LiamK,1,0,70,Cornerstone Mask Ogerpon ex
84900658,Yushin Ito,0,1,59,Mega Starmie ex
84900658,btk15049,1,0,59,Cornerstone Mask Ogerpon ex
84900660,wkonishi,0,0,139,Dudunsparce
84900660,ごんさくよねきち,1,1,139,Marnie's Grimmsnarl ex
84900662,nasuo445,0,1,150,Cynthia's Garchomp ex
84900662,mitomeat823,1,0,150,Mega Lucario ex
84900670,Michael Long,0,1,194,Fezandipiti ex
84900670,bono,1,0,194,Fezandipiti ex
84900672,Raihan Ramadistra,0,1,178,Mega Kangaskhan ex
84900672,ShumpeiNomura,1,0,178,Archaludon ex
84900676,mitomeat823,0,0,112,Mega Lucario ex
84900676,Gotem Penguin,1,1,112,Mega Froslass ex
84900679,Pixegami,0,1,117,Marnie's Grimmsnarl ex
84900679,WinDecks,1,0,117,Mega Starmie ex
84900682,やる気元気ミワハルキ,0,1,28,Mega Lucario ex
84900682,wally0593,1,0,28,Dudunsparce
84900692,THIRD PTCG Club,0,1,167,Fezandipiti ex
84900692,mitomeat823,1,0,167,Mega Lucario ex
84900693,bono,0,1,119,Fezandipiti ex
84900693,mitomeat823,1,0,119,Mega Lucario ex
84900714,Rmy,0,1,107,Dudunsparce
84900714,mitomeat823,1,0,107,Mega Lucario ex
84900736,tw_shin,0,1,162,Marnie's Grimmsnarl ex
84900736,kashiwashira,1,0,162,Team Rocket's Mewtwo ex
84901195,kazuki0123,0,1,199,Marnie's Grimmsnarl ex
84901195,Majkel1337,1,0,199,Dudunsparce
84901210,Yushin Ito,0,1,141,Marnie's Grimmsnarl ex
84901210,nasuo445,1,0,141,Cynthia's Garchomp ex
84901213,nasuo445,0,0,195,Cynthia's Garchomp ex
84901213,Michael Long,1,1,195,Fezandipiti ex
84901214,5.5,0,1,143,Alakazam
84901214,nasuo445,1,0,143,Cynthia's Garchomp ex
84901219,Raihan Ramadistra,0,0,62,Mega Kangaskhan ex
84901219,Yushin Ito,1,1,62,Mega Starmie ex
84901221,LiamK,0,1,121,Cornerstone Mask Ogerpon ex
84901221,zoroark190,1,0,121,Mega Kangaskhan ex
84901222,Sota Uchiyama,0,0,164,Marnie's Grimmsnarl ex
84901222,Raihan Ramadistra,1,1,164,Mega Kangaskhan ex
84901226,ShumpeiNomura,0,0,235,Archaludon ex
84901226,btk15049,1,1,235,Cornerstone Mask Ogerpon ex
84901227,ごんさくよねきち,0,0,158,Marnie's Grimmsnarl ex
84901227,Majkel1337,1,1,158,Marnie's Grimmsnarl ex
84901228,Michael Long,0,1,33,Fezandipiti ex
84901228,Dũng Đỗ,1,0,33,Mega Kangaskhan ex
84901230,渡邊征央,0,0,150,Marnie's Grimmsnarl ex
84901230,zoroark190,1,1,150,Mega Kangaskhan ex
84901238,junlee789,0,1,215,Marnie's Grimmsnarl ex
84901238,kazuki0123,1,0,215,Marnie's Grimmsnarl ex
84901240,kawachi,0,1,141,Fezandipiti ex
84901240,junlee789,1,0,141,Marnie's Grimmsnarl ex
84901241,LiamK,0,1,169,Teal Mask Ogerpon ex
84901241,mitomeat823,1,0,169,Mega Lucario ex
84901244,WinDecks,0,1,144,Mega Starmie ex
84901244,ShumpeiNomura,1,0,144,Archaludon ex
84901245,THIRD PTCG Club,0,1,177,Fezandipiti ex
84901245,bono,1,0,177,Fezandipiti ex
84901249,aaa,0,1,32,Fezandipiti ex
84901249,Abhyuday,1,0,32,Dudunsparce
84901252,kashiwashira,0,1,57,Team Rocket's Mewtwo ex
84901252,junlee789,1,0,57,Marnie's Grimmsnarl ex
84901771,XIAODOUZI,0,0,130,Marnie's Grimmsnarl ex
84901771,Majkel1337,1,1,130,Dudunsparce
84901780,ごんさくよねきち,0,0,150,Marnie's Grimmsnarl ex
84901780,Yushin Ito,1,1,150,Marnie's Grimmsnarl ex
84901781,ごんさくよねきち,0,0,134,Marnie's Grimmsnarl ex
84901781,nasuo445,1,1,134,Cynthia's Garchomp ex
84901785,OsElCoUn,0,1,128,Fezandipiti ex
84901785,ごんさくよねきち,1,0,128,Marnie's Grimmsnarl ex
84901791,Raihan Ramadistra,0,1,162,Mega Kangaskhan ex
84901791,Bozo Boys,1,0,162,Alakazam
84901793,Oleksandr_Savsunenko,0,0,251,Dudunsparce
84901793,ShumpeiNomura,1,1,251,Archaludon ex
84901795,Oleksandr_Savsunenko,0,1,162,Dudunsparce
84901795,zoroark190,1,0,162,Mega Kangaskhan ex
84901796,aaa,0,1,117,Fezandipiti ex
84901796,zoroark190,1,0,117,Mega Kangaskhan ex
84901798,Majkel1337,0,0,229,Marnie's Grimmsnarl ex
84901798,tw_shin,1,1,229,Marnie's Grimmsnarl ex
84901800,WinDecks,0,0,124,Mega Starmie ex
84901800,capbloo,1,1,124,Alakazam
84901802,THIRD PTCG Club,0,0,47,Fezandipiti ex
84901802,WinDecks,1,1,47,Mega Starmie ex
84901804,wally0593,0,1,189,Dudunsparce
84901804,Rmy,1,0,189,Dudunsparce
84901808,junlee789,0,0,129,Marnie's Grimmsnarl ex
84901808,aaa,1,1,129,Fezandipiti ex
84901810,mitomeat823,0,1,165,Mega Lucario ex
84901810,bono,1,0,165,Fezandipiti ex
84901811,bono,0,0,95,Mega Kangaskhan ex
84901811,nasuo445,1,1,95,Cynthia's Garchomp ex
84901819,taksai,0,1,85,Mega Starmie ex
84901819,OsElCoUn,1,0,85,Fezandipiti ex
84901828,WinDecks,0,0,125,Mega Starmie ex
84901828,hiro094,1,1,125,Mega Lucario ex
84901836,wally0593,0,0,197,Dudunsparce
84901836,aaa,1,1,197,Fezandipiti ex
84902337,Yushin Ito,0,1,119,Mega Starmie ex
84902337,Majkel1337,1,0,119,Dudunsparce
84902346,Raihan Ramadistra,0,0,71,Mega Kangaskhan ex
84902346,Yushin Ito,1,1,71,Marnie's Grimmsnarl ex
84902351,Majkel1337,0,1,127,Marnie's Grimmsnarl ex
84902351,nasuo445,1,0,127,Cynthia's Garchomp ex
84902353,nasuo445,0,0,150,Cynthia's Garchomp ex
84902353,zoroark190,1,1,150,Mega Kangaskhan ex
84902354,suwat513,0,0,122,Fezandipiti ex
84902354,Yushin Ito,1,1,122,Mega Starmie ex
84902359,kuromoka,0,0,50,Cynthia's Garchomp ex
84902359,Michael Long,1,1,50,Fezandipiti ex
84902363,Raihan Ramadistra,0,0,143,Mega Kangaskhan ex
84902363,nasuo445,1,1,143,Cynthia's Garchomp ex
84902367,aaa,0,1,181,Fezandipiti ex
84902367,すーぱーひとで,1,0,181,Dudunsparce
84902368,Bozo Boys,0,0,18,Alakazam
84902368,zoroark190,1,1,18,Mega Kangaskhan ex
84902370,Raihan Ramadistra,0,0,116,Mega Kangaskhan ex
84902370,wally0593,1,1,116,Dudunsparce
84902371,junlee789,0,0,115,Marnie's Grimmsnarl ex
84902371,zoroark190,1,1,115,Mega Kangaskhan ex
84902372,teetru,0,0,208,Fezandipiti ex
84902372,capbloo,1,1,208,Alakazam
84902379,WinDecks,0,1,91,Mega Starmie ex
84902379,fujiborozoukin,1,0,91,Mega Lucario ex
84902383,WinDecks,0,0,80,Mega Starmie ex
84902383,bono,1,1,80,Fezandipiti ex
84902389,ZETADIVISION,0,1,210,Dragapult ex
84902389,bono,1,0,210,Fezandipiti ex
84902393,やる気元気ミワハルキ,0,1,135,Mega Lucario ex
84902393,iwashi,1,0,135,Marnie's Grimmsnarl ex
84902398,kazuki0123,0,1,139,Marnie's Grimmsnarl ex
84902398,Bozo Boys,1,0,139,Alakazam
84902413,capbloo,0,1,148,Alakazam
84902413,Akira-Ninth,1,0,148,Mega Lucario ex
84902429,aaa,0,0,209,Fezandipiti ex
84902429,Sota Uchiyama,1,1,209,Marnie's Grimmsnarl ex
84902433,kazuki0123,0,1,192,Marnie's Grimmsnarl ex
84902433,XIAODOUZI,1,0,192,Marnie's Grimmsnarl ex
84902872,kawachi,0,0,165,Fezandipiti ex
84902872,OsElCoUn,1,1,165,Fezandipiti ex
84902886,LiamK,0,0,77,Teal Mask Ogerpon ex
84902886,Majkel1337,1,1,77,Dudunsparce
84902891,bono,0,1,227,Fezandipiti ex
84902891,nasuo445,1,0,227,Cynthia's Garchomp ex
84902892,Yushin Ito,0,1,35,Mega Starmie ex
84902892,capbloo,1,0,35,Alakazam
84902894,nasuo445,0,0,128,Cynthia's Garchomp ex
84902894,zoroark190,1,1,128,Mega Kangaskhan ex
84902895,Majkel1337,0,1,127,Marnie's Grimmsnarl ex
84902895,Michael Long,1,0,127,Fezandipiti ex
84902896,LiamK,0,0,164,Cornerstone Mask Ogerpon ex
84902896,kashiwashira,1,1,164,Team Rocket's Mewtwo ex
84902898,ごんさくよねきち,0,0,173,Marnie's Grimmsnarl ex
84902898,ShumpeiNomura,1,1,173,Archaludon ex
84902905,zoroark190,0,0,63,Mega Kangaskhan ex
84902905,kazuki0123,1,1,63,Marnie's Grimmsnarl ex
84902906,teetru,0,0,132,Fezandipiti ex
84902906,Majkel1337,1,1,132,Marnie's Grimmsnarl ex
84902908,nasuo445,0,0,118,Cynthia's Garchomp ex
84902908,kashiwashira,1,1,118,Team Rocket's Mewtwo ex
84902909,やる気元気ミワハルキ,0,0,106,Mega Lucario ex
84902909,zoroark190,1,1,106,Mega Kangaskhan ex
84902911,WinDecks,0,0,128,Mega Starmie ex
84902911,ZETADIVISION,1,1,128,Dragapult ex
84902913,THIRD PTCG Club,0,1,201,Fezandipiti ex
84902913,Abhyuday,1,0,201,Dudunsparce
84902915,MPGaming,0,1,90,Mega Kangaskhan ex
84902915,ShumpeiNomura,1,0,90,Archaludon ex
84902916,LiamK,0,0,56,Teal Mask Ogerpon ex
84902916,bono,1,1,56,Mega Kangaskhan ex
84902932,tw_shin,0,0,59,Marnie's Grimmsnarl ex
84902932,WinDecks,1,1,59,Mega Starmie ex
84902939,WinDecks,0,1,142,Mega Starmie ex
84902939,ZETADIVISION,1,0,142,Dragapult ex
84902951,ShumpeiNomura,0,1,102,Archaludon ex
84902951,Oleksandr_Savsunenko,1,0,102,Dudunsparce
84903014,Raihan Ramadistra,0,1,167,Mega Kangaskhan ex
84903014,NoOne,1,0,167,Dudunsparce
84903442,Yushin Ito,0,1,130,Mega Starmie ex
84903442,Raihan Ramadistra,1,0,130,Mega Kangaskhan ex
84903443,Yushin Ito,0,0,170,Marnie's Grimmsnarl ex
84903443,ZETADIVISION,1,1,170,Dragapult ex
84903446,NoOne,0,1,153,Dudunsparce
84903446,nasuo445,1,0,153,Cynthia's Garchomp ex
84903447,Majkel1337,0,1,134,Dudunsparce
84903447,ごんさくよねきち,1,0,134,Marnie's Grimmsnarl ex
84903451,tw_shin,0,0,161,Marnie's Grimmsnarl ex
84903451,nasuo445,1,1,161,Cynthia's Garchomp ex
84903453,nasuo445,0,1,162,Cynthia's Garchomp ex
84903453,ごんさくよねきち,1,0,162,Marnie's Grimmsnarl ex
84903454,Majkel1337,0,0,240,Marnie's Grimmsnarl ex
84903454,Raihan Ramadistra,1,1,240,Mega Kangaskhan ex
84903456,LiamK,0,1,803,Cornerstone Mask Ogerpon ex
84903456,Rmy,1,0,803,Dudunsparce
84903457,Michael Long,0,0,154,Fezandipiti ex
84903457,bono,1,1,154,Fezandipiti ex
84903458,Majkel1337,0,0,189,Marnie's Grimmsnarl ex
84903458,Yudai Ueno,1,1,189,Marnie's Grimmsnarl ex
84903460,LiamK,0,0,61,Teal Mask Ogerpon ex
84903460,kashiwashira,1,1,61,Team Rocket's Mewtwo ex
84903463,zoroark190,0,0,121,Mega Kangaskhan ex
84903463,ゆとり,1,1,121,Cornerstone Mask Ogerpon ex
84903464,ゆとり,0,1,172,Cornerstone Mask Ogerpon ex
84903464,zoroark190,1,0,172,Mega Kangaskhan ex
84903465,teetru,0,0,184,Fezandipiti ex
84903465,wally0593,1,1,184,Dudunsparce
84903468,THIRD PTCG Club,0,1,135,Fezandipiti ex
84903468,fujiborozoukin,1,0,135,Mega Lucario ex
84903469,Michael Long,0,1,99,Fezandipiti ex
84903469,WinDecks,1,0,99,Mega Starmie ex
84903472,bono,0,1,175,Mega Kangaskhan ex
84903472,Bozo Boys,1,0,175,Alakazam
84903481,zoroark190,0,1,133,Mega Kangaskhan ex
84903481,MPGaming,1,0,133,Mega Kangaskhan ex
84903482,aaa,0,0,121,Fezandipiti ex
84903482,LiamK,1,1,121,Teal Mask Ogerpon ex
84903503,iwashi,0,1,183,Marnie's Grimmsnarl ex
84903503,Bozo Boys,1,0,183,Alakazam
84903525,WinDecks,0,0,88,Mega Starmie ex
84903525,capbloo,1,1,88,Alakazam
84903958,Majkel1337,0,1,110,Dudunsparce
84903958,Raihan Ramadistra,1,0,110,Mega Kangaskhan ex
84903960,Yushin Ito,0,1,61,Mega Starmie ex
84903960,wally0593,1,0,61,Dudunsparce
84903961,Yushin Ito,0,0,207,Marnie's Grimmsnarl ex
84903961,LiamK,1,1,207,Cornerstone Mask Ogerpon ex
84903965,nasuo445,0,0,164,Cynthia's Garchomp ex
84903965,ei1333,1,1,164,Marnie's Grimmsnarl ex
84903966,nasuo445,0,1,175,Cynthia's Garchomp ex
84903966,Michael Long,1,0,175,Fezandipiti ex
84903973,ごんさくよねきち,0,0,148,Marnie's Grimmsnarl ex
84903973,yamy893,1,1,148,Chandelure
84903975,taksai,0,0,73,Mega Starmie ex
84903975,Michael Long,1,1,73,Fezandipiti ex
84903976,OsElCoUn,0,0,180,Fezandipiti ex
84903976,wally0593,1,1,180,Dudunsparce
84903978,kashiwashira,0,1,31,Team Rocket's Mewtwo ex
84903978,mitomeat823,1,0,31,Mega Lucario ex
84903979,btk15049,0,0,194,Cornerstone Mask Ogerpon ex
84903979,capbloo,1,1,194,Alakazam
84903981,zoroark190,0,0,119,Mega Kangaskhan ex
84903981,kawachi,1,1,119,Fezandipiti ex
84903982,kazuki0123,0,1,190,Marnie's Grimmsnarl ex
84903982,Rmy,1,0,190,Dudunsparce
84903986,Dũng Đỗ,0,0,160,Mega Kangaskhan ex
84903986,bono,1,1,160,Mega Kangaskhan ex
84903991,Dũng Đỗ,0,1,168,Mega Kangaskhan ex
84903991,aaa,1,0,168,Fezandipiti ex
84903992,Majkel1337,0,1,98,Marnie's Grimmsnarl ex
84903992,WinDecks,1,0,98,Mega Starmie ex
84904000,kazuki0123,0,1,143,Marnie's Grimmsnarl ex
84904000,MPGaming,1,0,143,Mega Kangaskhan ex
84904009,zoroark190,0,0,145,Mega Kangaskhan ex
84904009,Bozo Boys,1,1,145,Alakazam
84904011,hiro094,0,1,156,Mega Lucario ex
84904011,ごんさくよねきち,1,0,156,Marnie's Grimmsnarl ex
84904013,Michael Long,0,1,230,Fezandipiti ex
84904013,wkonishi,1,0,230,Dudunsparce
84904019,capbloo,0,1,177,Alakazam
84904019,Sota Uchiyama,1,0,177,Marnie's Grimmsnarl ex
84904481,Majkel1337,0,0,148,Dudunsparce
84904481,ごんさくよねきち,1,1,148,Marnie's Grimmsnarl ex
84904483,wally0593,0,0,240,Dudunsparce
84904483,nasuo445,1,1,240,Cynthia's Garchomp ex
84904487,Yushin Ito,0,0,120,Mega Starmie ex
84904487,bono,1,1,120,Mega Kangaskhan ex
84904489,Yushin Ito,0,0,187,Marnie's Grimmsnarl ex
84904489,nasuo445,1,1,187,Cynthia's Garchomp ex
84904490,LiamK,0,0,236,Cornerstone Mask Ogerpon ex
84904490,Sota Uchiyama,1,1,236,Marnie's Grimmsnarl ex
84904491,Michael Long,0,1,178,Fezandipiti ex
84904491,渡邊征央,1,0,178,Marnie's Grimmsnarl ex
84904496,mitomeat823,0,1,143,Mega Lucario ex
84904496,kashiwashira,1,0,143,Team Rocket's Mewtwo ex
84904497,Pokkén,0,1,100,Mega Starmie ex
84904497,Raihan Ramadistra,1,0,100,Mega Kangaskhan ex
84904503,やる気元気ミワハルキ,0,1,209,Mega Lucario ex
84904503,Majkel1337,1,0,209,Marnie's Grimmsnarl ex
84904504,wally0593,0,0,212,Dudunsparce
84904504,fujiborozoukin,1,1,212,Mega Lucario ex
84904506,kashiwashira,0,1,186,Team Rocket's Mewtwo ex
84904506,THIRD PTCG Club,1,0,186,Fezandipiti ex
84904507,zoroark190,0,0,122,Mega Kangaskhan ex
84904507,wally0593,1,1,122,Dudunsparce
84904511,zoroark190,0,1,148,Mega Kangaskhan ex
84904511,渡邊征央,1,0,148,Marnie's Grimmsnarl ex
84904512,LiamK,0,0,82,Teal Mask Ogerpon ex
84904512,5.5,1,1,82,Alakazam
84904513,WinDecks,0,0,60,Mega Starmie ex
84904513,やる気元気ミワハルキ,1,1,60,Mega Lucario ex
84904517,WinDecks,0,1,14,Mega Starmie ex
84904517,Ajishio,1,0,14,Alakazam
84904518,mitomeat823,0,1,115,Mega Lucario ex
84904518,MR.h,1,0,115,Crustle
84904521,Banjo,0,0,159,Mega Starmie ex
84904521,junlee789,1,1,159,Marnie's Grimmsnarl ex
84904528,Ajishio,0,0,145,Alakazam
84904528,zoroark190,1,1,145,Mega Kangaskhan ex
84904545,mitomeat823,0,0,210,Mega Lucario ex
84904545,iwashi,1,1,210,Marnie's Grimmsnarl ex
84904983,Yushin Ito,0,1,128,Marnie's Grimmsnarl ex
84904983,Majkel1337,1,0,128,Dudunsparce
84904991,bono,0,0,217,Fezandipiti ex
84904991,Majkel1337,1,1,217,Dudunsparce
84904992,kawachi,0,0,94,Fezandipiti ex
84904992,WinDecks,1,1,94,Mega Starmie ex
84904993,Michael Long,0,1,86,Fezandipiti ex
84904993,Yushin Ito,1,0,86,Mega Starmie ex
84904995,Raihan Ramadistra,0,0,141,Mega Kangaskhan ex
84904995,nasuo445,1,1,141,Cynthia's Garchomp ex
84904996,capbloo,0,1,125,Alakazam
84904996,nasuo445,1,0,125,Cynthia's Garchomp ex
84904999,The Debauchery Tea Party,0,0,150,Marnie's Grimmsnarl ex
84904999,LiamK,1,1,150,Cornerstone Mask Ogerpon ex
84905000,nasuo445,0,0,160,Cynthia's Garchomp ex
84905000,Michael Long,1,1,160,Fezandipiti ex
84905005,teetru,0,0,144,Fezandipiti ex
84905005,Raihan Ramadistra,1,1,144,Mega Kangaskhan ex
84905006,mitomeat823,0,1,157,Mega Lucario ex
84905006,kazuki0123,1,0,157,Marnie's Grimmsnarl ex
84905007,Hase2727,0,0,206,Mega Kangaskhan ex
84905007,bono,1,1,206,Mega Kangaskhan ex
84905008,于笑非lilishyxf,0,1,150,Mega Lucario ex
84905008,ごんさくよねきち,1,0,150,Marnie's Grimmsnarl ex
84905009,MR.h,0,1,172,Crustle
84905009,zoroark190,1,0,172,Mega Kangaskhan ex
84905010,zoroark190,0,1,142,Mega Kangaskhan ex
84905010,capbloo,1,0,142,Alakazam
84905014,hirune924,0,1,173,Marnie's Grimmsnarl ex
84905014,Majkel1337,1,0,173,Marnie's Grimmsnarl ex
84905019,Sota Uchiyama,0,0,151,Marnie's Grimmsnarl ex
84905019,THIRD PTCG Club,1,1,151,Fezandipiti ex
84905022,zoroark190,0,1,192,Mega Kangaskhan ex
84905022,koga_poke,1,0,192,Yveltal
84905024,やる気元気ミワハルキ,0,1,167,Mega Lucario ex
84905024,Bozo Boys,1,0,167,Alakazam
84905025,Michael Long,0,1,180,Fezandipiti ex
84905025,aaa,1,0,180,Fezandipiti ex
84905027,aaa,0,1,106,Fezandipiti ex
84905027,WinDecks,1,0,106,Mega Starmie ex
84905028,Gotem Penguin,0,1,125,Mega Froslass ex
84905028,WinDecks,1,0,125,Mega Starmie ex
84905029,XIAODOUZI,0,0,123,Marnie's Grimmsnarl ex
84905029,LiamK,1,1,123,Teal Mask Ogerpon ex
84905030,Sota Uchiyama,0,0,118,Marnie's Grimmsnarl ex
84905030,5.5,1,1,118,Alakazam
84905055,nasuo445,0,1,159,Cynthia's Garchomp ex
84905055,MR.h,1,0,159,Crustle
84905057,Akira-Ninth,0,0,121,Mega Lucario ex
84905057,LiamK,1,1,121,Teal Mask Ogerpon ex
84905066,Gotem Penguin,0,0,89,Mega Froslass ex
84905066,WinDecks,1,1,89,Mega Starmie ex
84905073,5.5,0,0,31,Alakazam
84905073,XIAODOUZI,1,1,31,Marnie's Grimmsnarl ex
84905494,Majkel1337,0,0,100,Dudunsparce
84905494,Yushin Ito,1,1,100,Marnie's Grimmsnarl ex
84905496,Majkel1337,0,1,79,Dudunsparce
84905496,WinDecks,1,0,79,Mega Starmie ex
84905501,Yushin Ito,0,1,27,Mega Starmie ex
84905501,5.5,1,0,27,Alakazam
84905503,nasuo445,0,1,226,Cynthia's Garchomp ex
84905503,Michael Long,1,0,226,Fezandipiti ex
84905505,Michael Long,0,1,153,Fezandipiti ex
84905505,btk15049,1,0,153,Cornerstone Mask Ogerpon ex
84905507,LiamK,0,0,163,Cornerstone Mask Ogerpon ex
84905507,nasuo445,1,1,163,Cynthia's Garchomp ex
84905508,Xander,0,0,51,Archaludon ex
84905508,LiamK,1,1,51,Cornerstone Mask Ogerpon ex
84905518,ごんさくよねきち,0,0,223,Marnie's Grimmsnarl ex
84905518,Shardul Gharat,1,1,223,Marnie's Grimmsnarl ex
84905519,Yushin Ito,0,1,144,Marnie's Grimmsnarl ex
84905519,wally0593,1,0,144,Dudunsparce
84905521,Raihan Ramadistra,0,1,173,Mega Kangaskhan ex
84905521,bono,1,0,173,Mega Kangaskhan ex
84905523,kashiwashira,0,0,116,Team Rocket's Mewtwo ex
84905523,Gotem Penguin,1,1,116,Mega Froslass ex
84905524,zoroark190,0,0,105,Mega Kangaskhan ex
84905524,LiamK,1,1,105,Teal Mask Ogerpon ex
84905525,THIRD PTCG Club,0,0,187,Fezandipiti ex
84905525,btk15049,1,1,187,Cornerstone Mask Ogerpon ex
84905527,iwashi,0,0,150,Marnie's Grimmsnarl ex
84905527,zoroark190,1,1,150,Mega Kangaskhan ex
84905528,OsElCoUn,0,0,176,Fezandipiti ex
84905528,Majkel1337,1,1,176,Marnie's Grimmsnarl ex
84905530,やる気元気ミワハルキ,0,1,31,Mega Lucario ex
84905530,hiro094,1,0,31,Mega Lucario ex
84905531,LiamK,0,1,175,Teal Mask Ogerpon ex
84905531,ei1333,1,0,175,Marnie's Grimmsnarl ex
84905533,Rmy,0,1,128,Dudunsparce
84905533,bono,1,0,128,Fezandipiti ex
84905542,kazuki0123,0,1,159,Marnie's Grimmsnarl ex
84905542,Rmy,1,0,159,Dudunsparce
84905552,MPGaming,0,1,183,Mega Kangaskhan ex
84905552,bono,1,0,183,Mega Kangaskhan ex
84905554,渡邊征央,0,1,146,Marnie's Grimmsnarl ex
84905554,wally0593,1,0,146,Dudunsparce
84905577,kashiwashira,0,1,206,Team Rocket's Mewtwo ex
84905577,ZETADIVISION,1,0,206,Dragapult ex
84906035,Majkel1337,0,1,141,Dudunsparce
84906035,nasuo445,1,0,141,Cynthia's Garchomp ex
84906037,kazuki0123,0,0,126,Marnie's Grimmsnarl ex
84906037,Yushin Ito,1,1,126,Marnie's Grimmsnarl ex
84906038,nasuo445,0,0,205,Cynthia's Garchomp ex
84906038,Shardul Gharat,1,1,205,Marnie's Grimmsnarl ex
84906040,Yushin Ito,0,0,111,Mega Starmie ex
84906040,Banjo,1,1,111,Mega Starmie ex
84906045,NoOne,0,1,118,Dudunsparce
84906045,nasuo445,1,0,118,Cynthia's Garchomp ex
84906046,Majkel1337,0,0,143,Marnie's Grimmsnarl ex
84906046,Michael Long,1,1,143,Fezandipiti ex
84906053,LiamK,0,1,132,Cornerstone Mask Ogerpon ex
84906053,カドラバ Kadoraba,1,0,132,Fezandipiti ex
84906057,kazuki0123,0,1,160,Marnie's Grimmsnarl ex
84906057,Bozo Boys,1,0,160,Alakazam
84906058,Raihan Ramadistra,0,1,194,Mega Kangaskhan ex
84906058,Marshall Maximizer,1,0,194,Marnie's Grimmsnarl ex
84906059,capbloo,0,1,966,Alakazam
84906059,ShumpeiNomura,1,0,966,Archaludon ex
84906061,wally0593,0,0,203,Dudunsparce
84906061,kashiwashira,1,1,203,Team Rocket's Mewtwo ex
84906062,ごんさくよねきち,0,1,169,Marnie's Grimmsnarl ex
84906062,5.5,1,0,169,Alakazam
84906064,wally0593,0,0,90,Dudunsparce
84906064,Yushin Ito,1,1,90,Mega Starmie ex
84906067,tw_shin,0,1,201,Marnie's Grimmsnarl ex
84906067,やる気元気ミワハルキ,1,0,201,Mega Lucario ex
84906068,zoroark190,0,1,148,Mega Kangaskhan ex
84906068,Shardul Gharat,1,0,148,Marnie's Grimmsnarl ex
84906069,Majkel1337,0,0,221,Marnie's Grimmsnarl ex
84906069,MPGaming,1,1,221,Mega Kangaskhan ex
84906071,bono,0,1,176,Mega Kangaskhan ex
84906071,213tubo,1,0,176,Fezandipiti ex
84906073,aaa,0,1,167,Fezandipiti ex
84906073,5.5,1,0,167,Alakazam
84906078,やる気元気ミワハルキ,0,1,205,Mega Lucario ex
84906078,mitomeat823,1,0,205,Mega Lucario ex
84906087,mitomeat823,0,1,70,Mega Lucario ex
84906087,MPGaming,1,0,70,Mega Kangaskhan ex
84906091,渡邊征央,0,1,188,Marnie's Grimmsnarl ex
84906091,bono,1,0,188,Fezandipiti ex
84906095,やる気元気ミワハルキ,0,0,202,Mega Lucario ex
84906095,Rmy,1,1,202,Dudunsparce
84906112,wally0593,0,1,132,Dudunsparce
84906112,渡邊征央,1,0,132,Marnie's Grimmsnarl ex
84906119,capbloo,0,0,197,Alakazam
84906119,ShumpeiNomura,1,1,197,Archaludon ex
84906130,ShumpeiNomura,0,0,227,Archaludon ex
84906130,btk15049,1,1,227,Cornerstone Mask Ogerpon ex
84906550,Yushin Ito,0,1,158,Marnie's Grimmsnarl ex
84906550,Majkel1337,1,0,158,Dudunsparce
84906554,Yushin Ito,0,1,119,Mega Starmie ex
84906554,Majkel1337,1,0,119,Dudunsparce
84906557,Yushin Ito,0,1,134,Mega Starmie ex
84906557,The Debauchery Tea Party,1,0,134,Marnie's Grimmsnarl ex
84906558,Michael Long,0,0,173,Fezandipiti ex
84906558,bono,1,1,173,Fezandipiti ex
84906559,LiamK,0,1,67,Cornerstone Mask Ogerpon ex
84906559,nasuo445,1,0,67,Cynthia's Garchomp ex
84906561,ZETADIVISION,0,1,178,Dragapult ex
84906561,nasuo445,1,0,178,Cynthia's Garchomp ex
84906562,LiamK,0,1,157,Cornerstone Mask Ogerpon ex
84906562,kashiwashira,1,0,157,Team Rocket's Mewtwo ex
84906566,Raihan Ramadistra,0,1,174,Mega Kangaskhan ex
84906566,THIRD PTCG Club,1,0,174,Fezandipiti ex
84906567,capbloo,0,1,139,Alakazam
84906567,Raihan Ramadistra,1,0,139,Mega Kangaskhan ex
84906569,bono,0,0,199,Fezandipiti ex
84906569,kazuki0123,1,1,199,Marnie's Grimmsnarl ex
84906571,nasuo445,0,1,167,Cynthia's Garchomp ex
84906571,kashiwashira,1,0,167,Team Rocket's Mewtwo ex
84906572,ごんさくよねきち,0,1,99,Marnie's Grimmsnarl ex
84906572,suwat513,1,0,99,Fezandipiti ex
84906574,LiamK,0,1,132,Teal Mask Ogerpon ex
84906574,kidekikish,1,0,132,Chandelure
84906579,5.5,0,1,203,Alakazam
84906579,bono,1,0,203,Mega Kangaskhan ex
84906580,wally0593,0,1,101,Dudunsparce
84906580,iwashi,1,0,101,Marnie's Grimmsnarl ex
84906582,zoroark190,0,1,137,Mega Kangaskhan ex
84906582,THIRD PTCG Club,1,0,137,Fezandipiti ex
84906585,Star-mine,0,0,125,Chandelure
84906585,aaa,1,1,125,Fezandipiti ex
84906592,mitomeat823,0,1,148,Mega Lucario ex
84906592,やる気元気ミワハルキ,1,0,148,Mega Lucario ex
84906608,Dũng Đỗ,0,1,300,Mega Kangaskhan ex
84906608,Majkel1337,1,0,300,Marnie's Grimmsnarl ex
84906614,bono,0,0,132,Fezandipiti ex
84906614,Sota Uchiyama,1,1,132,Marnie's Grimmsnarl ex
84906616,Rmy,0,0,264,Dudunsparce
84906616,ShumpeiNomura,1,1,264,Archaludon ex
84906660,Bozo Boys,0,1,130,Alakazam
84906660,zoroark190,1,0,130,Mega Kangaskhan ex
84907064,Dũng Đỗ,0,0,247,Mega Kangaskhan ex
84907064,Yushin Ito,1,1,247,Marnie's Grimmsnarl ex
84907070,bono,0,0,33,Fezandipiti ex
84907070,Majkel1337,1,1,33,Dudunsparce
84907071,Majkel1337,0,1,110,Dudunsparce
84907071,Yushin Ito,1,0,110,Mega Starmie ex
84907073,LiamK,0,1,137,Cornerstone Mask Ogerpon ex
84907073,変化の書ゾロアーク,1,0,137,Alakazam
84907074,Michael Long,0,1,184,Fezandipiti ex
84907074,aaa,1,0,184,Fezandipiti ex
84907077,nasuo445,0,1,203,Cynthia's Garchomp ex
84907077,Shardul Gharat,1,0,203,Marnie's Grimmsnarl ex
84907082,yamy893,0,1,136,Chandelure
84907082,kazuki0123,1,0,136,Marnie's Grimmsnarl ex
84907083,ei1333,0,1,140,Marnie's Grimmsnarl ex
84907083,capbloo,1,0,140,Alakazam
84907085,ごんさくよねきち,0,0,181,Marnie's Grimmsnarl ex
84907085,Akira-Ninth,1,1,181,Mega Lucario ex
84907087,ShumpeiNomura,0,0,91,Archaludon ex
84907087,LiamK,1,1,91,Teal Mask Ogerpon ex
84907088,Banjo,0,1,102,Mega Starmie ex
84907088,kashiwashira,1,0,102,Team Rocket's Mewtwo ex
84907089,fujiborozoukin,0,1,187,Mega Lucario ex
84907089,wally0593,1,0,187,Dudunsparce
84907094,やる気元気ミワハルキ,0,1,184,Mega Lucario ex
84907094,Sota Uchiyama,1,0,184,Marnie's Grimmsnarl ex
84907095,Xander,0,0,106,Archaludon ex
84907095,bono,1,1,106,Mega Kangaskhan ex
84907096,kawachi,0,1,188,Fezandipiti ex
84907096,aaa,1,0,188,Fezandipiti ex
84907098,mitomeat823,0,1,159,Mega Lucario ex
84907098,tw_shin,1,0,159,Marnie's Grimmsnarl ex
84907103,Majkel1337,0,1,108,Marnie's Grimmsnarl ex
84907103,WinDecks,1,0,108,Mega Starmie ex
84907112,WinDecks,0,1,66,Mega Starmie ex
84907112,Rmy,1,0,66,Dudunsparce
84907113,WinDecks,0,0,136,Mega Starmie ex
84907113,iwashi,1,1,136,Marnie's Grimmsnarl ex
84907114,junlee789,0,1,183,Marnie's Grimmsnarl ex
84907114,Banjo,1,0,183,Mega Starmie ex
84907118,fujiborozoukin,0,0,149,Mega Lucario ex
84907118,MPGaming,1,1,149,Mega Kangaskhan ex
84907133,MR.h,0,0,104,Crustle
84907133,THIRD PTCG Club,1,1,104,Fezandipiti ex
84907141,kashiwashira,0,1,232,Team Rocket's Mewtwo ex
84907141,aidy,1,0,232,Dudunsparce
84907160,yamy893,0,0,132,Chandelure
84907160,zoroark190,1,1,132,Mega Kangaskhan ex
84907601,Yushin Ito,0,0,189,Marnie's Grimmsnarl ex
84907601,Majkel1337,1,1,189,Dudunsparce
84907607,nasuo445,0,1,214,Cynthia's Garchomp ex
84907607,Majkel1337,1,0,214,Dudunsparce
84907612,Michael Long,0,0,197,Fezandipiti ex
84907612,junlee789,1,1,197,Marnie's Grimmsnarl ex
84907613,LiamK,0,0,183,Cornerstone Mask Ogerpon ex
84907613,bono,1,1,183,Mega Kangaskhan ex
84907615,nasuo445,0,1,76,Cynthia's Garchomp ex
84907615,LiamK,1,0,76,Teal Mask Ogerpon ex
84907618,bdif,0,0,151,Mega Kangaskhan ex
84907618,nasuo445,1,1,151,Cynthia's Garchomp ex
84907620,XIAODOUZI,0,0,211,Marnie's Grimmsnarl ex
84907620,capbloo,1,1,211,Alakazam
84907624,v0m0v,0,1,66,Crustle
84907624,LiamK,1,0,66,Teal Mask Ogerpon ex
84907625,zoroark190,0,1,50,Mega Kangaskhan ex
84907625,Raihan Ramadistra,1,0,50,Mega Kangaskhan ex
84907627,wally0593,0,0,150,Dudunsparce
84907627,kazuki0123,1,1,150,Marnie's Grimmsnarl ex
84907631,Majkel1337,0,1,195,Marnie's Grimmsnarl ex
84907631,capbloo,1,0,195,Alakazam
84907632,やる気元気ミワハルキ,0,1,238,Mega Lucario ex
84907632,Kento Umeda,1,0,238,Dudunsparce
84907633,kashiwashira,0,1,100,Team Rocket's Mewtwo ex
84907633,Yushin Ito,1,0,100,Mega Starmie ex
84907634,Bozo Boys,0,0,140,Alakazam
84907634,bono,1,1,140,Mega Kangaskhan ex
84907636,matsurih,0,1,33,Dudunsparce
84907636,wally0593,1,0,33,Dudunsparce
84907638,zoroark190,0,1,167,Mega Kangaskhan ex
84907638,iwashi,1,0,167,Marnie's Grimmsnarl ex
84907639,zoroark190,0,1,25,Mega Kangaskhan ex
84907639,ShumpeiNomura,1,0,25,Archaludon ex
84907642,ShumpeiNomura,0,1,122,Archaludon ex
84907642,MPGaming,1,0,122,Mega Kangaskhan ex
84907643,Bata09,0,1,93,Cynthia's Garchomp ex
84907643,OsElCoUn,1,0,93,Fezandipiti ex
84907648,WinDecks,0,1,120,Mega Starmie ex
84907648,ShumpeiNomura,1,0,120,Archaludon ex
84907650,MPGaming,0,0,90,Mega Kangaskhan ex
84907650,capbloo,1,1,90,Alakazam
84907651,于笑非lilishyxf,0,1,151,Mega Lucario ex
84907651,zoroark190,1,0,151,Mega Kangaskhan ex
84907693,capbloo,0,1,211,Alakazam
84907693,Oleksandr_Savsunenko,1,0,211,Dudunsparce
84907729,XIAODOUZI,0,0,189,Marnie's Grimmsnarl ex
84907729,Raihan Ramadistra,1,1,189,Mega Kangaskhan ex
84908119,Yushin Ito,0,1,165,Marnie's Grimmsnarl ex
84908119,Michael Long,1,0,165,Fezandipiti ex
84908128,Majkel1337,0,1,27,Dudunsparce
84908128,fujiborozoukin,1,0,27,Mega Lucario ex
84908131,OsElCoUn,0,0,182,Fezandipiti ex
84908131,nasuo445,1,1,182,Cynthia's Garchomp ex
84908132,nasuo445,0,1,227,Cynthia's Garchomp ex
84908132,Michael Long,1,0,227,Fezandipiti ex
84908135,Yushin Ito,0,0,227,Mega Starmie ex
84908135,kazuki0123,1,1,227,Marnie's Grimmsnarl ex
84908136,nasuo445,0,0,172,Cynthia's Garchomp ex
84908136,Majkel1337,1,1,172,Dudunsparce
84908143,于笑非lilishyxf,0,1,186,Mega Lucario ex
84908143,capbloo,1,0,186,Alakazam
84908144,nasuo445,0,1,141,Cynthia's Garchomp ex
84908144,kazuki0123,1,0,141,Marnie's Grimmsnarl ex
84908148,ゆとり,0,1,195,Cornerstone Mask Ogerpon ex
84908148,bono,1,0,195,Mega Kangaskhan ex
84908149,Bozo Boys,0,0,177,Alakazam
84908149,Raihan Ramadistra,1,1,177,Mega Kangaskhan ex
84908151,THIRD PTCG Club,0,0,153,Fezandipiti ex
84908151,やる気元気ミワハルキ,1,1,153,Mega Lucario ex
84908152,Majkel1337,0,0,251,Marnie's Grimmsnarl ex
84908152,btk15049,1,1,251,Cornerstone Mask Ogerpon ex
84908154,zoroark190,0,1,186,Mega Kangaskhan ex
84908154,Majkel1337,1,0,186,Marnie's Grimmsnarl ex
84908157,ごんさくよねきち,0,1,212,Marnie's Grimmsnarl ex
84908157,junlee789,1,0,212,Marnie's Grimmsnarl ex
84908162,aidy,0,1,141,Dudunsparce
84908162,zoroark190,1,0,141,Mega Kangaskhan ex
84908163,WinDecks,0,1,20,Mega Starmie ex
84908163,LiamK,1,0,20,Teal Mask Ogerpon ex
84908166,5.5,0,0,100,Alakazam
84908166,WinDecks,1,1,100,Mega Starmie ex
84908167,于笑非lilishyxf,0,0,141,Mega Lucario ex
84908167,THIRD PTCG Club,1,1,141,Fezandipiti ex
84908172,OsElCoUn,0,1,131,Fezandipiti ex
84908172,LiamK,1,0,131,Teal Mask Ogerpon ex
84908173,MPGaming,0,1,157,Mega Kangaskhan ex
84908173,junlee789,1,0,157,Marnie's Grimmsnarl ex
84908178,iwashi,0,1,238,Marnie's Grimmsnarl ex
84908178,bono,1,0,238,Fezandipiti ex
84908186,ShumpeiNomura,0,1,190,Archaludon ex
84908186,Rmy,1,0,190,Dudunsparce
84908211,Majkel1337,0,1,108,Marnie's Grimmsnarl ex
84908211,koga_poke,1,0,108,Yveltal
84908663,Yushin Ito,0,1,176,Marnie's Grimmsnarl ex
84908663,やる気元気ミワハルキ,1,0,176,Mega Lucario ex
84908669,Majkel1337,0,1,121,Dudunsparce
84908669,ShumpeiNomura,1,0,121,Archaludon ex
84908670,nasuo445,0,0,113,Cynthia's Garchomp ex
84908670,ImANoob1122,1,1,113,Mega Lucario ex
84908673,Yushin Ito,0,0,131,Mega Starmie ex
84908673,ごんさくよねきち,1,1,131,Marnie's Grimmsnarl ex
84908675,LiamK,0,0,296,Cornerstone Mask Ogerpon ex
84908675,capbloo,1,1,296,Alakazam
84908676,zoroark190,0,0,120,Mega Kangaskhan ex
84908676,Michael Long,1,1,120,Fezandipiti ex
84908678,nasuo445,0,1,128,Cynthia's Garchomp ex
84908678,Sota Uchiyama,1,0,128,Marnie's Grimmsnarl ex
84908681,capbloo,0,1,184,Alakazam
84908681,kawachi,1,0,184,Fezandipiti ex
84908686,MR.h,0,0,81,Crustle
84908686,bono,1,1,81,Mega Kangaskhan ex
84908687,WinDecks,0,0,120,Mega Starmie ex
84908687,ごんさくよねきち,1,1,120,Marnie's Grimmsnarl ex
84908693,mitomeat823,0,0,117,Mega Lucario ex
84908693,OsElCoUn,1,1,117,Fezandipiti ex
84908696,WinDecks,0,0,135,Mega Starmie ex
84908696,junlee789,1,1,135,Marnie's Grimmsnarl ex
84908698,MPGaming,0,1,130,Mega Kangaskhan ex
84908698,zoroark190,1,0,130,Mega Kangaskhan ex
84908704,WinDecks,0,1,103,Mega Starmie ex
84908704,ShumpeiNomura,1,0,103,Archaludon ex
84908705,kawachi,0,0,174,Fezandipiti ex
84908705,于笑非lilishyxf,1,1,174,Mega Lucario ex
84908708,iwashi,0,0,178,Marnie's Grimmsnarl ex
84908708,mitomeat823,1,1,178,Mega Lucario ex
84908710,kawachi,0,0,150,Fezandipiti ex
84908710,MPGaming,1,1,150,Mega Kangaskhan ex
84908712,LiamK,0,1,107,Teal Mask Ogerpon ex
84908712,ShumpeiNomura,1,0,107,Archaludon ex
84908721,やる気元気ミワハルキ,0,1,189,Mega Lucario ex
84908721,aaa,1,0,189,Fezandipiti ex
84909206,Majkel1337,0,0,246,Dudunsparce
84909206,Michael Long,1,1,246,Fezandipiti ex
84909209,bono,0,0,154,Mega Kangaskhan ex
84909209,nasuo445,1,1,154,Cynthia's Garchomp ex
84909216,5.5,0,0,202,Alakazam
84909216,nasuo445,1,1,202,Cynthia's Garchomp ex
84909217,LiamK,0,0,76,Cornerstone Mask Ogerpon ex
84909217,WinDecks,1,1,76,Mega Starmie ex
84909221,capbloo,0,0,299,Alakazam
84909221,LiamK,1,1,299,Cornerstone Mask Ogerpon ex
84909222,Pokkén,0,0,234,Mega Starmie ex
84909222,kazuki0123,1,1,234,Marnie's Grimmsnarl ex
84909225,Raihan Ramadistra,0,1,177,Mega Kangaskhan ex
84909225,junlee789,1,0,177,Marnie's Grimmsnarl ex
84909226,Yudai Ueno,0,0,224,Marnie's Grimmsnarl ex
84909226,ごんさくよねきち,1,1,224,Marnie's Grimmsnarl ex
84909227,zoroark190,0,0,130,Mega Kangaskhan ex
84909227,Yudai Ueno,1,1,130,Marnie's Grimmsnarl ex
84909228,bono,0,1,192,Mega Kangaskhan ex
84909228,渡邊征央,1,0,192,Marnie's Grimmsnarl ex
84909236,MR.h,0,0,71,Crustle
84909236,LiamK,1,1,71,Teal Mask Ogerpon ex
84909239,bono,0,0,188,Fezandipiti ex
84909239,Majkel1337,1,1,188,Marnie's Grimmsnarl ex
84909240,wally0593,0,1,166,Dudunsparce
84909240,bono,1,0,166,Fezandipiti ex
84909242,kuromoka,0,1,131,Cynthia's Garchomp ex
84909242,やる気元気ミワハルキ,1,0,131,Mega Lucario ex
84909244,Akira-Ninth,0,0,211,Mega Lucario ex
84909244,iwashi,1,1,211,Marnie's Grimmsnarl ex
84909248,Yushin Ito,0,1,73,Mega Starmie ex
84909248,Rmy,1,0,73,Dudunsparce
84909268,mitomeat823,0,1,166,Mega Lucario ex
84909268,tw_shin,1,0,166,Marnie's Grimmsnarl ex
84909293,WinDecks,0,1,92,Mega Starmie ex
84909293,kuromoka,1,0,92,Cynthia's Garchomp ex
84909782,Yushin Ito,0,1,79,Marnie's Grimmsnarl ex
84909782,Rafael G,1,0,79,Crustle
84909783,Majkel1337,0,1,27,Dudunsparce
84909783,Raihan Ramadistra,1,0,27,Mega Kangaskhan ex
84909785,nasuo445,0,1,127,Cynthia's Garchomp ex
84909785,ごんさくよねきち,1,0,127,Marnie's Grimmsnarl ex
84909789,yamy893,0,0,98,Chandelure
84909789,Michael Long,1,1,98,Fezandipiti ex
84909790,nasuo445,0,0,191,Cynthia's Garchomp ex
84909790,bono,1,1,191,Fezandipiti ex
84909791,bono,0,1,126,Mega Kangaskhan ex
84909791,Yushin Ito,1,0,126,Mega Starmie ex
84909792,LiamK,0,1,166,Cornerstone Mask Ogerpon ex
84909792,Majkel1337,1,0,166,Marnie's Grimmsnarl ex
84909794,capbloo,0,0,52,Alakazam
84909794,tw_shin,1,1,52,Marnie's Grimmsnarl ex
84909796,Raihan Ramadistra,0,1,136,Mega Kangaskhan ex
84909796,Xander,1,0,136,Archaludon ex
84909799,ごんさくよねきち,0,1,176,Marnie's Grimmsnarl ex
84909799,OsElCoUn,1,0,176,Fezandipiti ex
84909803,Majkel1337,0,0,169,Marnie's Grimmsnarl ex
84909803,junlee789,1,1,169,Marnie's Grimmsnarl ex
84909806,bono,0,1,129,Mega Kangaskhan ex
84909806,OsElCoUn,1,0,129,Fezandipiti ex
84909807,Rmy,0,1,124,Dudunsparce
84909807,zoroark190,1,0,124,Mega Kangaskhan ex
84909809,ZETADIVISION,0,1,161,Dragapult ex
84909809,やる気元気ミワハルキ,1,0,161,Mega Lucario ex
84909810,zoroark190,0,1,86,Mega Kangaskhan ex
84909810,WinDecks,1,0,86,Mega Starmie ex
84909812,aaa,0,1,86,Fezandipiti ex
84909812,tw_shin,1,0,86,Marnie's Grimmsnarl ex
84909820,zoroark190,0,0,166,Mega Kangaskhan ex
84909820,Bata09,1,1,166,Cynthia's Garchomp ex
84909823,MPGaming,0,1,82,Mega Kangaskhan ex
84909823,iwashi,1,0,82,Marnie's Grimmsnarl ex
84909837,Xander,0,1,89,Archaludon ex
84909837,OsElCoUn,1,0,89,Fezandipiti ex
84909846,Dũng Đỗ,0,1,165,Mega Kangaskhan ex
84909846,bono,1,0,165,Mega Kangaskhan ex
84909860,LiamK,0,1,85,Teal Mask Ogerpon ex
84909860,Eduardo Rocha de Andrade,1,0,85,Marnie's Grimmsnarl ex
84910276,LiamK,0,1,160,Cornerstone Mask Ogerpon ex
84910276,iwashi,1,0,160,Marnie's Grimmsnarl ex
84910277,kazuki0123,0,0,164,Marnie's Grimmsnarl ex
84910277,Raihan Ramadistra,1,1,164,Mega Kangaskhan ex
84910359,渡邊征央,0,1,185,Marnie's Grimmsnarl ex
84910359,Majkel1337,1,0,185,Dudunsparce
84910360,bono,0,1,195,Mega Kangaskhan ex
84910360,Yushin Ito,1,0,195,Marnie's Grimmsnarl ex
84910362,Yushin Ito,0,0,136,Mega Starmie ex
84910362,nasuo445,1,1,136,Cynthia's Garchomp ex
84910366,Michael Long,0,0,186,Fezandipiti ex
84910366,aaa,1,1,186,Fezandipiti ex
84910368,Yushin Ito,0,1,114,Mega Starmie ex
84910368,aaa,1,0,114,Fezandipiti ex
84910369,Xander,0,1,143,Archaludon ex
84910369,nasuo445,1,0,143,Cynthia's Garchomp ex
84910373,kazuki0123,0,1,208,Marnie's Grimmsnarl ex
84910373,213tubo,1,0,208,Fezandipiti ex
84910379,Banjo,0,0,108,Mega Starmie ex
84910379,aaa,1,1,108,Fezandipiti ex
84910380,5.5,0,0,155,Alakazam
84910380,zoroark190,1,1,155,Mega Kangaskhan ex
84910381,aaa,0,0,149,Fezandipiti ex
84910381,mitomeat823,1,1,149,Mega Lucario ex
84910384,やる気元気ミワハルキ,0,0,140,Mega Lucario ex
84910384,Banjo,1,1,140,Mega Starmie ex
84910385,Majkel1337,0,0,139,Marnie's Grimmsnarl ex
84910385,Rmy,1,1,139,Dudunsparce
84910392,wally0593,0,0,338,Dudunsparce
84910392,kashiwashira,1,1,338,Team Rocket's Mewtwo ex
84910397,Raihan Ramadistra,0,1,151,Mega Kangaskhan ex
84910397,Akira-Ninth,1,0,151,Mega Lucario ex
84910403,MPGaming,0,1,182,Mega Kangaskhan ex
84910403,wally0593,1,0,182,Dudunsparce
84910404,fujiborozoukin,0,1,180,Mega Lucario ex
84910404,aaa,1,0,180,Fezandipiti ex
84910406,Bata09,0,0,192,Cynthia's Garchomp ex
84910406,bono,1,1,192,Mega Kangaskhan ex
84910422,于笑非lilishyxf,0,0,192,Mega Lucario ex
84910422,iwashi,1,1,192,Marnie's Grimmsnarl ex
84910433,Majkel1337,0,1,149,Marnie's Grimmsnarl ex
84910433,Ajishio,1,0,149,Alakazam
84910436,Marshall Maximizer,0,1,106,Yveltal
84910436,mitomeat823,1,0,106,Mega Lucario ex
84910600,capbloo,0,0,135,Alakazam
84910600,WinDecks,1,1,135,Mega Starmie ex
84910908,Yushin Ito,0,0,145,Marnie's Grimmsnarl ex
84910908,nasuo445,1,1,145,Cynthia's Garchomp ex
84910910,Majkel1337,0,1,126,Dudunsparce
84910910,ごんさくよねきち,1,0,126,Marnie's Grimmsnarl ex
84910911,zoroark190,0,0,133,Mega Kangaskhan ex
84910911,nasuo445,1,1,133,Cynthia's Garchomp ex
84910914,Michael Long,0,1,149,Fezandipiti ex
84910914,Kento Umeda,1,0,149,Dudunsparce
84910916,Raihan Ramadistra,0,0,76,Mega Kangaskhan ex
84910916,Yushin Ito,1,1,76,Mega Starmie ex
84910917,Shota Hirao,0,1,123,Marnie's Grimmsnarl ex
84910917,nasuo445,1,0,123,Cynthia's Garchomp ex
84910918,The Debauchery Tea Party,0,0,123,Marnie's Grimmsnarl ex
84910918,Raihan Ramadistra,1,1,123,Mega Kangaskhan ex
84910920,kashiwashira,0,0,171,Team Rocket's Mewtwo ex
84910920,kazuki0123,1,1,171,Marnie's Grimmsnarl ex
84910924,capbloo,0,1,84,Alakazam
84910924,Banjo,1,0,84,Mega Starmie ex
84910925,bono,0,1,203,Mega Kangaskhan ex
84910925,渡邊征央,1,0,203,Marnie's Grimmsnarl ex
84910927,ごんさくよねきち,0,0,132,Marnie's Grimmsnarl ex
84910927,THIRD PTCG Club,1,1,132,Fezandipiti ex
84910928,mitomeat823,0,1,122,Mega Lucario ex
84910928,WinDecks,1,0,122,Mega Starmie ex
84910929,LiamK,0,1,109,Teal Mask Ogerpon ex
84910929,hirune924,1,0,109,Marnie's Grimmsnarl ex
84910930,ShumpeiNomura,0,0,130,Archaludon ex
84910930,WinDecks,1,1,130,Mega Starmie ex
84910931,やる気元気ミワハルキ,0,0,119,Mega Lucario ex
84910931,Majkel1337,1,1,119,Marnie's Grimmsnarl ex
84910932,やる気元気ミワハルキ,0,1,182,Mega Lucario ex
84910932,aaa,1,0,182,Fezandipiti ex
84910935,ShumpeiNomura,0,0,134,Archaludon ex
84910935,WinDecks,1,1,134,Mega Starmie ex
84910939,v0m0v,0,1,168,Crustle
84910939,fujiborozoukin,1,0,168,Mega Lucario ex
84910941,junlee789,0,1,234,Marnie's Grimmsnarl ex
84910941,ZETADIVISION,1,0,234,Dragapult ex
84910944,于笑非lilishyxf,0,1,135,Mega Lucario ex
84910944,bono,1,0,135,Fezandipiti ex
84910947,Majkel1337,0,0,185,Dudunsparce
84910947,于笑非lilishyxf,1,1,185,Mega Lucario ex
84910949,wkonishi,0,0,322,Dudunsparce
84910949,Raihan Ramadistra,1,1,322,Mega Kangaskhan ex
84910952,wally0593,0,0,261,Dudunsparce
84910952,capbloo,1,1,261,Alakazam
84910955,ShumpeiNomura,0,1,96,Archaludon ex
84910955,LiamK,1,0,96,Cornerstone Mask Ogerpon ex
84911459,mitomeat823,0,0,140,Mega Lucario ex
84911459,nasuo445,1,1,140,Cynthia's Garchomp ex
84911461,Yushin Ito,0,1,122,Marnie's Grimmsnarl ex
84911461,ZETADIVISION,1,0,122,Dragapult ex
84911462,nasuo445,0,0,121,Cynthia's Garchomp ex
84911462,Majkel1337,1,1,121,Dudunsparce
84911463,Michael Long,0,1,91,Fezandipiti ex
84911463,Gyoukou,1,0,91,Mega Lucario ex
84911466,Raihan Ramadistra,0,0,175,Mega Kangaskhan ex
84911466,capbloo,1,1,175,Alakazam
84911467,LiamK,0,1,142,Cornerstone Mask Ogerpon ex
84911467,OsElCoUn,1,0,142,Fezandipiti ex
84911468,Yushin Ito,0,1,80,Mega Starmie ex
84911468,wkonishi,1,0,80,Dudunsparce
84911469,kazuki0123,0,0,177,Marnie's Grimmsnarl ex
84911469,于笑非lilishyxf,1,1,177,Mega Lucario ex
84911470,bono,0,0,106,Mega Kangaskhan ex
84911470,Niche,1,1,106,Archaludon ex
84911475,WinDecks,0,0,136,Mega Starmie ex
84911475,mitomeat823,1,1,136,Mega Lucario ex
84911478,fujiborozoukin,0,0,157,Mega Lucario ex
84911478,LiamK,1,1,157,Teal Mask Ogerpon ex
84911479,Majkel1337,0,0,209,Marnie's Grimmsnarl ex
84911479,junlee789,1,1,209,Marnie's Grimmsnarl ex
84911481,ごんさくよねきち,0,1,167,Marnie's Grimmsnarl ex
84911481,OsElCoUn,1,0,167,Fezandipiti ex
84911483,THIRD PTCG Club,0,0,35,Fezandipiti ex
84911483,aaa,1,1,35,Fezandipiti ex
84911488,Rmy,0,1,104,Dudunsparce
84911488,MPGaming,1,0,104,Mega Kangaskhan ex
84911499,bono,0,0,158,Fezandipiti ex
84911499,LiamK,1,1,158,Cornerstone Mask Ogerpon ex
84911501,v0m0v,0,1,282,Crustle
84911501,Majkel1337,1,0,282,Marnie's Grimmsnarl ex
84911510,MPGaming,0,0,41,Mega Kangaskhan ex
84911510,THIRD PTCG Club,1,1,41,Fezandipiti ex
84911511,iwashi,0,0,168,Marnie's Grimmsnarl ex
84911511,junlee789,1,1,168,Marnie's Grimmsnarl ex
84911513,Michael Long,0,0,237,Fezandipiti ex
84911513,Bata09,1,1,237,Cynthia's Garchomp ex
84911516,Akira-Ninth,0,1,138,Mega Lucario ex
84911516,MPGaming,1,0,138,Mega Kangaskhan ex
84911554,ZETADIVISION,0,0,136,Dragapult ex
84911554,Raihan Ramadistra,1,1,136,Mega Kangaskhan ex
84912022,Raihan Ramadistra,0,1,101,Mega Kangaskhan ex
84912022,LiamK,1,0,101,Cornerstone Mask Ogerpon ex
84912024,kashiwashira,0,1,165,Team Rocket's Mewtwo ex
84912024,Michael Long,1,0,165,Fezandipiti ex
84912027,LiamK,0,0,98,Cornerstone Mask Ogerpon ex
84912027,Majkel1337,1,1,98,Dudunsparce
84912029,tw_shin,0,1,132,Marnie's Grimmsnarl ex
84912029,Yushin Ito,1,0,132,Mega Starmie ex
84912030,capbloo,0,1,180,Alakazam
84912030,nasuo445,1,0,180,Cynthia's Garchomp ex
84912034,Yushin Ito,0,0,231,Marnie's Grimmsnarl ex
84912034,LiamK,1,1,231,Cornerstone Mask Ogerpon ex
84912036,aaa,0,1,75,Fezandipiti ex
84912036,Raihan Ramadistra,1,0,75,Mega Kangaskhan ex
84912038,nasuo445,0,1,161,Cynthia's Garchomp ex
84912038,Hase2727,1,0,161,Mega Kangaskhan ex
84912039,capbloo,0,0,169,Alakazam
84912039,Majkel1337,1,1,169,Marnie's Grimmsnarl ex
84912041,iwashi,0,0,191,Marnie's Grimmsnarl ex
84912041,bono,1,1,191,Mega Kangaskhan ex
84912043,kazuki0123,0,1,154,Marnie's Grimmsnarl ex
84912043,WinDecks,1,0,154,Mega Starmie ex
84912044,mitomeat823,0,1,184,Mega Lucario ex
84912044,Rmy,1,0,184,Dudunsparce
84912050,やる気元気ミワハルキ,0,1,160,Mega Lucario ex
84912050,capbloo,1,0,160,Alakazam
84912055,LiamK,0,1,122,Teal Mask Ogerpon ex
84912055,THIRD PTCG Club,1,0,122,Fezandipiti ex
84912062,v0m0v,0,1,181,Crustle
84912062,やる気元気ミワハルキ,1,0,181,Mega Lucario ex
84912064,bono,0,0,139,Mega Kangaskhan ex
84912064,Akira-Ninth,1,1,139,Mega Lucario ex
84912091,Majkel1337,0,1,260,Marnie's Grimmsnarl ex
84912091,MR.h,1,0,260,Crustle
84912570,Yushin Ito,0,1,218,Marnie's Grimmsnarl ex
84912570,LiamK,1,0,218,Cornerstone Mask Ogerpon ex
84912573,nasuo445,0,1,140,Cynthia's Garchomp ex
84912573,Yushin Ito,1,0,140,Marnie's Grimmsnarl ex
84912575,Majkel1337,0,1,119,Dudunsparce
84912575,bono,1,0,119,Fezandipiti ex
84912581,Yushin Ito,0,1,115,Mega Starmie ex
84912581,ゆとり,1,0,115,Cornerstone Mask Ogerpon ex
84912582,Michael Long,0,1,204,Fezandipiti ex
84912582,wally0593,1,0,204,Dudunsparce
84912583,LiamK,0,1,180,Cornerstone Mask Ogerpon ex
84912583,mitomeat823,1,0,180,Mega Lucario ex
84912587,Raihan Ramadistra,0,1,196,Mega Kangaskhan ex
84912587,Rmy,1,0,196,Dudunsparce
84912588,kazuki0123,0,1,207,Marnie's Grimmsnarl ex
84912588,tonakaiiii,1,0,207,Marnie's Grimmsnarl ex
84912589,kashiwashira,0,1,156,Team Rocket's Mewtwo ex
84912589,kazuki0123,1,0,156,Marnie's Grimmsnarl ex
84912590,capbloo,0,1,147,Alakazam
84912590,Akira-Ninth,1,0,147,Mega Lucario ex
84912599,aaa,0,1,66,Fezandipiti ex
84912599,wally0593,1,0,66,Dudunsparce
84912602,zoroark190,0,1,90,Mega Kangaskhan ex
84912602,やる気元気ミワハルキ,1,0,90,Mega Lucario ex
84912605,ei1333,0,1,181,Marnie's Grimmsnarl ex
84912605,Majkel1337,1,0,181,Marnie's Grimmsnarl ex
84912607,THIRD PTCG Club,0,1,165,Fezandipiti ex
84912607,kashiwashira,1,0,165,Team Rocket's Mewtwo ex
84912614,kazuki0123,0,0,199,Marnie's Grimmsnarl ex
84912614,fujiborozoukin,1,1,199,Mega Lucario ex
84912657,kuromoka,0,1,189,Cynthia's Garchomp ex
84912657,aaa,1,0,189,Fezandipiti ex
84913122,Yushin Ito,0,1,84,Marnie's Grimmsnarl ex
84913122,kashiwashira,1,0,84,Team Rocket's Mewtwo ex
84913123,Rmy,0,0,218,Dudunsparce
84913123,nasuo445,1,1,218,Cynthia's Garchomp ex
84913124,Raihan Ramadistra,0,0,105,Mega Kangaskhan ex
84913124,Majkel1337,1,1,105,Dudunsparce
84913127,Bozo Boys,0,0,86,Alakazam
84913127,Yushin Ito,1,1,86,Mega Starmie ex
84913128,Michael Long,0,0,153,Fezandipiti ex
84913128,やる気元気ミワハルキ,1,1,153,Mega Lucario ex
84913130,Shota Hirao,0,0,149,Marnie's Grimmsnarl ex
84913130,nasuo445,1,1,149,Cynthia's Garchomp ex
84913131,やる気元気ミワハルキ,0,0,156,Mega Lucario ex
84913131,Raihan Ramadistra,1,1,156,Mega Kangaskhan ex
84913134,ZETADIVISION,0,1,175,Dragapult ex
84913134,capbloo,1,0,175,Alakazam
84913135,Michael Long,0,1,98,Fezandipiti ex
84913135,kazuki0123,1,0,98,Marnie's Grimmsnarl ex
84913136,kuromoka,0,1,163,Cynthia's Garchomp ex
84913136,kashiwashira,1,0,163,Team Rocket's Mewtwo ex
84913140,bono,0,1,177,Mega Kangaskhan ex
84913140,iwashi,1,0,177,Marnie's Grimmsnarl ex
84913142,LiamK,0,1,129,Teal Mask Ogerpon ex
84913142,hirune924,1,0,129,Marnie's Grimmsnarl ex
84913143,213tubo,0,0,127,Fezandipiti ex
84913143,mitomeat823,1,1,127,Mega Lucario ex
84913147,ごんさくよねきち,0,1,156,Marnie's Grimmsnarl ex
84913147,Gyoukou,1,0,156,Mega Lucario ex
84913151,MPGaming,0,0,139,Mega Kangaskhan ex
84913151,やる気元気ミワハルキ,1,1,139,Mega Lucario ex
84913152,Rmy,0,1,87,Dudunsparce
84913152,Dũng Đỗ,1,0,87,Mega Kangaskhan ex
84913153,WinDecks,0,1,103,Mega Starmie ex
84913153,LiamK,1,0,103,Cornerstone Mask Ogerpon ex
84913158,iwashi,0,0,147,Marnie's Grimmsnarl ex
84913158,bono,1,1,147,Fezandipiti ex
84913166,wally0593,0,1,146,Dudunsparce
84913166,junlee789,1,0,146,Marnie's Grimmsnarl ex
84913173,Rmy,0,0,160,Dudunsparce
84913173,于笑非lilishyxf,1,1,160,Mega Lucario ex
84913174,tw_shin,0,0,113,Marnie's Grimmsnarl ex
84913174,LiamK,1,1,113,Teal Mask Ogerpon ex
84913181,hirune924,0,0,134,Marnie's Grimmsnarl ex
84913181,NoOne,1,1,134,Dudunsparce
84913186,豆本豆豆包,0,0,171,Alakazam
84913186,mitomeat823,1,1,171,Mega Lucario ex
84913193,bono,0,1,88,Mega Kangaskhan ex
84913193,Niche,1,0,88,Archaludon ex
84913194,Ajishio,0,0,59,Alakazam
84913194,やる気元気ミワハルキ,1,1,59,Mega Lucario ex
84913205,NoOne,0,1,113,Dudunsparce
84913205,Sota Uchiyama,1,0,113,Marnie's Grimmsnarl ex
84913569,mitomeat823,0,1,189,Mega Lucario ex
84913569,NoOne,1,0,189,Dudunsparce
84913668,Yushin Ito,0,0,217,Marnie's Grimmsnarl ex
84913668,Alberto Bonsanto,1,1,217,Mega Kangaskhan ex
84913670,bono,0,0,356,Fezandipiti ex
84913670,Majkel1337,1,1,356,Dudunsparce
84913671,Raihan Ramadistra,0,1,175,Mega Kangaskhan ex
84913671,nasuo445,1,0,175,Cynthia's Garchomp ex
84913674,yamy893,0,0,189,Chandelure
84913674,nasuo445,1,1,189,Cynthia's Garchomp ex
84913675,LiamK,0,0,110,Cornerstone Mask Ogerpon ex
84913675,nasuo445,1,1,110,Cynthia's Garchomp ex
84913676,Michael Long,0,0,159,Fezandipiti ex
84913676,やる気元気ミワハルキ,1,1,159,Mega Lucario ex
84913677,Yushin Ito,0,1,103,Mega Starmie ex
84913677,NoOne,1,0,103,Dudunsparce
84913679,capbloo,0,0,151,Alakazam
84913679,Sota Uchiyama,1,1,151,Marnie's Grimmsnarl ex
84913680,kazuki0123,0,1,198,Marnie's Grimmsnarl ex
84913680,于笑非lilishyxf,1,0,198,Mega Lucario ex
84913681,Raihan Ramadistra,0,1,197,Mega Kangaskhan ex
84913681,Bata09,1,0,197,Cynthia's Garchomp ex
84913682,kashiwashira,0,1,114,Team Rocket's Mewtwo ex
84913682,junlee789,1,0,114,Marnie's Grimmsnarl ex
84913683,bono,0,1,151,Mega Kangaskhan ex
84913683,XP3RiX,1,0,151,Dudunsparce
84913684,Ajishio,0,1,77,Alakazam
84913684,LiamK,1,0,77,Teal Mask Ogerpon ex
84913687,aaa,0,1,70,Fezandipiti ex
84913687,Sota Uchiyama,1,0,70,Marnie's Grimmsnarl ex
84913695,Eduardo Rocha de Andrade,0,1,217,Marnie's Grimmsnarl ex
84913695,Majkel1337,1,0,217,Marnie's Grimmsnarl ex
84913712,ごんさくよねきち,0,1,118,Marnie's Grimmsnarl ex
84913712,WinDecks,1,0,118,Mega Starmie ex
84913717,Marshall Maximizer,0,1,101,Yveltal
84913717,Rmy,1,0,101,Dudunsparce
84913733,LiamK,0,1,161,Teal Mask Ogerpon ex
84913733,5.5,1,0,161,Alakazam
84914188,Yushin Ito,0,0,142,Marnie's Grimmsnarl ex
84914188,Majkel1337,1,1,142,Dudunsparce
84914191,nasuo445,0,0,181,Cynthia's Garchomp ex
84914191,aaa,1,1,181,Fezandipiti ex
84914194,Majkel1337,0,1,111,Dudunsparce
84914194,nasuo445,1,0,111,Cynthia's Garchomp ex
84914195,Raihan Ramadistra,0,0,99,Mega Kangaskhan ex
84914195,Ajishio,1,1,99,Alakazam
84914196,Yushin Ito,0,1,87,Mega Starmie ex
84914196,Hase2727,1,0,87,Mega Kangaskhan ex
84914197,213tubo,0,0,204,Fezandipiti ex
84914197,nasuo445,1,1,204,Cynthia's Garchomp ex
84914198,Michael Long,0,0,251,Fezandipiti ex
84914198,LiamK,1,1,251,Cornerstone Mask Ogerpon ex
84914199,nasuo445,0,1,194,Cynthia's Garchomp ex
84914199,Michael Long,1,0,194,Fezandipiti ex
84914201,Michael Long,0,0,160,Fezandipiti ex
84914201,mitomeat823,1,1,160,Mega Lucario ex
84914202,tw_shin,0,0,145,Marnie's Grimmsnarl ex
84914202,bono,1,1,145,Mega Kangaskhan ex
84914204,kashiwashira,0,1,109,Team Rocket's Mewtwo ex
84914204,Shota Hirao,1,0,109,Marnie's Grimmsnarl ex
84914206,bono,0,1,59,Mega Kangaskhan ex
84914206,LiamK,1,0,59,Teal Mask Ogerpon ex
84914210,やる気元気ミワハルキ,0,0,148,Mega Lucario ex
84914210,capbloo,1,1,148,Alakazam
84914213,Marshall Maximizer,0,0,113,Yveltal
84914213,Majkel1337,1,1,113,Marnie's Grimmsnarl ex
84914215,THIRD PTCG Club,0,1,161,Fezandipiti ex
84914215,capbloo,1,0,161,Alakazam
84914216,WinDecks,0,1,65,Mega Starmie ex
84914216,aaa,1,0,65,Fezandipiti ex
84914218,Dũng Đỗ,0,1,182,Mega Kangaskhan ex
84914218,ZETADIVISION,1,0,182,Dragapult ex
84914221,ShumpeiNomura,0,0,130,Archaludon ex
84914221,junlee789,1,1,130,Marnie's Grimmsnarl ex
84914226,Dũng Đỗ,0,1,213,Mega Kangaskhan ex
84914226,iwashi,1,0,213,Marnie's Grimmsnarl ex
84914238,ごんさくよねきち,0,0,107,Marnie's Grimmsnarl ex
84914238,wally0593,1,1,107,Dudunsparce
84914246,tw_shin,0,1,193,Marnie's Grimmsnarl ex
84914246,Raihan Ramadistra,1,0,193,Mega Kangaskhan ex
84914606,やる気元気ミワハルキ,0,0,163,Mega Lucario ex
84914606,Alberto Bonsanto,1,1,163,Mega Kangaskhan ex
84914712,ごんさくよねきち,0,0,84,Marnie's Grimmsnarl ex
84914712,Yushin Ito,1,1,84,Marnie's Grimmsnarl ex
84914713,Majkel1337,0,1,150,Dudunsparce
84914713,nasuo445,1,0,150,Cynthia's Garchomp ex
84914715,bono,0,0,112,Mega Kangaskhan ex
84914715,nasuo445,1,1,112,Cynthia's Garchomp ex
84914718,WinDecks,0,1,84,Mega Starmie ex
84914718,Yushin Ito,1,0,84,Mega Starmie ex
84914719,nasuo445,0,1,173,Cynthia's Garchomp ex
84914719,NoOne,1,0,173,Dudunsparce
84914720,LiamK,0,0,141,Cornerstone Mask Ogerpon ex
84914720,WinDecks,1,1,141,Mega Starmie ex
84914721,Raihan Ramadistra,0,1,156,Mega Kangaskhan ex
84914721,ImANoob1122,1,0,156,Mega Lucario ex
84914723,mitomeat823,0,1,133,Mega Lucario ex
84914723,やる気元気ミワハルキ,1,0,133,Mega Lucario ex
84914724,aidy,0,1,105,Dudunsparce
84914724,bono,1,0,105,Mega Kangaskhan ex
84914725,WinDecks,0,1,101,Mega Starmie ex
84914725,Michael Long,1,0,101,Fezandipiti ex
84914727,THIRD PTCG Club,0,0,190,Fezandipiti ex
84914727,kashiwashira,1,1,190,Team Rocket's Mewtwo ex
84914729,Banjo,0,0,75,Mega Starmie ex
84914729,aaa,1,1,75,Fezandipiti ex
84914730,LiamK,0,0,97,Teal Mask Ogerpon ex
84914730,WinDecks,1,1,97,Mega Starmie ex
84914734,v0m0v,0,1,141,Crustle
84914734,やる気元気ミワハルキ,1,0,141,Mega Lucario ex
84914741,junlee789,0,0,130,Marnie's Grimmsnarl ex
84914741,LiamK,1,1,130,Cornerstone Mask Ogerpon ex
84914743,Rmy,0,0,21,Dudunsparce
84914743,于笑非lilishyxf,1,1,21,Mega Lucario ex
84914766,Michael Long,0,1,109,Fezandipiti ex
84914766,Xander,1,0,109,Archaludon ex
84914773,WinDecks,0,1,81,Mega Starmie ex
84914773,Banjo,1,0,81,Mega Starmie ex
84914782,zoroark190,0,1,179,Mega Kangaskhan ex
84914782,THIRD PTCG Club,1,0,179,Fezandipiti ex
84914822,kazuki0123,0,1,104,Marnie's Grimmsnarl ex
84914822,Star-mine,1,0,104,Chandelure
84915153,Akira-Ninth,0,0,142,Mega Lucario ex
84915153,Alberto Bonsanto,1,1,142,Mega Kangaskhan ex
84915183,Hase2727,0,0,91,Mega Kangaskhan ex
84915183,THIRD PTCG Club,1,1,91,Fezandipiti ex
84915261,nasuo445,0,1,95,Cynthia's Garchomp ex
84915261,bono,1,0,95,Mega Kangaskhan ex
84915265,Yushin Ito,0,1,34,Mega Starmie ex
84915265,Raihan Ramadistra,1,0,34,Mega Kangaskhan ex
84915267,nasuo445,0,0,153,Cynthia's Garchomp ex
84915267,Majkel1337,1,1,153,Dudunsparce
84915268,LiamK,0,1,188,Cornerstone Mask Ogerpon ex
84915268,Yushin Ito,1,0,188,Marnie's Grimmsnarl ex
84915270,tw_shin,0,0,155,Marnie's Grimmsnarl ex
84915270,Raihan Ramadistra,1,1,155,Mega Kangaskhan ex
84915271,kashiwashira,0,1,147,Team Rocket's Mewtwo ex
84915271,aaa,1,0,147,Fezandipiti ex
84915273,mitomeat823,0,1,200,Mega Lucario ex
84915273,btk15049,1,0,200,Cornerstone Mask Ogerpon ex
84915275,Yushin Ito,0,1,256,Marnie's Grimmsnarl ex
84915275,bono,1,0,256,Mega Kangaskhan ex
84915276,Gotem Penguin,0,1,186,Mega Froslass ex
84915276,Michael Long,1,0,186,Fezandipiti ex
84915277,LiamK,0,1,389,Cornerstone Mask Ogerpon ex
84915277,capbloo,1,0,389,Alakazam
84915278,LiamK,0,1,126,Cornerstone Mask Ogerpon ex
84915278,kazuki0123,1,0,126,Marnie's Grimmsnarl ex
84915280,Eduardo Rocha de Andrade,0,0,152,Marnie's Grimmsnarl ex
84915280,aaa,1,1,152,Fezandipiti ex
84915282,ゆとり,0,1,168,Cornerstone Mask Ogerpon ex
84915282,WinDecks,1,0,168,Mega Starmie ex
84915283,LiamK,0,1,200,Teal Mask Ogerpon ex
84915283,senkin13,1,0,200,Dudunsparce
84915285,Majkel1337,0,1,169,Marnie's Grimmsnarl ex
84915285,tw_shin,1,0,169,Marnie's Grimmsnarl ex
84915286,WinDecks,0,0,120,Mega Starmie ex
84915286,capbloo,1,1,120,Alakazam
84915287,zoroark190,0,0,125,Mega Kangaskhan ex
84915287,213tubo,1,1,125,Fezandipiti ex
84915288,THIRD PTCG Club,0,0,164,Fezandipiti ex
84915288,やる気元気ミワハルキ,1,1,164,Mega Lucario ex
84915289,Akira-Ninth,0,1,26,Mega Lucario ex
84915289,Marshall Maximizer,1,0,26,Yveltal
84915290,于笑非lilishyxf,0,1,148,Mega Lucario ex
84915290,THIRD PTCG Club,1,0,148,Fezandipiti ex
84915292,ZETADIVISION,0,1,117,Dragapult ex
84915292,Dũng Đỗ,1,0,117,Mega Kangaskhan ex
84915293,junlee789,0,1,157,Marnie's Grimmsnarl ex
84915293,WinDecks,1,0,157,Mega Starmie ex
84915297,WinDecks,0,1,100,Mega Starmie ex
84915297,MPGaming,1,0,100,Mega Kangaskhan ex
84915298,wally0593,0,1,123,Dudunsparce
84915298,ZETADIVISION,1,0,123,Dragapult ex
84915304,tw_shin,0,0,176,Marnie's Grimmsnarl ex
84915304,THIRD PTCG Club,1,1,176,Fezandipiti ex
84915320,zoroark190,0,1,45,Mega Kangaskhan ex
84915320,junlee789,1,0,45,Marnie's Grimmsnarl ex
84915671,Team_Rocket,0,0,155,Fezandipiti ex
84915671,mitomeat823,1,1,155,Mega Lucario ex
84915678,ShumpeiNomura,0,0,89,Archaludon ex
84915678,Alberto Bonsanto,1,1,89,Mega Kangaskhan ex
84915707,THIRD PTCG Club,0,1,171,Fezandipiti ex
84915707,aaa,1,0,171,Fezandipiti ex
84915784,Majkel1337,0,0,215,Marnie's Grimmsnarl ex
84915784,LiamK,1,1,215,Cornerstone Mask Ogerpon ex
84915785,mitomeat823,0,1,170,Mega Lucario ex
84915785,Yushin Ito,1,0,170,Mega Starmie ex
84915787,LiamK,0,0,174,Cornerstone Mask Ogerpon ex
84915787,nasuo445,1,1,174,Cynthia's Garchomp ex
84915789,kashiwashira,0,1,189,Team Rocket's Mewtwo ex
84915789,capbloo,1,0,189,Alakazam
84915790,Raihan Ramadistra,0,0,130,Mega Kangaskhan ex
84915790,wally0593,1,1,130,Dudunsparce
84915792,Star-mine,0,0,119,Chandelure
84915792,mitomeat823,1,1,119,Mega Lucario ex
84915794,Xander,0,0,129,Archaludon ex
84915794,Michael Long,1,1,129,Fezandipiti ex
84915795,やる気元気ミワハルキ,0,1,178,Mega Lucario ex
84915795,kazuki0123,1,0,178,Marnie's Grimmsnarl ex
84915796,capbloo,0,0,186,Alakazam
84915796,zoroark190,1,1,186,Mega Kangaskhan ex
84915798,Yushin Ito,0,0,282,Marnie's Grimmsnarl ex
84915798,bono,1,1,282,Mega Kangaskhan ex
84915799,LiamK,0,0,163,Teal Mask Ogerpon ex
84915799,Dũng Đỗ,1,1,163,Mega Kangaskhan ex
84915800,WinDecks,0,1,23,Mega Starmie ex
84915800,Alberto Bonsanto,1,0,23,Mega Kangaskhan ex
84915802,Akira-Ninth,0,0,176,Mega Lucario ex
84915802,Sota Uchiyama,1,1,176,Marnie's Grimmsnarl ex
84915807,tw_shin,0,1,202,Marnie's Grimmsnarl ex
84915807,ごんさくよねきち,1,0,202,Marnie's Grimmsnarl ex
84915808,WinDecks,0,1,94,Mega Starmie ex
84915808,wally0593,1,0,94,Dudunsparce
84915809,やる気元気ミワハルキ,0,0,101,Mega Lucario ex
84915809,zoroark190,1,1,101,Mega Kangaskhan ex
84915814,bono,0,0,182,Fezandipiti ex
84915814,213tubo,1,1,182,Fezandipiti ex
84915815,OsElCoUn,0,0,154,Fezandipiti ex
84915815,THIRD PTCG Club,1,1,154,Fezandipiti ex
84915826,Ajishio,0,1,89,Alakazam
84915826,LiamK,1,0,89,Teal Mask Ogerpon ex
84916194,mitomeat823,0,1,113,Mega Lucario ex
84916194,Alberto Bonsanto,1,0,113,Mega Kangaskhan ex
84916289,Mykhailo Kalus,0,1,171,Marnie's Grimmsnarl ex
84916289,Yushin Ito,1,0,171,Marnie's Grimmsnarl ex
84916292,nasuo445,0,1,163,Cynthia's Garchomp ex
84916292,LiamK,1,0,163,Cornerstone Mask Ogerpon ex
84916296,LiamK,0,0,28,Teal Mask Ogerpon ex
84916296,Yushin Ito,1,1,28,Mega Starmie ex
84916297,zoroark190,0,0,113,Mega Kangaskhan ex
84916297,LiamK,1,1,113,Cornerstone Mask Ogerpon ex
84916298,MR.h,0,1,151,Crustle
84916298,mitomeat823,1,0,151,Mega Lucario ex
84916299,nasuo445,0,1,204,Cynthia's Garchomp ex
84916299,capbloo,1,0,204,Alakazam
84916300,Majkel1337,0,1,33,Marnie's Grimmsnarl ex
84916300,kashiwashira,1,0,33,Team Rocket's Mewtwo ex
84916301,Raihan Ramadistra,0,0,162,Mega Kangaskhan ex
84916301,MPGaming,1,1,162,Mega Kangaskhan ex
84916303,Michael Long,0,0,182,Fezandipiti ex
84916303,aaa,1,1,182,Fezandipiti ex
84916304,capbloo,0,0,224,Alakazam
84916304,kazuki0123,1,1,224,Marnie's Grimmsnarl ex
84916307,aaa,0,1,104,Fezandipiti ex
84916307,Marshall Maximizer,1,0,104,Yveltal
84916308,kawachi,0,1,156,Fezandipiti ex
84916308,kazuki0123,1,0,156,Marnie's Grimmsnarl ex
84916312,zoroark190,0,0,119,Mega Kangaskhan ex
84916312,THIRD PTCG Club,1,1,119,Fezandipiti ex
84916313,Majkel1337,0,1,135,Marnie's Grimmsnarl ex
84916313,capbloo,1,0,135,Alakazam
84916317,やる気元気ミワハルキ,0,1,137,Mega Lucario ex
84916317,Eduardo Rocha de Andrade,1,0,137,Marnie's Grimmsnarl ex
84916318,Sota Uchiyama,0,0,172,Marnie's Grimmsnarl ex
84916318,Dũng Đỗ,1,1,172,Mega Kangaskhan ex
84916321,Majkel1337,0,0,176,Marnie's Grimmsnarl ex
84916321,bono,1,1,176,Fezandipiti ex
84916322,bono,0,0,60,Fezandipiti ex
84916322,junlee789,1,1,60,Marnie's Grimmsnarl ex
84916324,THIRD PTCG Club,0,1,144,Fezandipiti ex
84916324,于笑非lilishyxf,1,0,144,Mega Lucario ex
84916331,ShumpeiNomura,0,1,121,Archaludon ex
84916331,mitomeat823,1,0,121,Mega Lucario ex
84916341,fujiborozoukin,0,1,167,Mega Lucario ex
84916341,Michael Long,1,0,167,Fezandipiti ex
84916342,Michael Long,0,0,149,Fezandipiti ex
84916342,MPGaming,1,1,149,Mega Kangaskhan ex
84916738,やる気元気ミワハルキ,0,1,100,Mega Lucario ex
84916738,Alberto Bonsanto,1,0,100,Mega Kangaskhan ex
84916766,WinDecks,0,1,85,Mega Starmie ex
84916766,THIRD PTCG Club,1,0,85,Fezandipiti ex
84916834,Majkel1337,0,1,43,Dudunsparce
84916834,mitomeat823,1,0,43,Mega Lucario ex
84916836,nasuo445,0,1,146,Cynthia's Garchomp ex
84916836,kashiwashira,1,0,146,Team Rocket's Mewtwo ex
84916838,Yushin Ito,0,1,131,Marnie's Grimmsnarl ex
84916838,kashiwashira,1,0,131,Team Rocket's Mewtwo ex
84916843,LiamK,0,1,208,Cornerstone Mask Ogerpon ex
84916843,Majkel1337,1,0,208,Marnie's Grimmsnarl ex
84916844,Yushin Ito,0,1,75,Mega Starmie ex
84916844,Alberto Bonsanto,1,0,75,Mega Kangaskhan ex
84916846,Yushin Ito,0,0,113,Mega Starmie ex
84916846,nasuo445,1,1,113,Cynthia's Garchomp ex
84916847,Akira-Ninth,0,0,151,Mega Lucario ex
84916847,kashiwashira,1,1,151,Team Rocket's Mewtwo ex
84916848,mitomeat823,0,1,141,Mega Lucario ex
84916848,Bata09,1,0,141,Cynthia's Garchomp ex
84916849,Majkel1337,0,0,198,Marnie's Grimmsnarl ex
84916849,Raihan Ramadistra,1,1,198,Mega Kangaskhan ex
84916851,Banjo,0,1,84,Mega Starmie ex
84916851,bono,1,0,84,Mega Kangaskhan ex
84916852,junlee789,0,0,144,Marnie's Grimmsnarl ex
84916852,aaa,1,1,144,Fezandipiti ex
84916853,カドラバ Kadoraba,0,0,211,Fezandipiti ex
84916853,kazuki0123,1,1,211,Marnie's Grimmsnarl ex
84916856,Michael Long,0,0,151,Fezandipiti ex
84916856,fujiborozoukin,1,1,151,Mega Lucario ex
84916858,WinDecks,0,0,153,Mega Starmie ex
84916858,ごんさくよねきち,1,1,153,Marnie's Grimmsnarl ex
84916862,ゆとり,0,1,122,Cornerstone Mask Ogerpon ex
84916862,zoroark190,1,0,122,Mega Kangaskhan ex
84916864,Banjo,0,0,136,Mega Starmie ex
84916864,ごんさくよねきち,1,1,136,Marnie's Grimmsnarl ex
84916866,wally0593,0,0,190,Dudunsparce
84916866,Majkel1337,1,1,190,Dudunsparce
84916868,capbloo,0,1,144,Alakazam
84916868,THIRD PTCG Club,1,0,144,Fezandipiti ex
84916870,junlee789,0,0,224,Marnie's Grimmsnarl ex
84916870,Mykhailo Kalus,1,1,224,Marnie's Grimmsnarl ex
84916895,ごんさくよねきち,0,0,116,Marnie's Grimmsnarl ex
84916895,capbloo,1,1,116,Alakazam
84917358,Yushin Ito,0,1,163,Marnie's Grimmsnarl ex
84917358,nasuo445,1,0,163,Cynthia's Garchomp ex
84917359,Majkel1337,0,1,75,Dudunsparce
84917359,jiatu.l,1,0,75,Marnie's Grimmsnarl ex
84917363,Majkel1337,0,0,184,Dudunsparce
84917363,Yushin Ito,1,1,184,Marnie's Grimmsnarl ex
84917368,LiamK,0,0,126,Cornerstone Mask Ogerpon ex
84917368,やる気元気ミワハルキ,1,1,126,Mega Lucario ex
84917369,nasuo445,0,1,94,Cynthia's Garchomp ex
84917369,Yushin Ito,1,0,94,Mega Starmie ex
84917371,213tubo,0,1,156,Fezandipiti ex
84917371,nasuo445,1,0,156,Cynthia's Garchomp ex
84917373,Michael Long,0,0,219,Fezandipiti ex
84917373,kashiwashira,1,1,219,Team Rocket's Mewtwo ex
84917374,Raihan Ramadistra,0,0,115,Mega Kangaskhan ex
84917374,nasuo445,1,1,115,Cynthia's Garchomp ex
84917376,aaa,0,1,99,Fezandipiti ex
84917376,やる気元気ミワハルキ,1,0,99,Mega Lucario ex
84917378,Xander,0,0,150,Archaludon ex
84917378,bono,1,1,150,Mega Kangaskhan ex
84917379,mitomeat823,0,1,125,Mega Lucario ex
84917379,lmaffei,1,0,125,Mega Lopunny ex
84917380,capbloo,0,1,127,Alakazam
84917380,kazuki0123,1,0,127,Marnie's Grimmsnarl ex
84917381,capbloo,0,1,534,Alakazam
84917381,LiamK,1,0,534,Cornerstone Mask Ogerpon ex
84917384,capbloo,0,1,187,Alakazam
84917384,Michael Long,1,0,187,Fezandipiti ex
84917385,WinDecks,0,0,114,Mega Starmie ex
84917385,Banjo,1,1,114,Mega Starmie ex
84917387,kazuki0123,0,1,124,Marnie's Grimmsnarl ex
84917387,ごんさくよねきち,1,0,124,Marnie's Grimmsnarl ex
84917388,tw_shin,0,0,151,Marnie's Grimmsnarl ex
84917388,やる気元気ミワハルキ,1,1,151,Mega Lucario ex
84917389,Majkel1337,0,1,203,Marnie's Grimmsnarl ex
84917389,ShumpeiNomura,1,0,203,Archaludon ex
84917390,zoroark190,0,0,116,Mega Kangaskhan ex
84917390,Rmy,1,1,116,Dudunsparce
84917393,kawachi,0,1,143,Fezandipiti ex
84917393,junlee789,1,0,143,Marnie's Grimmsnarl ex
84917396,bono,0,1,159,Fezandipiti ex
84917396,wally0593,1,0,159,Dudunsparce
84917398,kashiwashira,0,0,150,Team Rocket's Mewtwo ex
84917398,ShumpeiNomura,1,1,150,Archaludon ex
84917404,ZETADIVISION,0,0,147,Dragapult ex
84917404,aaa,1,1,147,Fezandipiti ex
84917409,ShumpeiNomura,0,1,144,Archaludon ex
84917409,Marshall Maximizer,1,0,144,Yveltal
84917412,zoroark190,0,1,213,Mega Kangaskhan ex
84917412,bono,1,0,213,Fezandipiti ex
84917413,iwashi,0,0,116,Marnie's Grimmsnarl ex
84917413,bono,1,1,116,Mega Kangaskhan ex
84917426,Michael Long,0,0,199,Fezandipiti ex
84917426,Eduardo Rocha de Andrade,1,1,199,Marnie's Grimmsnarl ex
84917912,nasuo445,0,1,121,Cynthia's Garchomp ex
84917912,Pavel Pavlov,1,0,121,Archaludon ex
84917913,Akira-Ninth,0,0,131,Mega Lucario ex
84917913,Yushin Ito,1,1,131,Marnie's Grimmsnarl ex
84917915,nasuo445,0,0,221,Cynthia's Garchomp ex
84917915,bono,1,1,221,Fezandipiti ex
84917918,Yushin Ito,0,0,183,Marnie's Grimmsnarl ex
84917918,Majkel1337,1,1,183,Dudunsparce
84917919,mitomeat823,0,0,130,Mega Lucario ex
84917919,kidekikish,1,1,130,Chandelure
84917921,Yushin Ito,0,1,155,Mega Starmie ex
84917921,やる気元気ミワハルキ,1,0,155,Mega Lucario ex
84917923,capbloo,0,0,409,Alakazam
84917923,LiamK,1,1,409,Cornerstone Mask Ogerpon ex
84917926,Raihan Ramadistra,0,1,150,Mega Kangaskhan ex
84917926,hirune924,1,0,150,Marnie's Grimmsnarl ex
84917929,bono,0,1,182,Mega Kangaskhan ex
84917929,OsElCoUn,1,0,182,Fezandipiti ex
84917930,capbloo,0,1,195,Alakazam
84917930,Michael Long,1,0,195,Fezandipiti ex
84917934,kazuki0123,0,1,259,Marnie's Grimmsnarl ex
84917934,tw_shin,1,0,259,Marnie's Grimmsnarl ex
84917935,Michael Long,0,0,188,Fezandipiti ex
84917935,THIRD PTCG Club,1,1,188,Fezandipiti ex
84917939,zoroark190,0,1,145,Mega Kangaskhan ex
84917939,Majkel1337,1,0,145,Marnie's Grimmsnarl ex
84917941,Rmy,0,1,82,Dudunsparce
84917941,LiamK,1,0,82,Teal Mask Ogerpon ex
84917942,ごんさくよねきち,0,1,91,Marnie's Grimmsnarl ex
84917942,MPGaming,1,0,91,Mega Kangaskhan ex
84917945,zoroark190,0,1,110,Mega Kangaskhan ex
84917945,MPGaming,1,0,110,Mega Kangaskhan ex
84917962,213tubo,0,0,204,Fezandipiti ex
84917962,fujiborozoukin,1,1,204,Mega Lucario ex
84917967,やる気元気ミワハルキ,0,0,179,Mega Lucario ex
84917967,MPGaming,1,1,179,Mega Kangaskhan ex
84917969,于笑非lilishyxf,0,1,98,Mega Lucario ex
84917969,WinDecks,1,0,98,Mega Starmie ex
84918006,capbloo,0,1,150,Alakazam
84918006,Shota Hirao,1,0,150,Marnie's Grimmsnarl ex
84918313,Michael Long,0,1,154,Fezandipiti ex
84918313,nasuo445,1,0,154,Cynthia's Garchomp ex
84918344,Michael Long,0,0,162,Fezandipiti ex
84918344,Alberto Bonsanto,1,1,162,Mega Kangaskhan ex
84918433,nasuo445,0,0,29,Cynthia's Garchomp ex
84918433,Majkel1337,1,1,29,Dudunsparce
84918438,nasuo445,0,0,178,Cynthia's Garchomp ex
84918438,Yushin Ito,1,1,178,Marnie's Grimmsnarl ex
84918440,LiamK,0,0,136,Teal Mask Ogerpon ex
84918440,nasuo445,1,1,136,Cynthia's Garchomp ex
84918442,aaa,0,0,172,Fezandipiti ex
84918442,Eduardo Rocha de Andrade,1,1,172,Marnie's Grimmsnarl ex
84918445,mitomeat823,0,0,171,Mega Lucario ex
84918445,LiamK,1,1,171,Cornerstone Mask Ogerpon ex
84918446,capbloo,0,1,77,Alakazam
84918446,zoroark190,1,0,77,Mega Kangaskhan ex
84918448,kazuki0123,0,0,126,Marnie's Grimmsnarl ex
84918448,Raihan Ramadistra,1,1,126,Mega Kangaskhan ex
84918449,mitomeat823,0,1,147,Mega Lucario ex
84918449,capbloo,1,0,147,Alakazam
84918450,Yushin Ito,0,1,106,Mega Starmie ex
84918450,Alberto Bonsanto,1,0,106,Mega Kangaskhan ex
84918451,kazuki0123,0,0,210,Marnie's Grimmsnarl ex
84918451,mitomeat823,1,1,210,Mega Lucario ex
84918454,Majkel1337,0,1,34,Marnie's Grimmsnarl ex
84918454,Bozo Boys,1,0,34,Alakazam
84918462,ごんさくよねきち,0,0,129,Marnie's Grimmsnarl ex
84918462,213tubo,1,1,129,Fezandipiti ex
84918464,213tubo,0,1,106,Fezandipiti ex
84918464,やる気元気ミワハルキ,1,0,106,Mega Lucario ex
84918465,bono,0,0,167,Fezandipiti ex
84918465,WinDecks,1,1,167,Mega Starmie ex
84918475,mitomeat823,0,1,187,Mega Lucario ex
84918475,Rmy,1,0,187,Dudunsparce
84918478,kawachi,0,1,104,Fezandipiti ex
84918478,WinDecks,1,0,104,Mega Starmie ex
84918482,aaa,0,1,162,Fezandipiti ex
84918482,junlee789,1,0,162,Marnie's Grimmsnarl ex
84918487,LiamK,0,1,98,Teal Mask Ogerpon ex
84918487,Marshall Maximizer,1,0,98,Yveltal
84918491,213tubo,0,1,187,Fezandipiti ex
84918491,kawachi,1,0,187,Fezandipiti ex
84918492,fujiborozoukin,0,0,177,Mega Lucario ex
84918492,XP3RiX,1,1,177,Dudunsparce
84918500,MPGaming,0,1,73,Mega Kangaskhan ex
84918500,ごんさくよねきち,1,0,73,Marnie's Grimmsnarl ex
84918649,Kento Umeda,0,0,118,Dudunsparce
84918649,bono,1,1,118,Mega Kangaskhan ex
84918669,WinDecks,0,0,130,Mega Starmie ex
84918669,bono,1,1,130,Mega Kangaskhan ex
84918670,ZETADIVISION,0,0,195,Dragapult ex
84918670,zoroark190,1,1,195,Mega Kangaskhan ex
84918980,aaa,0,1,212,Fezandipiti ex
84918980,Majkel1337,1,0,212,Dudunsparce
84918981,nasuo445,0,1,138,Cynthia's Garchomp ex
84918981,Yushin Ito,1,0,138,Marnie's Grimmsnarl ex
84918988,wally0593,0,0,160,Dudunsparce
84918988,Yushin Ito,1,1,160,Marnie's Grimmsnarl ex
84918992,Yushin Ito,0,1,109,Mega Starmie ex
84918992,Raihan Ramadistra,1,0,109,Mega Kangaskhan ex
84918993,aaa,0,1,227,Fezandipiti ex
84918993,nasuo445,1,0,227,Cynthia's Garchomp ex
84918994,mitomeat823,0,1,150,Mega Lucario ex
84918994,junlee789,1,0,150,Marnie's Grimmsnarl ex
84918996,aaa,0,0,152,Fezandipiti ex
84918996,Majkel1337,1,1,152,Dudunsparce
84918998,kawachi,0,0,148,Fezandipiti ex
84918998,bono,1,1,148,Mega Kangaskhan ex
84918999,Raihan Ramadistra,0,1,202,Mega Kangaskhan ex
84918999,ZETADIVISION,1,0,202,Dragapult ex
84919002,capbloo,0,1,197,Alakazam
84919002,wally0593,1,0,197,Dudunsparce
84919003,THIRD PTCG Club,0,0,192,Fezandipiti ex
84919003,kazuki0123,1,1,192,Marnie's Grimmsnarl ex
84919005,capbloo,0,0,164,Alakazam
84919005,Majkel1337,1,1,164,Marnie's Grimmsnarl ex
84919009,junlee789,0,0,123,Marnie's Grimmsnarl ex
84919009,THIRD PTCG Club,1,1,123,Fezandipiti ex
84919010,やる気元気ミワハルキ,0,1,150,Mega Lucario ex
84919010,Eduardo Rocha de Andrade,1,0,150,Marnie's Grimmsnarl ex
84919011,iwashi,0,0,134,Marnie's Grimmsnarl ex
84919011,Dũng Đỗ,1,1,134,Mega Kangaskhan ex
84919022,Eduardo Rocha de Andrade,0,0,156,Marnie's Grimmsnarl ex
84919022,Dũng Đỗ,1,1,156,Mega Kangaskhan ex
84919023,ShumpeiNomura,0,1,121,Archaludon ex
84919023,MPGaming,1,0,121,Mega Kangaskhan ex
84919024,ZETADIVISION,0,0,193,Dragapult ex
84919024,wkonishi,1,1,193,Dudunsparce
84919030,kawachi,0,1,145,Fezandipiti ex
84919030,XP3RiX,1,0,145,Dudunsparce
84919032,zoroark190,0,1,34,Mega Kangaskhan ex
84919032,capbloo,1,0,34,Alakazam
84919036,junlee789,0,1,161,Marnie's Grimmsnarl ex
84919036,WinDecks,1,0,161,Mega Starmie ex
84919452,mitomeat823,0,0,166,Mega Lucario ex
84919452,Alberto Bonsanto,1,1,166,Mega Kangaskhan ex
84919473,THIRD PTCG Club,0,0,126,Fezandipiti ex
84919473,WinDecks,1,1,126,Mega Starmie ex
84919535,nasuo445,0,0,208,Cynthia's Garchomp ex
84919535,Majkel1337,1,1,208,Dudunsparce
84919537,bono,0,0,168,Mega Kangaskhan ex
84919537,nasuo445,1,1,168,Cynthia's Garchomp ex
84919538,Yushin Ito,0,1,66,Marnie's Grimmsnarl ex
84919538,Alberto Bonsanto,1,0,66,Mega Kangaskhan ex
84919543,Majkel1337,0,1,96,Dudunsparce
84919543,LiamK,1,0,96,Cornerstone Mask Ogerpon ex
84919544,mitomeat823,0,0,131,Mega Lucario ex
84919544,koga_poke,1,1,131,Yveltal
84919545,aaa,0,0,171,Fezandipiti ex
84919545,junlee789,1,1,171,Marnie's Grimmsnarl ex
84919547,hirune924,0,0,120,Marnie's Grimmsnarl ex
84919547,Yushin Ito,1,1,120,Mega Starmie ex
84919548,bono,0,0,91,Mega Kangaskhan ex
84919548,Mykhailo Kalus,1,1,91,Marnie's Grimmsnarl ex
84919549,nasuo445,0,0,156,Cynthia's Garchomp ex
84919549,capbloo,1,1,156,Alakazam
84919552,zoroark190,0,1,169,Mega Kangaskhan ex
84919552,capbloo,1,0,169,Alakazam
84919553,kazuki0123,0,0,165,Marnie's Grimmsnarl ex
84919553,Dũng Đỗ,1,1,165,Mega Kangaskhan ex
84919562,213tubo,0,0,196,Fezandipiti ex
84919562,Eduardo Rocha de Andrade,1,1,196,Marnie's Grimmsnarl ex
84919564,nasuo445,0,0,168,Cynthia's Garchomp ex
84919564,Dũng Đỗ,1,1,168,Mega Kangaskhan ex
84919565,MPGaming,0,0,107,Mega Kangaskhan ex
84919565,WinDecks,1,1,107,Mega Starmie ex
84919567,Rmy,0,0,162,Dudunsparce
84919567,Sota Uchiyama,1,1,162,Marnie's Grimmsnarl ex
84919568,ごんさくよねきち,0,0,140,Marnie's Grimmsnarl ex
84919568,Ajishio,1,1,140,Alakazam
84919569,zoroark190,0,0,131,Mega Kangaskhan ex
84919569,Eduardo Rocha de Andrade,1,1,131,Marnie's Grimmsnarl ex
84919573,やる気元気ミワハルキ,0,0,148,Mega Lucario ex
84919573,Alberto Bonsanto,1,1,148,Mega Kangaskhan ex
84919578,OsElCoUn,0,0,155,Fezandipiti ex
84919578,ZETADIVISION,1,1,155,Dragapult ex
84919580,kawachi,0,1,71,Fezandipiti ex
84919580,Raihan Ramadistra,1,0,71,Mega Kangaskhan ex
84919586,XP3RiX,0,1,338,Dudunsparce
84919586,Rmy,1,0,338,Dudunsparce
84919591,kawachi,0,0,149,Fezandipiti ex
84919591,于笑非lilishyxf,1,1,149,Mega Lucario ex
84919599,MPGaming,0,1,103,Mega Kangaskhan ex
84919599,やる気元気ミワハルキ,1,0,103,Mega Lucario ex
84920026,Akira-Ninth,0,1,161,Mega Lucario ex
84920026,THIRD PTCG Club,1,0,161,Fezandipiti ex
84920082,aaa,0,1,246,Fezandipiti ex
84920082,Majkel1337,1,0,246,Dudunsparce
84920083,nasuo445,0,0,169,Cynthia's Garchomp ex
84920083,Yushin Ito,1,1,169,Marnie's Grimmsnarl ex
84920086,nasuo445,0,1,128,Cynthia's Garchomp ex
84920086,bono,1,0,128,Mega Kangaskhan ex
84920091,LiamK,0,1,176,Cornerstone Mask Ogerpon ex
84920091,MR.h,1,0,176,Crustle
84920094,aaa,0,0,159,Fezandipiti ex
84920094,Alberto Bonsanto,1,1,159,Mega Kangaskhan ex
84920095,kawachi,0,0,163,Fezandipiti ex
84920095,mitomeat823,1,1,163,Mega Lucario ex
84920097,THIRD PTCG Club,0,1,82,Fezandipiti ex
84920097,bono,1,0,82,Mega Kangaskhan ex
84920099,ShumpeiNomura,0,0,166,Archaludon ex
84920099,nasuo445,1,1,166,Cynthia's Garchomp ex
84920101,capbloo,0,1,126,Alakazam
84920101,bono,1,0,126,Mega Kangaskhan ex
84920103,kazuki0123,0,0,206,Marnie's Grimmsnarl ex
84920103,渡邊征央,1,1,206,Marnie's Grimmsnarl ex
84920105,Michael Long,0,0,153,Fezandipiti ex
84920105,Dũng Đỗ,1,1,153,Mega Kangaskhan ex
84920106,Sota Uchiyama,0,1,164,Marnie's Grimmsnarl ex
84920106,LiamK,1,0,164,Teal Mask Ogerpon ex
84920107,WinDecks,0,1,96,Mega Starmie ex
84920107,やる気元気ミワハルキ,1,0,96,Mega Lucario ex
84920109,nasuo445,0,0,201,Cynthia's Garchomp ex
84920109,THIRD PTCG Club,1,1,201,Fezandipiti ex
84920113,ZETADIVISION,0,1,202,Dragapult ex
84920113,junlee789,1,0,202,Marnie's Grimmsnarl ex
84920115,junlee789,0,0,108,Marnie's Grimmsnarl ex
84920115,zoroark190,1,1,108,Mega Kangaskhan ex
84920116,ZETADIVISION,0,0,113,Dragapult ex
84920116,zoroark190,1,1,113,Mega Kangaskhan ex
84920117,kawachi,0,0,172,Fezandipiti ex
84920117,213tubo,1,1,172,Fezandipiti ex
84920119,やる気元気ミワハルキ,0,1,176,Mega Lucario ex
84920119,Mykhailo Kalus,1,0,176,Marnie's Grimmsnarl ex
84920120,Ajishio,0,0,165,Alakazam
84920120,wkonishi,1,1,165,Dudunsparce
84920124,ShumpeiNomura,0,1,148,Archaludon ex
84920124,zoroark190,1,0,148,Mega Kangaskhan ex
84920126,Ajishio,0,0,205,Alakazam
84920126,capbloo,1,1,205,Alakazam
84920131,bono,0,0,166,Fezandipiti ex
84920131,XP3RiX,1,1,166,Dudunsparce
84920157,5.5,0,0,203,Alakazam
84920157,capbloo,1,1,203,Alakazam
84920160,capbloo,0,1,123,Alakazam
84920160,junlee789,1,0,123,Marnie's Grimmsnarl ex
84920229,Yushin Ito,0,1,161,Mega Starmie ex
84920229,Topdecking is All You Need,1,0,161,Cynthia's Garchomp ex
84920551,Alberto Bonsanto,0,0,91,Mega Kangaskhan ex
84920551,213tubo,1,1,91,Fezandipiti ex
84920575,LiamK,0,0,87,Teal Mask Ogerpon ex
84920575,NoOne,1,1,87,Dudunsparce
84920630,Michael Long,0,0,157,Fezandipiti ex
84920630,Raihan Ramadistra,1,1,157,Mega Kangaskhan ex
84920632,Yushin Ito,0,0,293,Marnie's Grimmsnarl ex
84920632,Alberto Bonsanto,1,1,293,Mega Kangaskhan ex
84920634,bono,0,1,128,Fezandipiti ex
84920634,nasuo445,1,0,128,Cynthia's Garchomp ex
84920636,Ajishio,0,0,133,Alakazam
84920636,bono,1,1,133,Mega Kangaskhan ex
84920637,mitomeat823,0,0,153,Mega Lucario ex
84920637,bono,1,1,153,Mega Kangaskhan ex
84920639,aidy,0,0,212,Dudunsparce
84920639,capbloo,1,1,212,Alakazam
84920643,THIRD PTCG Club,0,0,83,Fezandipiti ex
84920643,Yushin Ito,1,1,83,Mega Starmie ex
84920646,Majkel1337,0,0,51,Dudunsparce
84920646,Yushin Ito,1,1,51,Mega Starmie ex
84920647,Dũng Đỗ,0,1,172,Mega Kangaskhan ex
84920647,hirune924,1,0,172,Marnie's Grimmsnarl ex
84920648,Akira-Ninth,0,1,24,Mega Lucario ex
84920648,THIRD PTCG Club,1,0,24,Fezandipiti ex
84920649,nasuo445,0,0,198,Cynthia's Garchomp ex
84920649,wally0593,1,1,198,Dudunsparce
84920650,Mykhailo Kalus,0,1,111,Marnie's Grimmsnarl ex
84920650,aaa,1,0,111,Fezandipiti ex
84920653,ゆとり,0,1,100,Cornerstone Mask Ogerpon ex
84920653,LiamK,1,0,100,Teal Mask Ogerpon ex
84920655,WinDecks,0,1,27,Mega Starmie ex
84920655,aidy,1,0,27,Dudunsparce
84920659,capbloo,0,0,206,Alakazam
84920659,OsElCoUn,1,1,206,Fezandipiti ex
84920660,213tubo,0,0,203,Fezandipiti ex
84920660,wkonishi,1,1,203,Dudunsparce
84920663,Mykhailo Kalus,0,1,151,Marnie's Grimmsnarl ex
84920663,213tubo,1,0,151,Fezandipiti ex
84920664,Sota Uchiyama,0,0,127,Marnie's Grimmsnarl ex
84920664,ShumpeiNomura,1,1,127,Archaludon ex
84920668,junlee789,0,0,186,Marnie's Grimmsnarl ex
84920668,THIRD PTCG Club,1,1,186,Fezandipiti ex
84920671,ShumpeiNomura,0,0,60,Archaludon ex
84920671,213tubo,1,1,60,Fezandipiti ex
84920673,WinDecks,0,1,142,Mega Starmie ex
84920673,capbloo,1,0,142,Alakazam
84920674,Rmy,0,0,176,Dudunsparce
84920674,ごんさくよねきち,1,1,176,Marnie's Grimmsnarl ex
84920675,Michael Long,0,1,118,Fezandipiti ex
84920675,fujiborozoukin,1,0,118,Mega Lucario ex
84920677,ごんさくよねきち,0,0,163,Marnie's Grimmsnarl ex
84920677,ZETADIVISION,1,1,163,Dragapult ex
84920693,MPGaming,0,1,160,Mega Kangaskhan ex
84920693,Michael Long,1,0,160,Fezandipiti ex
84920697,kuromoka,0,0,122,Cynthia's Garchomp ex
84920697,LiamK,1,1,122,Teal Mask Ogerpon ex
84921102,Alberto Bonsanto,0,1,175,Mega Kangaskhan ex
84921102,MPGaming,1,0,175,Mega Kangaskhan ex
84921121,THIRD PTCG Club,0,1,33,Fezandipiti ex
84921121,渡邊征央,1,0,33,Marnie's Grimmsnarl ex
84921174,やる気元気ミワハルキ,0,0,160,Mega Lucario ex
84921174,Yushin Ito,1,1,160,Marnie's Grimmsnarl ex
84921175,Majkel1337,0,0,192,Dudunsparce
84921175,wkonishi,1,1,192,Dudunsparce
84921176,nasuo445,0,0,72,Cynthia's Garchomp ex
84921176,Yushin Ito,1,1,72,Mega Starmie ex
84921179,Yushin Ito,0,1,63,Mega Starmie ex
84921179,LiamK,1,0,63,Teal Mask Ogerpon ex
84921180,XP3RiX,0,1,177,Dudunsparce
84921180,LiamK,1,0,177,Cornerstone Mask Ogerpon ex
84921184,bono,0,0,79,Mega Kangaskhan ex
84921184,capbloo,1,1,79,Alakazam
84921185,Michael Long,0,0,176,Fezandipiti ex
84921185,aaa,1,1,176,Fezandipiti ex
84921186,ShumpeiNomura,0,1,95,Archaludon ex
84921186,mitomeat823,1,0,95,Mega Lucario ex
84921187,Star-mine,0,0,119,Chandelure
84921187,Raihan Ramadistra,1,1,119,Mega Kangaskhan ex
84921188,bono,0,1,177,Mega Kangaskhan ex
84921188,junlee789,1,0,177,Marnie's Grimmsnarl ex
84921196,WinDecks,0,1,116,Mega Starmie ex
84921196,aidy,1,0,116,Dudunsparce
84921199,THIRD PTCG Club,0,0,25,Fezandipiti ex
84921199,fujiborozoukin,1,1,25,Mega Lucario ex
84921200,Eduardo Rocha de Andrade,0,1,218,Marnie's Grimmsnarl ex
84921200,Majkel1337,1,0,218,Marnie's Grimmsnarl ex
84921204,LiamK,0,1,135,Teal Mask Ogerpon ex
84921204,213tubo,1,0,135,Fezandipiti ex
84921207,213tubo,0,1,162,Fezandipiti ex
84921207,bono,1,0,162,Fezandipiti ex
84921208,OsElCoUn,0,0,158,Fezandipiti ex
84921208,Akira-Ninth,1,1,158,Mega Lucario ex
84921211,MPGaming,0,0,137,Mega Kangaskhan ex
84921211,Michael Long,1,1,137,Fezandipiti ex
84921212,やる気元気ミワハルキ,0,1,162,Mega Lucario ex
84921212,mitomeat823,1,0,162,Mega Lucario ex
84921213,LiamK,0,0,163,Teal Mask Ogerpon ex
84921213,capbloo,1,1,163,Alakazam
84921222,junlee789,0,1,176,Marnie's Grimmsnarl ex
84921222,capbloo,1,0,176,Alakazam
84921224,fujiborozoukin,0,1,119,Mega Lucario ex
84921224,やる気元気ミワハルキ,1,0,119,Mega Lucario ex
84921228,capbloo,0,1,230,Alakazam
84921228,ゆとり,1,0,230,Cornerstone Mask Ogerpon ex
84921231,bono,0,0,168,Fezandipiti ex
84921231,ZETADIVISION,1,1,168,Dragapult ex
84921239,Sota Uchiyama,0,1,173,Marnie's Grimmsnarl ex
84921239,wkonishi,1,0,173,Dudunsparce
84921242,iwashi,0,1,47,Marnie's Grimmsnarl ex
84921242,WinDecks,1,0,47,Mega Starmie ex
84921263,Bozo Boys,0,0,189,Alakazam
84921263,capbloo,1,1,189,Alakazam
84921695,Marshall Maximizer,0,1,97,Yveltal
84921695,THIRD PTCG Club,1,0,97,Fezandipiti ex
84921747,Yushin Ito,0,0,72,Mega Starmie ex
84921747,Majkel1337,1,1,72,Dudunsparce
84921751,Majkel1337,0,0,222,Dudunsparce
84921751,nasuo445,1,1,222,Cynthia's Garchomp ex
84921752,Alberto Bonsanto,0,0,146,Mega Kangaskhan ex
84921752,Yushin Ito,1,1,146,Mega Starmie ex
84921753,Yushin Ito,0,1,184,Marnie's Grimmsnarl ex
84921753,capbloo,1,0,184,Alakazam
84921754,Atomu Naka,0,1,181,Mega Kangaskhan ex
84921754,LiamK,1,0,181,Cornerstone Mask Ogerpon ex
84921756,capbloo,0,1,175,Alakazam
84921756,OsElCoUn,1,0,175,Fezandipiti ex
84921757,Raihan Ramadistra,0,1,114,Mega Kangaskhan ex
84921757,Shardul Gharat,1,0,114,Marnie's Grimmsnarl ex
84921762,OsElCoUn,0,1,120,Fezandipiti ex
84921762,nasuo445,1,0,120,Cynthia's Garchomp ex
84921763,Bozo Boys,0,1,48,Alakazam
84921763,mitomeat823,1,0,48,Mega Lucario ex
84921765,Dũng Đỗ,0,0,123,Mega Kangaskhan ex
84921765,Yushin Ito,1,1,123,Mega Starmie ex
84921767,Alberto Bonsanto,0,0,131,Mega Kangaskhan ex
84921767,WinDecks,1,1,131,Mega Starmie ex
84921768,Alberto Bonsanto,0,0,99,Mega Kangaskhan ex
84921768,THIRD PTCG Club,1,1,99,Fezandipiti ex
84921771,213tubo,0,0,184,Fezandipiti ex
84921771,nasuo445,1,1,184,Cynthia's Garchomp ex
84921772,213tubo,0,0,131,Fezandipiti ex
84921772,Mykhailo Kalus,1,1,131,Marnie's Grimmsnarl ex
84921774,junlee789,0,0,139,Marnie's Grimmsnarl ex
84921774,Majkel1337,1,1,139,Marnie's Grimmsnarl ex
84921775,213tubo,0,1,171,Fezandipiti ex
84921775,wkonishi,1,0,171,Dudunsparce
84921777,MPGaming,0,0,105,Mega Kangaskhan ex
84921777,capbloo,1,1,105,Alakazam
84921778,WinDecks,0,1,115,Mega Starmie ex
84921778,zoroark190,1,0,115,Mega Kangaskhan ex
84921782,213tubo,0,1,56,Fezandipiti ex
84921782,LiamK,1,0,56,Teal Mask Ogerpon ex
84921785,capbloo,0,1,91,Alakazam
84921785,zoroark190,1,0,91,Mega Kangaskhan ex
84921786,nasuo445,0,0,178,Cynthia's Garchomp ex
84921786,ShumpeiNomura,1,1,178,Archaludon ex
84921787,やる気元気ミワハルキ,0,1,208,Mega Lucario ex
84921787,Shardul Gharat,1,0,208,Marnie's Grimmsnarl ex
84921788,WinDecks,0,1,110,Mega Starmie ex
84921788,MPGaming,1,0,110,Mega Kangaskhan ex
84921794,wkonishi,0,1,124,Dudunsparce
84921794,junlee789,1,0,124,Marnie's Grimmsnarl ex
84921798,Eduardo Rocha de Andrade,0,0,104,Marnie's Grimmsnarl ex
84921798,zoroark190,1,1,104,Mega Kangaskhan ex
84921813,渡邊征央,0,1,127,Marnie's Grimmsnarl ex
84921813,bono,1,0,127,Mega Kangaskhan ex
84922211,Alberto Bonsanto,0,0,139,Mega Kangaskhan ex
84922211,kidekikish,1,1,139,Chandelure
84922275,wally0593,0,1,193,Dudunsparce
84922275,Majkel1337,1,0,193,Dudunsparce
84922281,nasuo445,0,1,155,Cynthia's Garchomp ex
84922281,LiamK,1,0,155,Cornerstone Mask Ogerpon ex
84922282,Majkel1337,0,0,146,Marnie's Grimmsnarl ex
84922282,capbloo,1,1,146,Alakazam
84922283,Marshall Maximizer,0,1,128,Yveltal
84922283,Raihan Ramadistra,1,0,128,Mega Kangaskhan ex
84922286,Sota Uchiyama,0,1,150,Marnie's Grimmsnarl ex
84922286,nasuo445,1,0,150,Cynthia's Garchomp ex
84922287,渡邊征央,0,0,212,Marnie's Grimmsnarl ex
84922287,bono,1,1,212,Mega Kangaskhan ex
84922288,WinDecks,0,0,141,Mega Starmie ex
84922288,koga_poke,1,1,141,Yveltal
84922289,mitomeat823,0,0,145,Mega Lucario ex
84922289,Majkel1337,1,1,145,Marnie's Grimmsnarl ex
84922291,Yushin Ito,0,1,50,Mega Starmie ex
84922291,Dũng Đỗ,1,0,50,Mega Kangaskhan ex
84922293,THIRD PTCG Club,0,1,154,Fezandipiti ex
84922293,mitomeat823,1,0,154,Mega Lucario ex
84922294,Bozo Boys,0,1,192,Alakazam
84922294,Majkel1337,1,0,192,Marnie's Grimmsnarl ex
84922296,213tubo,0,1,134,Fezandipiti ex
84922296,やる気元気ミワハルキ,1,0,134,Mega Lucario ex
84922297,capbloo,0,0,138,Alakazam
84922297,于笑非lilishyxf,1,1,138,Mega Lucario ex
84922299,OsElCoUn,0,1,95,Fezandipiti ex
84922299,WinDecks,1,0,95,Mega Starmie ex
84922301,213tubo,0,1,93,Fezandipiti ex
84922301,LiamK,1,0,93,Teal Mask Ogerpon ex
84922302,wkonishi,0,0,194,Dudunsparce
84922302,OsElCoUn,1,1,194,Fezandipiti ex
84922312,OsElCoUn,0,0,160,Fezandipiti ex
84922312,XP3RiX,1,1,160,Dudunsparce
84922317,Rmy,0,0,20,Dudunsparce
84922317,MPGaming,1,1,20,Mega Kangaskhan ex
84922319,junlee789,0,1,139,Marnie's Grimmsnarl ex
84922319,zoroark190,1,0,139,Mega Kangaskhan ex
84922320,Ajishio,0,1,172,Alakazam
84922320,于笑非lilishyxf,1,0,172,Mega Lucario ex
84922321,ShumpeiNomura,0,1,190,Archaludon ex
84922321,Michael Long,1,0,190,Fezandipiti ex
84922322,Rmy,0,1,68,Dudunsparce
84922322,Dũng Đỗ,1,0,68,Mega Kangaskhan ex
84922324,Sota Uchiyama,0,1,205,Marnie's Grimmsnarl ex
84922324,LiamK,1,0,205,Cornerstone Mask Ogerpon ex
84922765,zoroark190,0,0,89,Mega Kangaskhan ex
84922765,Alberto Bonsanto,1,1,89,Mega Kangaskhan ex
84922769,NoOne,0,1,162,Dudunsparce
84922769,Bozo Boys,1,0,162,Alakazam
84922771,THIRD PTCG Club,0,1,116,Fezandipiti ex
84922771,kidekikish,1,0,116,Chandelure
84922815,Raihan Ramadistra,0,1,457,Mega Kangaskhan ex
84922815,Yushin Ito,1,0,457,Marnie's Grimmsnarl ex
84922819,Majkel1337,0,1,158,Dudunsparce
84922819,nasuo445,1,0,158,Cynthia's Garchomp ex
84922822,Yushin Ito,0,0,18,Mega Starmie ex
84922822,zoroark190,1,1,18,Mega Kangaskhan ex
84922823,nasuo445,0,0,168,Cynthia's Garchomp ex
84922823,Majkel1337,1,1,168,Dudunsparce
84922828,Raihan Ramadistra,0,0,122,Mega Kangaskhan ex
84922828,capbloo,1,1,122,Alakazam
84922830,aaa,0,0,145,Fezandipiti ex
84922830,MR.h,1,1,145,Crustle
84922831,Raihan Ramadistra,0,0,87,Mega Kangaskhan ex
84922831,ZETADIVISION,1,1,87,Dragapult ex
84922832,LiamK,0,0,112,Cornerstone Mask Ogerpon ex
84922832,ごんさくよねきち,1,1,112,Marnie's Grimmsnarl ex
84922833,bono,0,1,121,Mega Kangaskhan ex
84922833,LiamK,1,0,121,Cornerstone Mask Ogerpon ex
84922836,OsElCoUn,0,1,166,Fezandipiti ex
84922836,THIRD PTCG Club,1,0,166,Fezandipiti ex
84922838,kuromoka,0,1,102,Cynthia's Garchomp ex
84922838,WinDecks,1,0,102,Mega Starmie ex
84922844,ごんさくよねきち,0,1,99,Marnie's Grimmsnarl ex
84922844,ShumpeiNomura,1,0,99,Archaludon ex
84922845,WinDecks,0,1,134,Mega Starmie ex
84922845,Majkel1337,1,0,134,Marnie's Grimmsnarl ex
84922846,213tubo,0,1,286,Fezandipiti ex
84922846,wally0593,1,0,286,Dudunsparce
84922849,fujiborozoukin,0,0,147,Mega Lucario ex
84922849,于笑非lilishyxf,1,1,147,Mega Lucario ex
84922850,capbloo,0,0,41,Alakazam
84922850,iwashi,1,1,41,Marnie's Grimmsnarl ex
84922853,ごんさくよねきち,0,0,151,Marnie's Grimmsnarl ex
84922853,やる気元気ミワハルキ,1,1,151,Mega Lucario ex
84922857,Mykhailo Kalus,0,1,163,Marnie's Grimmsnarl ex
84922857,bono,1,0,163,Fezandipiti ex
84922858,ゆとり,0,1,196,Cornerstone Mask Ogerpon ex
84922858,kazuki0123,1,0,196,Marnie's Grimmsnarl ex
84922864,Dũng Đỗ,0,0,192,Mega Kangaskhan ex
84922864,ZETADIVISION,1,1,192,Dragapult ex
84922871,やる気元気ミワハルキ,0,0,121,Mega Lucario ex
84922871,Marshall Maximizer,1,1,121,Yveltal
84922877,渡邊征央,0,0,135,Marnie's Grimmsnarl ex
84922877,OsElCoUn,1,1,135,Fezandipiti ex
84922883,Yushin Ito,0,1,134,Mega Starmie ex
84922883,MPGaming,1,0,134,Mega Kangaskhan ex
84922894,Majkel1337,0,1,151,Marnie's Grimmsnarl ex
84922894,Rmy,1,0,151,Dudunsparce
84922895,kuromoka,0,1,121,Cynthia's Garchomp ex
84922895,WinDecks,1,0,121,Mega Starmie ex
84923289,MPGaming,0,0,130,Mega Kangaskhan ex
84923289,Alberto Bonsanto,1,1,130,Mega Kangaskhan ex
84923300,v0m0v,0,0,84,Crustle
84923300,NoOne,1,1,84,Dudunsparce
84923304,THIRD PTCG Club,0,0,180,Fezandipiti ex
84923304,Bozo Boys,1,1,180,Alakazam
84923334,Yushin Ito,0,0,146,Marnie's Grimmsnarl ex
84923334,Majkel1337,1,1,146,Dudunsparce
84923336,XP3RiX,0,0,87,Dudunsparce
84923336,Majkel1337,1,1,87,Dudunsparce
84923341,Majkel1337,0,1,64,Dudunsparce
84923341,Yushin Ito,1,0,64,Mega Starmie ex
84923344,nasuo445,0,1,244,Cynthia's Garchomp ex
84923344,Yushin Ito,1,0,244,Marnie's Grimmsnarl ex
84923349,capbloo,0,1,205,Alakazam
84923349,ゆとり,1,0,205,Cornerstone Mask Ogerpon ex
84923355,LiamK,0,1,126,Cornerstone Mask Ogerpon ex
84923355,aaa,1,0,126,Fezandipiti ex
84923357,Marshall Maximizer,0,0,91,Yveltal
84923357,bono,1,1,91,Mega Kangaskhan ex
84923358,于笑非lilishyxf,0,0,113,Mega Lucario ex
84923358,Raihan Ramadistra,1,1,113,Mega Kangaskhan ex
84923361,nasuo445,0,1,134,Cynthia's Garchomp ex
84923361,zoroark190,1,0,134,Mega Kangaskhan ex
84923365,Marshall Maximizer,0,1,99,Yveltal
84923365,THIRD PTCG Club,1,0,99,Fezandipiti ex
84923366,Mykhailo Kalus,0,0,175,Marnie's Grimmsnarl ex
84923366,wally0593,1,1,175,Dudunsparce
84923368,junlee789,0,1,207,Marnie's Grimmsnarl ex
84923368,213tubo,1,0,207,Fezandipiti ex
84923380,Michael Long,0,1,180,Fezandipiti ex
84923380,wkonishi,1,0,180,Dudunsparce
84923393,zoroark190,0,1,84,Mega Kangaskhan ex
84923393,Shardul Gharat,1,0,84,Marnie's Grimmsnarl ex
84923395,Mykhailo Kalus,0,0,139,Marnie's Grimmsnarl ex
84923395,Michael Long,1,1,139,Fezandipiti ex
84923404,Michael Long,0,1,141,Fezandipiti ex
84923404,Eduardo Rocha de Andrade,1,0,141,Marnie's Grimmsnarl ex
84923405,Rmy,0,1,164,Dudunsparce
84923405,wkonishi,1,0,164,Dudunsparce
84923410,やる気元気ミワハルキ,0,0,171,Mega Lucario ex
84923410,Bozo Boys,1,1,171,Alakazam
84923470,Shota Hirao,0,0,151,Marnie's Grimmsnarl ex
84923470,Alberto Bonsanto,1,1,151,Mega Kangaskhan ex
84923795,iwashi,0,0,188,Marnie's Grimmsnarl ex
84923795,Alberto Bonsanto,1,1,188,Mega Kangaskhan ex
84923806,Mykhailo Kalus,0,1,216,Marnie's Grimmsnarl ex
84923806,THIRD PTCG Club,1,0,216,Fezandipiti ex
84923833,213tubo,0,1,182,Fezandipiti ex
84923833,Majkel1337,1,0,182,Dudunsparce
84923838,nasuo445,0,0,162,Cynthia's Garchomp ex
84923838,Yushin Ito,1,1,162,Marnie's Grimmsnarl ex
84923842,Yushin Ito,0,0,77,Mega Starmie ex
84923842,213tubo,1,1,77,Fezandipiti ex
84923844,Raihan Ramadistra,0,1,113,Mega Kangaskhan ex
84923844,nasuo445,1,0,113,Cynthia's Garchomp ex
84923855,Michael Long,0,0,182,Fezandipiti ex
84923855,capbloo,1,1,182,Alakazam
84923862,wkonishi,0,1,163,Dudunsparce
84923862,aaa,1,0,163,Fezandipiti ex
84923863,mitomeat823,0,0,192,Mega Lucario ex
84923863,Raihan Ramadistra,1,1,192,Mega Kangaskhan ex
84923864,zoroark190,0,1,31,Mega Kangaskhan ex
84923864,LiamK,1,0,31,Cornerstone Mask Ogerpon ex
84923869,mitomeat823,0,1,135,Mega Lucario ex
84923869,zoroark190,1,0,135,Mega Kangaskhan ex
84923870,Yushin Ito,0,0,126,Mega Starmie ex
84923870,nasuo445,1,1,126,Cynthia's Garchomp ex
84923872,OsElCoUn,0,0,165,Fezandipiti ex
84923872,THIRD PTCG Club,1,1,165,Fezandipiti ex
84923873,Dũng Đỗ,0,0,142,Mega Kangaskhan ex
84923873,やる気元気ミワハルキ,1,1,142,Mega Lucario ex
84923874,WinDecks,0,0,55,Mega Starmie ex
84923874,ShumpeiNomura,1,1,55,Archaludon ex
84923882,Mykhailo Kalus,0,0,168,Marnie's Grimmsnarl ex
84923882,junlee789,1,1,168,Marnie's Grimmsnarl ex
84923883,Marshall Maximizer,0,0,137,Yveltal
84923883,MPGaming,1,1,137,Mega Kangaskhan ex
84923887,OsElCoUn,0,1,105,Fezandipiti ex
84923887,fujiborozoukin,1,0,105,Mega Lucario ex
84923891,ZETADIVISION,0,1,152,Dragapult ex
84923891,MPGaming,1,0,152,Mega Kangaskhan ex
84923893,ごんさくよねきち,0,0,121,Marnie's Grimmsnarl ex
84923893,zoroark190,1,1,121,Mega Kangaskhan ex
84923894,fujiborozoukin,0,1,173,Mega Lucario ex
84923894,Ajishio,1,0,173,Alakazam
84923895,于笑非lilishyxf,0,0,138,Mega Lucario ex
84923895,Michael Long,1,1,138,Fezandipiti ex
84923900,aaa,0,1,112,Fezandipiti ex
84923900,Sota Uchiyama,1,0,112,Marnie's Grimmsnarl ex
84923908,Marshall Maximizer,0,0,70,Yveltal
84923908,wkonishi,1,1,70,Dudunsparce
84924047,WinDecks,0,1,83,Mega Starmie ex
84924047,于笑非lilishyxf,1,0,83,Mega Lucario ex
84924341,THIRD PTCG Club,0,1,100,Fezandipiti ex
84924341,Alberto Bonsanto,1,0,100,Mega Kangaskhan ex
84924343,NoOne,0,0,174,Dudunsparce
84924343,Bata09,1,1,174,Cynthia's Garchomp ex
84924353,213tubo,0,1,173,Fezandipiti ex
84924353,THIRD PTCG Club,1,0,173,Fezandipiti ex
84924376,Majkel1337,0,1,145,Dudunsparce
84924376,zoroark190,1,0,145,Mega Kangaskhan ex
84924383,bono,0,0,115,Mega Kangaskhan ex
84924383,nasuo445,1,1,115,Cynthia's Garchomp ex
84924384,Yushin Ito,0,0,155,Marnie's Grimmsnarl ex
84924384,AdrianWang2003,1,1,155,Archaludon ex
84924387,Yushin Ito,0,1,130,Mega Starmie ex
84924387,Shardul Gharat,1,0,130,Marnie's Grimmsnarl ex
84924391,capbloo,0,1,124,Alakazam
84924391,渡邊征央,1,0,124,Marnie's Grimmsnarl ex
84924399,capbloo,0,0,190,Alakazam
84924399,LiamK,1,1,190,Cornerstone Mask Ogerpon ex
84924401,aaa,0,0,176,Fezandipiti ex
84924401,Majkel1337,1,1,176,Marnie's Grimmsnarl ex
84924405,mitomeat823,0,1,188,Mega Lucario ex
84924405,ZETADIVISION,1,0,188,Dragapult ex
84924409,Majkel1337,0,1,32,Marnie's Grimmsnarl ex
84924409,mitomeat823,1,0,32,Mega Lucario ex
84924415,ShumpeiNomura,0,1,118,Archaludon ex
84924415,Dũng Đỗ,1,0,118,Mega Kangaskhan ex
84924420,213tubo,0,0,194,Fezandipiti ex
84924420,Mykhailo Kalus,1,1,194,Marnie's Grimmsnarl ex
84924423,junlee789,0,0,159,Marnie's Grimmsnarl ex
84924423,mitomeat823,1,1,159,Mega Lucario ex
84924426,Michael Long,0,1,86,Fezandipiti ex
84924426,zoroark190,1,0,86,Mega Kangaskhan ex
84924430,THIRD PTCG Club,0,1,142,Fezandipiti ex
84924430,ZETADIVISION,1,0,142,Dragapult ex
84924434,WinDecks,0,1,124,Mega Starmie ex
84924434,MPGaming,1,0,124,Mega Kangaskhan ex
84924435,やる気元気ミワハルキ,0,0,89,Mega Lucario ex
84924435,Rmy,1,1,89,Dudunsparce
84924438,wally0593,0,0,142,Dudunsparce
84924438,Sota Uchiyama,1,1,142,Marnie's Grimmsnarl ex
84924448,Shardul Gharat,0,1,37,Marnie's Grimmsnarl ex
84924448,capbloo,1,0,37,Alakazam
84924467,Raihan Ramadistra,0,1,83,Mega Kangaskhan ex
84924467,Banjo,1,0,83,Mega Starmie ex
84924935,Yushin Ito,0,1,24,Mega Starmie ex
84924935,Alberto Bonsanto,1,0,24,Mega Kangaskhan ex
84924942,ShumpeiNomura,0,1,102,Archaludon ex
84924942,NoOne,1,0,102,Dudunsparce
84924974,Majkel1337,0,1,210,Dudunsparce
84924974,wkonishi,1,0,210,Dudunsparce
84924975,Majkel1337,0,1,163,Dudunsparce
84924975,Yushin Ito,1,0,163,Marnie's Grimmsnarl ex
84924978,ShumpeiNomura,0,1,137,Archaludon ex
84924978,nasuo445,1,0,137,Cynthia's Garchomp ex
84924979,Sota Uchiyama,0,0,151,Marnie's Grimmsnarl ex
84924979,Yushin Ito,1,1,151,Mega Starmie ex
84924981,capbloo,0,1,103,Alakazam
84924981,Dũng Đỗ,1,0,103,Mega Kangaskhan ex
84924986,junlee789,0,0,132,Marnie's Grimmsnarl ex
84924986,nasuo445,1,1,132,Cynthia's Garchomp ex
84924987,LiamK,0,1,126,Cornerstone Mask Ogerpon ex
84924987,THIRD PTCG Club,1,0,126,Fezandipiti ex
84924992,bono,0,1,215,Mega Kangaskhan ex
84924992,XP3RiX,1,0,215,Dudunsparce
84924995,Shardul Gharat,0,0,140,Marnie's Grimmsnarl ex
84924995,mitomeat823,1,1,140,Mega Lucario ex
84924997,THIRD PTCG Club,0,1,90,Fezandipiti ex
84924997,MPGaming,1,0,90,Mega Kangaskhan ex
84925007,Shardul Gharat,0,0,235,Marnie's Grimmsnarl ex
84925007,Mykhailo Kalus,1,1,235,Marnie's Grimmsnarl ex
84925009,213tubo,0,1,234,Fezandipiti ex
84925009,Rmy,1,0,234,Dudunsparce
84925012,渡邊征央,0,0,166,Marnie's Grimmsnarl ex
84925012,Dũng Đỗ,1,1,166,Mega Kangaskhan ex
84925018,WinDecks,0,0,88,Mega Starmie ex
84925018,Sota Uchiyama,1,1,88,Marnie's Grimmsnarl ex
84925025,wkonishi,0,0,18,Dudunsparce
84925025,mitomeat823,1,1,18,Mega Lucario ex
84925027,WinDecks,0,1,90,Mega Starmie ex
84925027,Marshall Maximizer,1,0,90,Yveltal
84925039,wally0593,0,1,140,Dudunsparce
84925039,mitomeat823,1,0,140,Mega Lucario ex
84925049,Sota Uchiyama,0,1,138,Marnie's Grimmsnarl ex
84925049,ZETADIVISION,1,0,138,Dragapult ex
84925051,Michael Long,0,1,144,Fezandipiti ex
84925051,ごんさくよねきち,1,0,144,Marnie's Grimmsnarl ex
84925071,Majkel1337,0,0,225,Marnie's Grimmsnarl ex
84925071,Shota Hirao,1,1,225,Marnie's Grimmsnarl ex
84925075,AdrianWang2003,0,0,84,Archaludon ex
84925075,ShumpeiNomura,1,1,84,Archaludon ex
84925078,koga_poke,0,1,127,Yveltal
84925078,THIRD PTCG Club,1,0,127,Fezandipiti ex
84925463,Alberto Bonsanto,0,0,64,Mega Kangaskhan ex
84925463,WinDecks,1,1,64,Mega Starmie ex
84925471,NoOne,0,1,38,Dudunsparce
84925471,MPGaming,1,0,38,Mega Kangaskhan ex
84925504,Yushin Ito,0,1,93,Mega Starmie ex
84925504,Majkel1337,1,0,93,Dudunsparce
84925505,nasuo445,0,0,139,Cynthia's Garchomp ex
84925505,THIRD PTCG Club,1,1,139,Fezandipiti ex
84925507,capbloo,0,1,123,Alakazam
84925507,mitomeat823,1,0,123,Mega Lucario ex
84925510,nasuo445,0,1,138,Cynthia's Garchomp ex
84925510,渡邊征央,1,0,138,Marnie's Grimmsnarl ex
84925511,Eduardo Rocha de Andrade,0,0,149,Marnie's Grimmsnarl ex
84925511,Raihan Ramadistra,1,1,149,Mega Kangaskhan ex
84925512,Team_Rocket,0,0,157,Fezandipiti ex
84925512,LiamK,1,1,157,Cornerstone Mask Ogerpon ex
84925514,bono,0,0,146,Mega Kangaskhan ex
84925514,nasuo445,1,1,146,Cynthia's Garchomp ex
84925515,Banjo,0,0,103,Mega Starmie ex
84925515,mitomeat823,1,1,103,Mega Lucario ex
84925518,213tubo,0,1,103,Fezandipiti ex
84925518,WinDecks,1,0,103,Mega Starmie ex
84925522,koga_poke,0,1,148,Yveltal
84925522,ShumpeiNomura,1,0,148,Archaludon ex
84925524,mitomeat823,0,0,101,Mega Lucario ex
84925524,Majkel1337,1,1,101,Marnie's Grimmsnarl ex
84925525,THIRD PTCG Club,0,1,210,Fezandipiti ex
84925525,aidy,1,0,210,Dudunsparce
84925527,Mykhailo Kalus,0,0,149,Marnie's Grimmsnarl ex
84925527,Raihan Ramadistra,1,1,149,Mega Kangaskhan ex
84925529,ごんさくよねきち,0,0,96,Marnie's Grimmsnarl ex
84925529,Michael Long,1,1,96,Fezandipiti ex
84925531,Sota Uchiyama,0,0,107,Marnie's Grimmsnarl ex
84925531,THIRD PTCG Club,1,1,107,Fezandipiti ex
84925534,213tubo,0,0,127,Fezandipiti ex
84925534,aaa,1,1,127,Fezandipiti ex
84925536,213tubo,0,1,69,Fezandipiti ex
84925536,zoroark190,1,0,69,Mega Kangaskhan ex
84925544,junlee789,0,1,80,Marnie's Grimmsnarl ex
84925544,wally0593,1,0,80,Dudunsparce
84925549,213tubo,0,1,204,Fezandipiti ex
84925549,wally0593,1,0,204,Dudunsparce
84925551,Dũng Đỗ,0,1,212,Mega Kangaskhan ex
84925551,fujiborozoukin,1,0,212,Mega Lucario ex
84925561,ごんさくよねきち,0,0,150,Marnie's Grimmsnarl ex
84925561,Michael Long,1,1,150,Fezandipiti ex
84925577,ShumpeiNomura,0,1,178,Archaludon ex
84925577,Ajishio,1,0,178,Alakazam
84925589,213tubo,0,0,205,Fezandipiti ex
84925589,Bata09,1,1,205,Cynthia's Garchomp ex
